[INFO] [2024-05-22 14:30:55,835] [django.utils.autoreload.py] [Watching for file changes with StatReloader]
[WARNING] [2024-05-22 14:31:01,304] [pharmacy_proj.custom_middleware.py] [Europe/Kirov time zone is activated]
[INFO] [2024-05-22 14:31:01,320] [pharmacy_app.views.py] [default_view is called]
[WARNING] [2024-05-22 14:31:01,383] [pharmacy_proj.custom_middleware.py] [Europe/Kirov time zone is activated]
[INFO] [2024-05-22 14:31:01,383] [pharmacy_app.views.py] [home_view is called]
[INFO] [2024-05-22 14:31:01,389] [pharmacy_app.views.py] [User is client or not authenticated]
[WARNING] [2024-05-22 14:31:01,535] [pharmacy_proj.custom_middleware.py] [Europe/Kirov time zone is activated]
[WARNING] [2024-05-22 14:31:01,967] [pharmacy_proj.custom_middleware.py] [Europe/Kirov time zone is activated]
[WARNING] [2024-05-22 14:31:02,243] [django.request.py] [Not Found: /favicon.ico]
[WARNING] [2024-05-22 14:31:07,533] [pharmacy_proj.custom_middleware.py] [Europe/Kirov time zone is activated]
[INFO] [2024-05-22 14:31:07,533] [pharmacy_app.views.py] [home_view is called]
[INFO] [2024-05-22 14:31:07,539] [pharmacy_app.views.py] [User is client or not authenticated]
[WARNING] [2024-05-22 14:31:09,177] [pharmacy_proj.custom_middleware.py] [Europe/Kirov time zone is activated]
[INFO] [2024-05-22 14:31:09,177] [pharmacy_app.views.py] [info_view is called]
[WARNING] [2024-05-22 14:31:09,180] [pharmacy_app.views.py] [No company info in database]
[WARNING] [2024-05-22 14:31:10,667] [pharmacy_proj.custom_middleware.py] [Europe/Kirov time zone is activated]
[INFO] [2024-05-22 14:31:10,667] [pharmacy_app.views.py] [shop_view is called]
[INFO] [2024-05-22 14:31:10,674] [pharmacy_app.views.py] [Form is valid]
[WARNING] [2024-05-22 14:31:10,917] [pharmacy_proj.custom_middleware.py] [Europe/Kirov time zone is activated]
[WARNING] [2024-05-22 14:31:19,102] [pharmacy_proj.custom_middleware.py] [Europe/Kirov time zone is activated]
[INFO] [2024-05-22 14:31:19,104] [pharmacy_app.views.py] [shop_order_view is called]
[WARNING] [2024-05-22 14:31:25,736] [pharmacy_proj.custom_middleware.py] [Europe/Kirov time zone is activated]
[INFO] [2024-05-22 14:31:25,736] [pharmacy_app.views.py] [questions_view is called]
[WARNING] [2024-05-22 14:31:27,141] [pharmacy_proj.custom_middleware.py] [Europe/Kirov time zone is activated]
[INFO] [2024-05-22 14:31:27,142] [pharmacy_app.views.py] [contacts_view is called]
[WARNING] [2024-05-22 14:31:27,254] [pharmacy_proj.custom_middleware.py] [Europe/Kirov time zone is activated]
[WARNING] [2024-05-22 14:31:30,509] [pharmacy_proj.custom_middleware.py] [Europe/Kirov time zone is activated]
[INFO] [2024-05-22 14:31:30,509] [pharmacy_app.views.py] [policy_view is called]
[WARNING] [2024-05-22 14:31:36,032] [pharmacy_proj.custom_middleware.py] [Europe/Kirov time zone is activated]
[INFO] [2024-05-22 14:31:36,033] [pharmacy_app.views.py] [vacancies_view is called]
[WARNING] [2024-05-22 14:31:38,050] [pharmacy_proj.custom_middleware.py] [Europe/Kirov time zone is activated]
[INFO] [2024-05-22 14:31:38,050] [pharmacy_app.views.py] [reviews_view is called]
[WARNING] [2024-05-22 14:31:40,115] [pharmacy_proj.custom_middleware.py] [Europe/Kirov time zone is activated]
[INFO] [2024-05-22 14:31:40,115] [pharmacy_app.views.py] [review_create_view is called]
[WARNING] [2024-05-22 14:31:46,088] [pharmacy_proj.custom_middleware.py] [Europe/Kirov time zone is activated]
[INFO] [2024-05-22 14:31:46,088] [pharmacy_app.views.py] [review_create_view is called]
[INFO] [2024-05-22 14:31:46,088] [pharmacy_app.views.py] [Form is valid]
[WARNING] [2024-05-22 14:31:46,133] [pharmacy_proj.custom_middleware.py] [Europe/Kirov time zone is activated]
[INFO] [2024-05-22 14:31:46,134] [pharmacy_app.views.py] [reviews_view is called]
[WARNING] [2024-05-22 14:31:54,688] [pharmacy_proj.custom_middleware.py] [Europe/Kirov time zone is activated]
[INFO] [2024-05-22 14:31:54,690] [pharmacy_app.views.py] [user_view is called]
[INFO] [2024-05-22 14:31:54,692] [pharmacy_app.views.py] [User is client]
[WARNING] [2024-05-22 14:32:15,066] [pharmacy_proj.custom_middleware.py] [Europe/Kirov time zone is activated]
[INFO] [2024-05-22 14:32:15,067] [pharmacy_app.views.py] [activity_api_view is called]
[ERROR] [2024-05-22 14:32:15,386] [django.request.py] [Internal Server Error: /activity/]
Traceback (most recent call last):
  File "C:\253501_LYAMTSEV_14\IGI\LR5\.venv\Lib\site-packages\urllib3\connection.py", line 198, in _new_conn
    sock = connection.create_connection(
           ^^^^^^^^^^^^^^^^^^^^^^^^^^^^^
  File "C:\253501_LYAMTSEV_14\IGI\LR5\.venv\Lib\site-packages\urllib3\util\connection.py", line 60, in create_connection
    for res in socket.getaddrinfo(host, port, family, socket.SOCK_STREAM):
               ^^^^^^^^^^^^^^^^^^^^^^^^^^^^^^^^^^^^^^^^^^^^^^^^^^^^^^^^^^
  File "C:\Users\zhora\AppData\Local\Programs\Python\Python311\Lib\socket.py", line 962, in getaddrinfo
    for res in _socket.getaddrinfo(host, port, family, type, proto, flags):
               ^^^^^^^^^^^^^^^^^^^^^^^^^^^^^^^^^^^^^^^^^^^^^^^^^^^^^^^^^^^
socket.gaierror: [Errno 11001] getaddrinfo failed

The above exception was the direct cause of the following exception:

Traceback (most recent call last):
  File "C:\253501_LYAMTSEV_14\IGI\LR5\.venv\Lib\site-packages\urllib3\connectionpool.py", line 793, in urlopen
    response = self._make_request(
               ^^^^^^^^^^^^^^^^^^^
  File "C:\253501_LYAMTSEV_14\IGI\LR5\.venv\Lib\site-packages\urllib3\connectionpool.py", line 491, in _make_request
    raise new_e
  File "C:\253501_LYAMTSEV_14\IGI\LR5\.venv\Lib\site-packages\urllib3\connectionpool.py", line 467, in _make_request
    self._validate_conn(conn)
  File "C:\253501_LYAMTSEV_14\IGI\LR5\.venv\Lib\site-packages\urllib3\connectionpool.py", line 1099, in _validate_conn
    conn.connect()
  File "C:\253501_LYAMTSEV_14\IGI\LR5\.venv\Lib\site-packages\urllib3\connection.py", line 616, in connect
    self.sock = sock = self._new_conn()
                       ^^^^^^^^^^^^^^^^
  File "C:\253501_LYAMTSEV_14\IGI\LR5\.venv\Lib\site-packages\urllib3\connection.py", line 205, in _new_conn
    raise NameResolutionError(self.host, self, e) from e
urllib3.exceptions.NameResolutionError: <urllib3.connection.HTTPSConnection object at 0x000001F86796A4D0>: Failed to resolve 'www.boredapi.com' ([Errno 11001] getaddrinfo failed)

The above exception was the direct cause of the following exception:

Traceback (most recent call last):
  File "C:\253501_LYAMTSEV_14\IGI\LR5\.venv\Lib\site-packages\requests\adapters.py", line 486, in send
    resp = conn.urlopen(
           ^^^^^^^^^^^^^
  File "C:\253501_LYAMTSEV_14\IGI\LR5\.venv\Lib\site-packages\urllib3\connectionpool.py", line 847, in urlopen
    retries = retries.increment(
              ^^^^^^^^^^^^^^^^^^
  File "C:\253501_LYAMTSEV_14\IGI\LR5\.venv\Lib\site-packages\urllib3\util\retry.py", line 515, in increment
    raise MaxRetryError(_pool, url, reason) from reason  # type: ignore[arg-type]
    ^^^^^^^^^^^^^^^^^^^^^^^^^^^^^^^^^^^^^^^^^^^^^^^^^^^
urllib3.exceptions.MaxRetryError: HTTPSConnectionPool(host='www.boredapi.com', port=443): Max retries exceeded with url: /api/activity (Caused by NameResolutionError("<urllib3.connection.HTTPSConnection object at 0x000001F86796A4D0>: Failed to resolve 'www.boredapi.com' ([Errno 11001] getaddrinfo failed)"))

During handling of the above exception, another exception occurred:

Traceback (most recent call last):
  File "C:\253501_LYAMTSEV_14\IGI\LR5\.venv\Lib\site-packages\django\core\handlers\exception.py", line 55, in inner
    response = get_response(request)
               ^^^^^^^^^^^^^^^^^^^^^
  File "C:\253501_LYAMTSEV_14\IGI\LR5\.venv\Lib\site-packages\django\core\handlers\base.py", line 197, in _get_response
    response = wrapped_callback(request, *callback_args, **callback_kwargs)
               ^^^^^^^^^^^^^^^^^^^^^^^^^^^^^^^^^^^^^^^^^^^^^^^^^^^^^^^^^^^^
  File "C:\253501_LYAMTSEV_14\IGI\LR5\.venv\Lib\site-packages\django\contrib\auth\decorators.py", line 23, in _wrapper_view
    return view_func(request, *args, **kwargs)
           ^^^^^^^^^^^^^^^^^^^^^^^^^^^^^^^^^^^
  File "C:\253501_LYAMTSEV_14\IGI\LR5\pharmacy_proj\pharmacy_app\views.py", line 312, in activity_api_view
    activity = requests.get(api_url).json()['activity']
               ^^^^^^^^^^^^^^^^^^^^^
  File "C:\253501_LYAMTSEV_14\IGI\LR5\.venv\Lib\site-packages\requests\api.py", line 73, in get
    return request("get", url, params=params, **kwargs)
           ^^^^^^^^^^^^^^^^^^^^^^^^^^^^^^^^^^^^^^^^^^^^
  File "C:\253501_LYAMTSEV_14\IGI\LR5\.venv\Lib\site-packages\requests\api.py", line 59, in request
    return session.request(method=method, url=url, **kwargs)
           ^^^^^^^^^^^^^^^^^^^^^^^^^^^^^^^^^^^^^^^^^^^^^^^^^
  File "C:\253501_LYAMTSEV_14\IGI\LR5\.venv\Lib\site-packages\requests\sessions.py", line 589, in request
    resp = self.send(prep, **send_kwargs)
           ^^^^^^^^^^^^^^^^^^^^^^^^^^^^^^
  File "C:\253501_LYAMTSEV_14\IGI\LR5\.venv\Lib\site-packages\requests\sessions.py", line 703, in send
    r = adapter.send(request, **kwargs)
        ^^^^^^^^^^^^^^^^^^^^^^^^^^^^^^^
  File "C:\253501_LYAMTSEV_14\IGI\LR5\.venv\Lib\site-packages\requests\adapters.py", line 519, in send
    raise ConnectionError(e, request=request)
requests.exceptions.ConnectionError: HTTPSConnectionPool(host='www.boredapi.com', port=443): Max retries exceeded with url: /api/activity (Caused by NameResolutionError("<urllib3.connection.HTTPSConnection object at 0x000001F86796A4D0>: Failed to resolve 'www.boredapi.com' ([Errno 11001] getaddrinfo failed)"))
[WARNING] [2024-05-22 14:32:21,416] [pharmacy_proj.custom_middleware.py] [Europe/Kirov time zone is activated]
[INFO] [2024-05-22 14:32:21,417] [pharmacy_app.views.py] [cat_fact_api_view is called]
[ERROR] [2024-05-22 14:32:21,500] [django.request.py] [Internal Server Error: /cat/]
Traceback (most recent call last):
  File "C:\253501_LYAMTSEV_14\IGI\LR5\.venv\Lib\site-packages\urllib3\connection.py", line 198, in _new_conn
    sock = connection.create_connection(
           ^^^^^^^^^^^^^^^^^^^^^^^^^^^^^
  File "C:\253501_LYAMTSEV_14\IGI\LR5\.venv\Lib\site-packages\urllib3\util\connection.py", line 60, in create_connection
    for res in socket.getaddrinfo(host, port, family, socket.SOCK_STREAM):
               ^^^^^^^^^^^^^^^^^^^^^^^^^^^^^^^^^^^^^^^^^^^^^^^^^^^^^^^^^^
  File "C:\Users\zhora\AppData\Local\Programs\Python\Python311\Lib\socket.py", line 962, in getaddrinfo
    for res in _socket.getaddrinfo(host, port, family, type, proto, flags):
               ^^^^^^^^^^^^^^^^^^^^^^^^^^^^^^^^^^^^^^^^^^^^^^^^^^^^^^^^^^^
socket.gaierror: [Errno 11001] getaddrinfo failed

The above exception was the direct cause of the following exception:

Traceback (most recent call last):
  File "C:\253501_LYAMTSEV_14\IGI\LR5\.venv\Lib\site-packages\urllib3\connectionpool.py", line 793, in urlopen
    response = self._make_request(
               ^^^^^^^^^^^^^^^^^^^
  File "C:\253501_LYAMTSEV_14\IGI\LR5\.venv\Lib\site-packages\urllib3\connectionpool.py", line 491, in _make_request
    raise new_e
  File "C:\253501_LYAMTSEV_14\IGI\LR5\.venv\Lib\site-packages\urllib3\connectionpool.py", line 467, in _make_request
    self._validate_conn(conn)
  File "C:\253501_LYAMTSEV_14\IGI\LR5\.venv\Lib\site-packages\urllib3\connectionpool.py", line 1099, in _validate_conn
    conn.connect()
  File "C:\253501_LYAMTSEV_14\IGI\LR5\.venv\Lib\site-packages\urllib3\connection.py", line 616, in connect
    self.sock = sock = self._new_conn()
                       ^^^^^^^^^^^^^^^^
  File "C:\253501_LYAMTSEV_14\IGI\LR5\.venv\Lib\site-packages\urllib3\connection.py", line 205, in _new_conn
    raise NameResolutionError(self.host, self, e) from e
urllib3.exceptions.NameResolutionError: <urllib3.connection.HTTPSConnection object at 0x000001F8678F5A50>: Failed to resolve 'catfact.ninja' ([Errno 11001] getaddrinfo failed)

The above exception was the direct cause of the following exception:

Traceback (most recent call last):
  File "C:\253501_LYAMTSEV_14\IGI\LR5\.venv\Lib\site-packages\requests\adapters.py", line 486, in send
    resp = conn.urlopen(
           ^^^^^^^^^^^^^
  File "C:\253501_LYAMTSEV_14\IGI\LR5\.venv\Lib\site-packages\urllib3\connectionpool.py", line 847, in urlopen
    retries = retries.increment(
              ^^^^^^^^^^^^^^^^^^
  File "C:\253501_LYAMTSEV_14\IGI\LR5\.venv\Lib\site-packages\urllib3\util\retry.py", line 515, in increment
    raise MaxRetryError(_pool, url, reason) from reason  # type: ignore[arg-type]
    ^^^^^^^^^^^^^^^^^^^^^^^^^^^^^^^^^^^^^^^^^^^^^^^^^^^
urllib3.exceptions.MaxRetryError: HTTPSConnectionPool(host='catfact.ninja', port=443): Max retries exceeded with url: /fact (Caused by NameResolutionError("<urllib3.connection.HTTPSConnection object at 0x000001F8678F5A50>: Failed to resolve 'catfact.ninja' ([Errno 11001] getaddrinfo failed)"))

During handling of the above exception, another exception occurred:

Traceback (most recent call last):
  File "C:\253501_LYAMTSEV_14\IGI\LR5\.venv\Lib\site-packages\django\core\handlers\exception.py", line 55, in inner
    response = get_response(request)
               ^^^^^^^^^^^^^^^^^^^^^
  File "C:\253501_LYAMTSEV_14\IGI\LR5\.venv\Lib\site-packages\django\core\handlers\base.py", line 197, in _get_response
    response = wrapped_callback(request, *callback_args, **callback_kwargs)
               ^^^^^^^^^^^^^^^^^^^^^^^^^^^^^^^^^^^^^^^^^^^^^^^^^^^^^^^^^^^^
  File "C:\253501_LYAMTSEV_14\IGI\LR5\.venv\Lib\site-packages\django\contrib\auth\decorators.py", line 23, in _wrapper_view
    return view_func(request, *args, **kwargs)
           ^^^^^^^^^^^^^^^^^^^^^^^^^^^^^^^^^^^
  File "C:\253501_LYAMTSEV_14\IGI\LR5\pharmacy_proj\pharmacy_app\views.py", line 304, in cat_fact_api_view
    fact = requests.get(api_url).json()['fact']
           ^^^^^^^^^^^^^^^^^^^^^
  File "C:\253501_LYAMTSEV_14\IGI\LR5\.venv\Lib\site-packages\requests\api.py", line 73, in get
    return request("get", url, params=params, **kwargs)
           ^^^^^^^^^^^^^^^^^^^^^^^^^^^^^^^^^^^^^^^^^^^^
  File "C:\253501_LYAMTSEV_14\IGI\LR5\.venv\Lib\site-packages\requests\api.py", line 59, in request
    return session.request(method=method, url=url, **kwargs)
           ^^^^^^^^^^^^^^^^^^^^^^^^^^^^^^^^^^^^^^^^^^^^^^^^^
  File "C:\253501_LYAMTSEV_14\IGI\LR5\.venv\Lib\site-packages\requests\sessions.py", line 589, in request
    resp = self.send(prep, **send_kwargs)
           ^^^^^^^^^^^^^^^^^^^^^^^^^^^^^^
  File "C:\253501_LYAMTSEV_14\IGI\LR5\.venv\Lib\site-packages\requests\sessions.py", line 703, in send
    r = adapter.send(request, **kwargs)
        ^^^^^^^^^^^^^^^^^^^^^^^^^^^^^^^
  File "C:\253501_LYAMTSEV_14\IGI\LR5\.venv\Lib\site-packages\requests\adapters.py", line 519, in send
    raise ConnectionError(e, request=request)
requests.exceptions.ConnectionError: HTTPSConnectionPool(host='catfact.ninja', port=443): Max retries exceeded with url: /fact (Caused by NameResolutionError("<urllib3.connection.HTTPSConnection object at 0x000001F8678F5A50>: Failed to resolve 'catfact.ninja' ([Errno 11001] getaddrinfo failed)"))
[WARNING] [2024-05-22 14:32:26,831] [pharmacy_proj.custom_middleware.py] [Europe/Kirov time zone is activated]
[INFO] [2024-05-22 14:32:26,833] [pharmacy_app.views.py] [home_view is called]
[INFO] [2024-05-22 14:32:26,834] [pharmacy_app.views.py] [User is client or not authenticated]
[WARNING] [2024-05-22 14:32:28,780] [pharmacy_proj.custom_middleware.py] [Europe/Kirov time zone is activated]
[INFO] [2024-05-22 14:32:28,782] [pharmacy_app.views.py] [shop_order_view is called]
[WARNING] [2024-05-22 14:32:33,684] [pharmacy_proj.custom_middleware.py] [Europe/Kirov time zone is activated]
[INFO] [2024-05-22 14:32:33,691] [pharmacy_app.views.py] [time_view is called]
[WARNING] [2024-05-22 14:32:39,335] [pharmacy_proj.custom_middleware.py] [Europe/Kirov time zone is activated]
[INFO] [2024-05-22 14:32:39,337] [pharmacy_app.views.py] [time_view is called]
[INFO] [2024-05-22 14:32:39,337] [pharmacy_app.views.py] [User is authenticated]
[INFO] [2024-05-22 14:32:39,339] [pharmacy_app.views.py] [User is client]
[WARNING] [2024-05-22 14:32:45,318] [pharmacy_proj.custom_middleware.py] [America/Cayenne time zone is activated]
[INFO] [2024-05-22 14:32:45,318] [pharmacy_app.views.py] [time_view is called]
[INFO] [2024-05-22 14:32:45,321] [pharmacy_app.views.py] [User is authenticated]
[INFO] [2024-05-22 14:32:45,322] [pharmacy_app.views.py] [User is client]
[WARNING] [2024-05-22 14:32:48,139] [pharmacy_proj.custom_middleware.py] [Australia/Hobart time zone is activated]
[INFO] [2024-05-22 14:32:48,140] [pharmacy_app.views.py] [policy_view is called]
[WARNING] [2024-05-22 14:32:50,182] [pharmacy_proj.custom_middleware.py] [Australia/Hobart time zone is activated]
[INFO] [2024-05-22 14:32:50,182] [pharmacy_app.views.py] [reviews_view is called]
[WARNING] [2024-05-22 14:32:53,627] [pharmacy_proj.custom_middleware.py] [Australia/Hobart time zone is activated]
[INFO] [2024-05-22 14:32:53,627] [pharmacy_app.views.py] [logout_view is called]
[WARNING] [2024-05-22 14:32:53,651] [pharmacy_proj.custom_middleware.py] [Time zone set to default]
[INFO] [2024-05-22 14:32:53,651] [pharmacy_app.views.py] [login_view is called]
[WARNING] [2024-05-22 14:32:56,861] [pharmacy_proj.custom_middleware.py] [Time zone set to default]
[INFO] [2024-05-22 14:32:56,862] [pharmacy_app.views.py] [home_view is called]
[INFO] [2024-05-22 14:32:56,863] [pharmacy_app.views.py] [User is client or not authenticated]
[WARNING] [2024-05-22 14:32:58,871] [pharmacy_proj.custom_middleware.py] [Time zone set to default]
[WARNING] [2024-05-22 14:32:58,898] [pharmacy_proj.custom_middleware.py] [Time zone set to default]
[INFO] [2024-05-22 14:32:58,900] [pharmacy_app.views.py] [login_view is called]
[WARNING] [2024-05-22 14:33:09,787] [pharmacy_proj.custom_middleware.py] [Time zone set to default]
[INFO] [2024-05-22 14:33:09,787] [pharmacy_app.views.py] [login_view is called]
[INFO] [2024-05-22 14:33:10,578] [pharmacy_app.views.py] [Form is valid]
[WARNING] [2024-05-22 14:33:11,357] [pharmacy_proj.custom_middleware.py] [Time zone set to default]
[INFO] [2024-05-22 14:33:11,357] [pharmacy_app.views.py] [home_view is called]
[WARNING] [2024-05-22 14:33:11,457] [pharmacy_proj.custom_middleware.py] [Time zone set to default]
[WARNING] [2024-05-22 14:33:11,487] [django.security.csrf.py] [Forbidden (CSRF token from POST incorrect.): /login/]
[WARNING] [2024-05-22 14:33:15,224] [pharmacy_proj.custom_middleware.py] [Time zone set to default]
[INFO] [2024-05-22 14:33:15,225] [pharmacy_app.views.py] [login_view is called]
[WARNING] [2024-05-22 14:33:15,225] [pharmacy_app.views.py] [User is already authenticated]
[WARNING] [2024-05-22 14:33:15,260] [pharmacy_proj.custom_middleware.py] [Time zone set to default]
[INFO] [2024-05-22 14:33:15,261] [pharmacy_app.views.py] [home_view is called]
[WARNING] [2024-05-22 14:33:15,755] [pharmacy_proj.custom_middleware.py] [Time zone set to default]
[WARNING] [2024-05-22 14:33:26,470] [pharmacy_proj.custom_middleware.py] [Time zone set to default]
[INFO] [2024-05-22 14:33:26,472] [pharmacy_app.views.py] [reviews_view is called]
[WARNING] [2024-05-22 14:33:27,831] [pharmacy_proj.custom_middleware.py] [Time zone set to default]
[INFO] [2024-05-22 14:33:27,835] [pharmacy_app.views.py] [review_create_view is called]
[WARNING] [2024-05-22 14:33:42,035] [pharmacy_proj.custom_middleware.py] [Time zone set to default]
[INFO] [2024-05-22 14:33:42,035] [pharmacy_app.views.py] [review_create_view is called]
[INFO] [2024-05-22 14:33:42,035] [pharmacy_app.views.py] [Form is valid]
[WARNING] [2024-05-22 14:33:42,076] [pharmacy_proj.custom_middleware.py] [Time zone set to default]
[INFO] [2024-05-22 14:33:42,079] [pharmacy_app.views.py] [reviews_view is called]
[WARNING] [2024-05-22 14:33:46,859] [pharmacy_proj.custom_middleware.py] [Time zone set to default]
[INFO] [2024-05-22 14:33:46,860] [pharmacy_app.views.py] [user_view is called]
[WARNING] [2024-05-22 14:33:46,904] [pharmacy_proj.custom_middleware.py] [Time zone set to default]
[WARNING] [2024-05-22 14:33:46,950] [pharmacy_proj.custom_middleware.py] [Time zone set to default]
[WARNING] [2024-05-22 14:33:54,017] [pharmacy_proj.custom_middleware.py] [Time zone set to default]
[INFO] [2024-05-22 14:33:54,024] [pharmacy_app.views.py] [vacancies_view is called]
[WARNING] [2024-05-22 14:33:57,374] [pharmacy_proj.custom_middleware.py] [Time zone set to default]
[INFO] [2024-05-22 14:33:57,375] [pharmacy_app.views.py] [contacts_view is called]
[WARNING] [2024-05-22 14:33:57,459] [pharmacy_proj.custom_middleware.py] [Time zone set to default]
[WARNING] [2024-05-22 14:33:58,783] [pharmacy_proj.custom_middleware.py] [Time zone set to default]
[INFO] [2024-05-22 14:33:58,783] [pharmacy_app.views.py] [questions_view is called]
[WARNING] [2024-05-22 14:34:06,723] [pharmacy_proj.custom_middleware.py] [Time zone set to default]
[INFO] [2024-05-22 14:34:06,726] [pharmacy_app.views.py] [promo_view is called]
[INFO] [2024-05-26 15:16:51,489] [django.utils.autoreload.py] [Watching for file changes with StatReloader]
[INFO] [2024-05-26 15:17:39,501] [django.utils.autoreload.py] [Watching for file changes with StatReloader]
[WARNING] [2024-05-26 15:17:43,622] [pharmacy_proj.custom_middleware.py] [Time zone set to default]
[INFO] [2024-05-26 15:17:43,623] [pharmacy_app.views.py] [default_view is called]
[WARNING] [2024-05-26 15:17:43,635] [pharmacy_proj.custom_middleware.py] [Time zone set to default]
[INFO] [2024-05-26 15:17:43,635] [pharmacy_app.views.py] [home_view is called]
[INFO] [2024-05-26 15:17:43,636] [pharmacy_app.views.py] [User is client or not authenticated]
[ERROR] [2024-05-26 15:17:43,828] [django.request.py] [Internal Server Error: /home/]
Traceback (most recent call last):
  File "C:\253501_LYAMTSEV_14\IGI\LR5\.venv\Lib\site-packages\django\core\handlers\exception.py", line 55, in inner
    response = get_response(request)
               ^^^^^^^^^^^^^^^^^^^^^
  File "C:\253501_LYAMTSEV_14\IGI\LR5\.venv\Lib\site-packages\django\core\handlers\base.py", line 197, in _get_response
    response = wrapped_callback(request, *callback_args, **callback_kwargs)
               ^^^^^^^^^^^^^^^^^^^^^^^^^^^^^^^^^^^^^^^^^^^^^^^^^^^^^^^^^^^^
  File "C:\253501_LYAMTSEV_14\IGI\LR5\pharmacy_proj\pharmacy_app\views.py", line 265, in home_view
    medication = Medication.objects.latest('cost')
                 ^^^^^^^^^^^^^^^^^^^^^^^^^^^^^^^^^
  File "C:\253501_LYAMTSEV_14\IGI\LR5\.venv\Lib\site-packages\django\db\models\manager.py", line 87, in manager_method
    return getattr(self.get_queryset(), name)(*args, **kwargs)
           ^^^^^^^^^^^^^^^^^^^^^^^^^^^^^^^^^^^^^^^^^^^^^^^^^^^
  File "C:\253501_LYAMTSEV_14\IGI\LR5\.venv\Lib\site-packages\django\db\models\query.py", line 1085, in latest
    return self.reverse()._earliest(*fields)
           ^^^^^^^^^^^^^^^^^^^^^^^^^^^^^^^^^
  File "C:\253501_LYAMTSEV_14\IGI\LR5\.venv\Lib\site-packages\django\db\models\query.py", line 1068, in _earliest
    return obj.get()
           ^^^^^^^^^
  File "C:\253501_LYAMTSEV_14\IGI\LR5\.venv\Lib\site-packages\django\db\models\query.py", line 649, in get
    raise self.model.DoesNotExist(
pharmacy_app.models.Medication.DoesNotExist: Medication matching query does not exist.
[WARNING] [2024-05-26 15:17:44,159] [pharmacy_proj.custom_middleware.py] [Time zone set to default]
[WARNING] [2024-05-26 15:17:44,167] [django.request.py] [Not Found: /favicon.ico]
[INFO] [2024-05-26 15:20:35,919] [django.utils.autoreload.py] [C:\253501_LYAMTSEV_14\IGI\LR5\pharmacy_proj\pharmacy_app\views.py changed, reloading.]
[INFO] [2024-05-26 15:20:36,571] [django.utils.autoreload.py] [Watching for file changes with StatReloader]
[INFO] [2024-05-26 15:21:31,563] [django.utils.autoreload.py] [Watching for file changes with StatReloader]
[WARNING] [2024-05-26 15:21:33,096] [pharmacy_proj.custom_middleware.py] [Time zone set to default]
[INFO] [2024-05-26 15:21:33,097] [pharmacy_app.views.py] [default_view is called]
[WARNING] [2024-05-26 15:21:33,110] [pharmacy_proj.custom_middleware.py] [Time zone set to default]
[INFO] [2024-05-26 15:21:33,110] [pharmacy_app.views.py] [home_view is called]
[INFO] [2024-05-26 15:21:33,110] [pharmacy_app.views.py] [User is client or not authenticated]
[WARNING] [2024-05-26 15:21:36,227] [pharmacy_proj.custom_middleware.py] [Time zone set to default]
[WARNING] [2024-05-26 15:21:36,235] [pharmacy_proj.custom_middleware.py] [Time zone set to default]
[INFO] [2024-05-26 15:21:36,235] [pharmacy_app.views.py] [login_view is called]
[WARNING] [2024-05-26 15:21:37,367] [pharmacy_proj.custom_middleware.py] [Time zone set to default]
[WARNING] [2024-05-26 15:21:37,372] [pharmacy_proj.custom_middleware.py] [Time zone set to default]
[INFO] [2024-05-26 15:21:37,372] [pharmacy_app.views.py] [login_view is called]
[INFO] [2024-05-26 15:22:11,893] [django.utils.autoreload.py] [Watching for file changes with StatReloader]
[WARNING] [2024-05-26 15:22:13,505] [pharmacy_proj.custom_middleware.py] [Time zone set to default]
[INFO] [2024-05-26 15:22:13,505] [pharmacy_app.views.py] [default_view is called]
[WARNING] [2024-05-26 15:22:13,518] [pharmacy_proj.custom_middleware.py] [Time zone set to default]
[INFO] [2024-05-26 15:22:13,520] [pharmacy_app.views.py] [home_view is called]
[INFO] [2024-05-26 15:22:13,520] [pharmacy_app.views.py] [User is client or not authenticated]
[WARNING] [2024-05-26 15:22:15,885] [pharmacy_proj.custom_middleware.py] [Time zone set to default]
[INFO] [2024-05-26 15:22:15,885] [pharmacy_app.views.py] [login_view is called]
[WARNING] [2024-05-26 15:22:20,175] [pharmacy_proj.custom_middleware.py] [Time zone set to default]
[INFO] [2024-05-26 15:22:20,175] [pharmacy_app.views.py] [login_view is called]
[INFO] [2024-05-26 15:22:20,495] [pharmacy_app.views.py] [Form is valid]
[WARNING] [2024-05-26 15:22:20,807] [pharmacy_proj.custom_middleware.py] [Time zone set to default]
[INFO] [2024-05-26 15:22:20,807] [pharmacy_app.views.py] [home_view is called]
[WARNING] [2024-05-26 15:22:22,520] [pharmacy_proj.custom_middleware.py] [Time zone set to default]
[INFO] [2024-05-26 15:22:22,520] [pharmacy_app.views.py] [user_view is called]
[WARNING] [2024-05-26 15:22:22,535] [pharmacy_proj.custom_middleware.py] [Time zone set to default]
[WARNING] [2024-05-26 15:22:22,560] [pharmacy_proj.custom_middleware.py] [Time zone set to default]
[WARNING] [2024-05-26 15:22:25,799] [pharmacy_proj.custom_middleware.py] [Time zone set to default]
[WARNING] [2024-05-26 15:22:25,913] [pharmacy_proj.custom_middleware.py] [Time zone set to default]
[WARNING] [2024-05-26 15:22:29,901] [pharmacy_proj.custom_middleware.py] [Time zone set to default]
[WARNING] [2024-05-26 15:22:29,981] [pharmacy_proj.custom_middleware.py] [Time zone set to default]
[WARNING] [2024-05-26 15:22:42,064] [pharmacy_proj.custom_middleware.py] [Time zone set to default]
[WARNING] [2024-05-26 15:22:42,098] [pharmacy_proj.custom_middleware.py] [Time zone set to default]
[WARNING] [2024-05-26 15:22:46,050] [pharmacy_proj.custom_middleware.py] [Time zone set to default]
[WARNING] [2024-05-26 15:22:46,071] [pharmacy_proj.custom_middleware.py] [Time zone set to default]
[WARNING] [2024-05-26 15:22:46,136] [pharmacy_proj.custom_middleware.py] [Time zone set to default]
[WARNING] [2024-05-26 15:22:52,202] [pharmacy_proj.custom_middleware.py] [Time zone set to default]
[WARNING] [2024-05-26 15:22:52,218] [pharmacy_proj.custom_middleware.py] [Time zone set to default]
[WARNING] [2024-05-26 15:22:52,258] [pharmacy_proj.custom_middleware.py] [Time zone set to default]
[WARNING] [2024-05-26 15:22:53,687] [pharmacy_proj.custom_middleware.py] [Time zone set to default]
[WARNING] [2024-05-26 15:22:53,702] [pharmacy_proj.custom_middleware.py] [Time zone set to default]
[WARNING] [2024-05-26 15:22:53,739] [pharmacy_proj.custom_middleware.py] [Time zone set to default]
[WARNING] [2024-05-26 15:22:54,226] [pharmacy_proj.custom_middleware.py] [Time zone set to default]
[WARNING] [2024-05-26 15:22:54,245] [pharmacy_proj.custom_middleware.py] [Time zone set to default]
[WARNING] [2024-05-26 15:22:54,278] [pharmacy_proj.custom_middleware.py] [Time zone set to default]
[WARNING] [2024-05-26 15:22:58,323] [pharmacy_proj.custom_middleware.py] [Time zone set to default]
[WARNING] [2024-05-26 15:22:58,362] [pharmacy_proj.custom_middleware.py] [Time zone set to default]
[WARNING] [2024-05-26 15:22:59,803] [pharmacy_proj.custom_middleware.py] [Time zone set to default]
[WARNING] [2024-05-26 15:22:59,849] [pharmacy_proj.custom_middleware.py] [Time zone set to default]
[WARNING] [2024-05-26 15:23:04,345] [pharmacy_proj.custom_middleware.py] [Time zone set to default]
[WARNING] [2024-05-26 15:23:04,380] [pharmacy_proj.custom_middleware.py] [Time zone set to default]
[WARNING] [2024-05-26 15:23:06,969] [pharmacy_proj.custom_middleware.py] [Time zone set to default]
[WARNING] [2024-05-26 15:23:07,026] [pharmacy_proj.custom_middleware.py] [Time zone set to default]
[WARNING] [2024-05-26 15:23:09,440] [pharmacy_proj.custom_middleware.py] [Time zone set to default]
[WARNING] [2024-05-26 15:23:09,469] [pharmacy_proj.custom_middleware.py] [Time zone set to default]
[WARNING] [2024-05-26 15:23:14,125] [pharmacy_proj.custom_middleware.py] [Time zone set to default]
[WARNING] [2024-05-26 15:23:16,402] [pharmacy_proj.custom_middleware.py] [Time zone set to default]
[WARNING] [2024-05-26 15:23:16,464] [pharmacy_proj.custom_middleware.py] [Time zone set to default]
[WARNING] [2024-05-26 15:23:35,103] [pharmacy_proj.custom_middleware.py] [Time zone set to default]
[WARNING] [2024-05-26 15:24:02,412] [pharmacy_proj.custom_middleware.py] [Time zone set to default]
[WARNING] [2024-05-26 15:24:02,544] [pharmacy_proj.custom_middleware.py] [Time zone set to default]
[WARNING] [2024-05-26 15:24:02,590] [pharmacy_proj.custom_middleware.py] [Time zone set to default]
[WARNING] [2024-05-26 15:24:09,611] [pharmacy_proj.custom_middleware.py] [Time zone set to default]
[WARNING] [2024-05-26 15:24:09,655] [pharmacy_proj.custom_middleware.py] [Time zone set to default]
[WARNING] [2024-05-26 15:24:23,818] [pharmacy_proj.custom_middleware.py] [Time zone set to default]
[INFO] [2024-05-26 15:24:23,819] [pharmacy_app.views.py] [default_view is called]
[WARNING] [2024-05-26 15:24:23,830] [pharmacy_proj.custom_middleware.py] [Time zone set to default]
[INFO] [2024-05-26 15:24:23,830] [pharmacy_app.views.py] [home_view is called]
[WARNING] [2024-05-26 15:24:24,650] [pharmacy_proj.custom_middleware.py] [Time zone set to default]
[WARNING] [2024-05-26 15:25:00,427] [pharmacy_proj.custom_middleware.py] [Time zone set to default]
[INFO] [2024-05-26 15:25:00,427] [pharmacy_app.views.py] [logout_view is called]
[WARNING] [2024-05-26 15:25:00,436] [pharmacy_proj.custom_middleware.py] [Time zone set to default]
[INFO] [2024-05-26 15:25:00,437] [pharmacy_app.views.py] [login_view is called]
[WARNING] [2024-05-26 15:25:01,683] [pharmacy_proj.custom_middleware.py] [Time zone set to default]
[INFO] [2024-05-26 15:25:01,683] [pharmacy_app.views.py] [register_view is called]
[WARNING] [2024-05-26 15:25:47,783] [pharmacy_proj.custom_middleware.py] [Time zone set to default]
[INFO] [2024-05-26 15:25:47,784] [pharmacy_app.views.py] [register_view is called]
[INFO] [2024-05-26 15:25:47,792] [pharmacy_app.views.py] [Form is valid]
[WARNING] [2024-05-26 15:25:47,793] [pharmacy_app.views.py] [The user who registers has a unique username]
[WARNING] [2024-05-26 15:25:48,096] [pharmacy_proj.custom_middleware.py] [Time zone set to default]
[INFO] [2024-05-26 15:25:48,096] [pharmacy_app.views.py] [login_view is called]
[WARNING] [2024-05-26 15:25:59,463] [pharmacy_proj.custom_middleware.py] [Time zone set to default]
[INFO] [2024-05-26 15:25:59,464] [pharmacy_app.views.py] [login_view is called]
[INFO] [2024-05-26 15:25:59,791] [pharmacy_app.views.py] [Form is valid]
[WARNING] [2024-05-26 15:26:00,106] [pharmacy_proj.custom_middleware.py] [Asia/Thimphu time zone is activated]
[INFO] [2024-05-26 15:26:00,117] [pharmacy_app.views.py] [home_view is called]
[INFO] [2024-05-26 15:26:00,118] [pharmacy_app.views.py] [User is client or not authenticated]
[WARNING] [2024-05-26 15:26:00,152] [pharmacy_proj.custom_middleware.py] [Asia/Thimphu time zone is activated]
[WARNING] [2024-05-26 15:26:05,033] [pharmacy_proj.custom_middleware.py] [Asia/Thimphu time zone is activated]
[INFO] [2024-05-26 15:26:05,033] [pharmacy_app.views.py] [home_view is called]
[INFO] [2024-05-26 15:26:05,033] [pharmacy_app.views.py] [User is client or not authenticated]
[WARNING] [2024-05-26 15:26:08,042] [pharmacy_proj.custom_middleware.py] [Asia/Thimphu time zone is activated]
[INFO] [2024-05-26 15:26:08,043] [pharmacy_app.views.py] [shop_view is called]
[INFO] [2024-05-26 15:26:08,043] [pharmacy_app.views.py] [Form is valid]
[WARNING] [2024-05-26 15:26:09,818] [pharmacy_proj.custom_middleware.py] [Asia/Thimphu time zone is activated]
[INFO] [2024-05-26 15:26:09,819] [pharmacy_app.views.py] [promo_view is called]
[WARNING] [2024-05-26 15:26:12,702] [pharmacy_proj.custom_middleware.py] [Asia/Thimphu time zone is activated]
[INFO] [2024-05-26 15:26:12,703] [pharmacy_app.views.py] [shop_view is called]
[INFO] [2024-05-26 15:26:12,703] [pharmacy_app.views.py] [Form is valid]
[WARNING] [2024-05-26 15:26:12,730] [pharmacy_proj.custom_middleware.py] [Asia/Thimphu time zone is activated]
[WARNING] [2024-05-26 15:26:14,039] [pharmacy_proj.custom_middleware.py] [Asia/Thimphu time zone is activated]
[INFO] [2024-05-26 15:26:14,040] [pharmacy_app.views.py] [shop_order_view is called]
[WARNING] [2024-05-26 15:26:30,053] [pharmacy_proj.custom_middleware.py] [Asia/Thimphu time zone is activated]
[WARNING] [2024-05-26 15:26:30,074] [pharmacy_proj.custom_middleware.py] [Asia/Thimphu time zone is activated]
[WARNING] [2024-05-26 15:26:30,088] [pharmacy_proj.custom_middleware.py] [Asia/Thimphu time zone is activated]
[WARNING] [2024-05-26 15:26:36,917] [pharmacy_proj.custom_middleware.py] [Asia/Thimphu time zone is activated]
[WARNING] [2024-05-26 15:26:37,226] [pharmacy_proj.custom_middleware.py] [Time zone set to default]
[WARNING] [2024-05-26 15:26:38,669] [pharmacy_proj.custom_middleware.py] [Time zone set to default]
[WARNING] [2024-05-26 15:26:38,710] [pharmacy_proj.custom_middleware.py] [Time zone set to default]
[WARNING] [2024-05-26 15:26:43,278] [pharmacy_proj.custom_middleware.py] [Time zone set to default]
[WARNING] [2024-05-26 15:26:43,310] [pharmacy_proj.custom_middleware.py] [Time zone set to default]
[WARNING] [2024-05-26 15:26:44,440] [pharmacy_proj.custom_middleware.py] [Time zone set to default]
[WARNING] [2024-05-26 15:26:44,474] [pharmacy_proj.custom_middleware.py] [Time zone set to default]
[WARNING] [2024-05-26 15:26:49,450] [pharmacy_proj.custom_middleware.py] [Time zone set to default]
[WARNING] [2024-05-26 15:26:49,469] [pharmacy_proj.custom_middleware.py] [Time zone set to default]
[WARNING] [2024-05-26 15:26:49,510] [pharmacy_proj.custom_middleware.py] [Time zone set to default]
[WARNING] [2024-05-26 15:26:58,115] [pharmacy_proj.custom_middleware.py] [Time zone set to default]
[WARNING] [2024-05-26 15:26:58,156] [pharmacy_proj.custom_middleware.py] [Time zone set to default]
[WARNING] [2024-05-26 15:27:05,866] [pharmacy_proj.custom_middleware.py] [Time zone set to default]
[WARNING] [2024-05-26 15:27:05,900] [pharmacy_proj.custom_middleware.py] [Time zone set to default]
[WARNING] [2024-05-26 15:27:06,995] [pharmacy_proj.custom_middleware.py] [Time zone set to default]
[WARNING] [2024-05-26 15:27:07,030] [pharmacy_proj.custom_middleware.py] [Time zone set to default]
[WARNING] [2024-05-26 15:27:08,357] [pharmacy_proj.custom_middleware.py] [Time zone set to default]
[WARNING] [2024-05-26 15:27:08,390] [pharmacy_proj.custom_middleware.py] [Time zone set to default]
[WARNING] [2024-05-26 15:27:15,492] [pharmacy_proj.custom_middleware.py] [Time zone set to default]
[WARNING] [2024-05-26 15:27:15,525] [pharmacy_proj.custom_middleware.py] [Time zone set to default]
[WARNING] [2024-05-26 15:27:17,918] [pharmacy_proj.custom_middleware.py] [Time zone set to default]
[WARNING] [2024-05-26 15:27:17,950] [pharmacy_proj.custom_middleware.py] [Time zone set to default]
[WARNING] [2024-05-26 15:27:19,858] [pharmacy_proj.custom_middleware.py] [Time zone set to default]
[WARNING] [2024-05-26 15:27:19,909] [pharmacy_proj.custom_middleware.py] [Time zone set to default]
[WARNING] [2024-05-26 15:27:22,018] [pharmacy_proj.custom_middleware.py] [Time zone set to default]
[WARNING] [2024-05-26 15:27:25,919] [pharmacy_proj.custom_middleware.py] [Time zone set to default]
[WARNING] [2024-05-26 15:27:25,950] [pharmacy_proj.custom_middleware.py] [Time zone set to default]
[WARNING] [2024-05-26 15:27:34,734] [pharmacy_proj.custom_middleware.py] [Time zone set to default]
[INFO] [2024-05-26 15:27:34,735] [pharmacy_app.views.py] [default_view is called]
[WARNING] [2024-05-26 15:27:34,746] [pharmacy_proj.custom_middleware.py] [Time zone set to default]
[INFO] [2024-05-26 15:27:34,746] [pharmacy_app.views.py] [home_view is called]
[WARNING] [2024-05-26 15:27:34,903] [pharmacy_proj.custom_middleware.py] [Time zone set to default]
[WARNING] [2024-05-26 15:27:36,392] [pharmacy_proj.custom_middleware.py] [Time zone set to default]
[INFO] [2024-05-26 15:27:36,393] [pharmacy_app.views.py] [logout_view is called]
[WARNING] [2024-05-26 15:27:36,401] [pharmacy_proj.custom_middleware.py] [Time zone set to default]
[INFO] [2024-05-26 15:27:36,401] [pharmacy_app.views.py] [login_view is called]
[WARNING] [2024-05-26 15:27:48,387] [pharmacy_proj.custom_middleware.py] [Time zone set to default]
[INFO] [2024-05-26 15:27:48,388] [pharmacy_app.views.py] [login_view is called]
[INFO] [2024-05-26 15:27:48,673] [pharmacy_app.views.py] [Form is valid]
[WARNING] [2024-05-26 15:27:48,981] [pharmacy_proj.custom_middleware.py] [Asia/Thimphu time zone is activated]
[INFO] [2024-05-26 15:27:48,981] [pharmacy_app.views.py] [home_view is called]
[INFO] [2024-05-26 15:27:48,982] [pharmacy_app.views.py] [User is client or not authenticated]
[WARNING] [2024-05-26 15:27:49,018] [pharmacy_proj.custom_middleware.py] [Asia/Thimphu time zone is activated]
[WARNING] [2024-05-26 15:27:51,463] [pharmacy_proj.custom_middleware.py] [Asia/Thimphu time zone is activated]
[INFO] [2024-05-26 15:27:51,464] [pharmacy_app.views.py] [shop_order_view is called]
[WARNING] [2024-05-26 15:27:57,043] [pharmacy_proj.custom_middleware.py] [Asia/Thimphu time zone is activated]
[INFO] [2024-05-26 15:27:57,044] [pharmacy_app.views.py] [shop_order_view is called]
[ERROR] [2024-05-26 15:27:57,126] [django.request.py] [Internal Server Error: /shop/1/]
Traceback (most recent call last):
  File "C:\253501_LYAMTSEV_14\IGI\LR5\.venv\Lib\site-packages\django\core\handlers\exception.py", line 55, in inner
    response = get_response(request)
               ^^^^^^^^^^^^^^^^^^^^^
  File "C:\253501_LYAMTSEV_14\IGI\LR5\.venv\Lib\site-packages\django\core\handlers\base.py", line 197, in _get_response
    response = wrapped_callback(request, *callback_args, **callback_kwargs)
               ^^^^^^^^^^^^^^^^^^^^^^^^^^^^^^^^^^^^^^^^^^^^^^^^^^^^^^^^^^^^
  File "C:\253501_LYAMTSEV_14\IGI\LR5\.venv\Lib\site-packages\django\contrib\auth\decorators.py", line 23, in _wrapper_view
    return view_func(request, *args, **kwargs)
           ^^^^^^^^^^^^^^^^^^^^^^^^^^^^^^^^^^^
  File "C:\253501_LYAMTSEV_14\IGI\LR5\pharmacy_proj\pharmacy_app\views.py", line 222, in shop_order_view
    if form.is_valid():
       ^^^^^^^^^^^^^^^
  File "C:\253501_LYAMTSEV_14\IGI\LR5\.venv\Lib\site-packages\django\forms\forms.py", line 197, in is_valid
    return self.is_bound and not self.errors
                                 ^^^^^^^^^^^
  File "C:\253501_LYAMTSEV_14\IGI\LR5\.venv\Lib\site-packages\django\forms\forms.py", line 192, in errors
    self.full_clean()
  File "C:\253501_LYAMTSEV_14\IGI\LR5\.venv\Lib\site-packages\django\forms\forms.py", line 327, in full_clean
    self._clean_fields()
  File "C:\253501_LYAMTSEV_14\IGI\LR5\.venv\Lib\site-packages\django\forms\forms.py", line 342, in _clean_fields
    value = getattr(self, "clean_%s" % name)()
            ^^^^^^^^^^^^^^^^^^^^^^^^^^^^^^^^^^
  File "C:\253501_LYAMTSEV_14\IGI\LR5\pharmacy_proj\pharmacy_app\forms.py", line 56, in clean_promotional_code
    Promo.objects.get(name=promo)
  File "C:\253501_LYAMTSEV_14\IGI\LR5\.venv\Lib\site-packages\django\db\models\manager.py", line 87, in manager_method
    return getattr(self.get_queryset(), name)(*args, **kwargs)
           ^^^^^^^^^^^^^^^^^^^^^^^^^^^^^^^^^^^^^^^^^^^^^^^^^^^
  File "C:\253501_LYAMTSEV_14\IGI\LR5\.venv\Lib\site-packages\django\db\models\query.py", line 635, in get
    clone = self._chain() if self.query.combinator else self.filter(*args, **kwargs)
                                                        ^^^^^^^^^^^^^^^^^^^^^^^^^^^^
  File "C:\253501_LYAMTSEV_14\IGI\LR5\.venv\Lib\site-packages\django\db\models\query.py", line 1476, in filter
    return self._filter_or_exclude(False, args, kwargs)
           ^^^^^^^^^^^^^^^^^^^^^^^^^^^^^^^^^^^^^^^^^^^^
  File "C:\253501_LYAMTSEV_14\IGI\LR5\.venv\Lib\site-packages\django\db\models\query.py", line 1494, in _filter_or_exclude
    clone._filter_or_exclude_inplace(negate, args, kwargs)
  File "C:\253501_LYAMTSEV_14\IGI\LR5\.venv\Lib\site-packages\django\db\models\query.py", line 1501, in _filter_or_exclude_inplace
    self._query.add_q(Q(*args, **kwargs))
  File "C:\253501_LYAMTSEV_14\IGI\LR5\.venv\Lib\site-packages\django\db\models\sql\query.py", line 1613, in add_q
    clause, _ = self._add_q(q_object, self.used_aliases)
                ^^^^^^^^^^^^^^^^^^^^^^^^^^^^^^^^^^^^^^^^
  File "C:\253501_LYAMTSEV_14\IGI\LR5\.venv\Lib\site-packages\django\db\models\sql\query.py", line 1645, in _add_q
    child_clause, needed_inner = self.build_filter(
                                 ^^^^^^^^^^^^^^^^^^
  File "C:\253501_LYAMTSEV_14\IGI\LR5\.venv\Lib\site-packages\django\db\models\sql\query.py", line 1495, in build_filter
    lookups, parts, reffed_expression = self.solve_lookup_type(arg, summarize)
                                        ^^^^^^^^^^^^^^^^^^^^^^^^^^^^^^^^^^^^^^
  File "C:\253501_LYAMTSEV_14\IGI\LR5\.venv\Lib\site-packages\django\db\models\sql\query.py", line 1307, in solve_lookup_type
    _, field, _, lookup_parts = self.names_to_path(lookup_splitted, self.get_meta())
                                ^^^^^^^^^^^^^^^^^^^^^^^^^^^^^^^^^^^^^^^^^^^^^^^^^^^^
  File "C:\253501_LYAMTSEV_14\IGI\LR5\.venv\Lib\site-packages\django\db\models\sql\query.py", line 1772, in names_to_path
    raise FieldError(
django.core.exceptions.FieldError: Cannot resolve keyword 'name' into field. Choices are: description, discount, id, is_active, order, promo
[INFO] [2024-05-26 15:29:18,320] [django.utils.autoreload.py] [C:\253501_LYAMTSEV_14\IGI\LR5\pharmacy_proj\pharmacy_app\views.py changed, reloading.]
[INFO] [2024-05-26 15:29:20,210] [django.utils.autoreload.py] [Watching for file changes with StatReloader]
[WARNING] [2024-05-26 15:29:27,477] [pharmacy_proj.custom_middleware.py] [Asia/Thimphu time zone is activated]
[INFO] [2024-05-26 15:29:27,480] [pharmacy_app.views.py] [shop_order_view is called]
[WARNING] [2024-05-26 15:29:27,544] [pharmacy_proj.custom_middleware.py] [Asia/Thimphu time zone is activated]
[WARNING] [2024-05-26 15:29:32,033] [pharmacy_proj.custom_middleware.py] [Asia/Thimphu time zone is activated]
[INFO] [2024-05-26 15:29:32,035] [pharmacy_app.views.py] [shop_order_view is called]
[ERROR] [2024-05-26 15:29:32,072] [django.request.py] [Internal Server Error: /shop/1/]
Traceback (most recent call last):
  File "C:\253501_LYAMTSEV_14\IGI\LR5\.venv\Lib\site-packages\django\core\handlers\exception.py", line 55, in inner
    response = get_response(request)
               ^^^^^^^^^^^^^^^^^^^^^
  File "C:\253501_LYAMTSEV_14\IGI\LR5\.venv\Lib\site-packages\django\core\handlers\base.py", line 197, in _get_response
    response = wrapped_callback(request, *callback_args, **callback_kwargs)
               ^^^^^^^^^^^^^^^^^^^^^^^^^^^^^^^^^^^^^^^^^^^^^^^^^^^^^^^^^^^^
  File "C:\253501_LYAMTSEV_14\IGI\LR5\.venv\Lib\site-packages\django\contrib\auth\decorators.py", line 23, in _wrapper_view
    return view_func(request, *args, **kwargs)
           ^^^^^^^^^^^^^^^^^^^^^^^^^^^^^^^^^^^
  File "C:\253501_LYAMTSEV_14\IGI\LR5\pharmacy_proj\pharmacy_app\views.py", line 222, in shop_order_view
    if form.is_valid():
       ^^^^^^^^^^^^^^^
  File "C:\253501_LYAMTSEV_14\IGI\LR5\.venv\Lib\site-packages\django\forms\forms.py", line 197, in is_valid
    return self.is_bound and not self.errors
                                 ^^^^^^^^^^^
  File "C:\253501_LYAMTSEV_14\IGI\LR5\.venv\Lib\site-packages\django\forms\forms.py", line 192, in errors
    self.full_clean()
  File "C:\253501_LYAMTSEV_14\IGI\LR5\.venv\Lib\site-packages\django\forms\forms.py", line 327, in full_clean
    self._clean_fields()
  File "C:\253501_LYAMTSEV_14\IGI\LR5\.venv\Lib\site-packages\django\forms\forms.py", line 342, in _clean_fields
    value = getattr(self, "clean_%s" % name)()
            ^^^^^^^^^^^^^^^^^^^^^^^^^^^^^^^^^^
  File "C:\253501_LYAMTSEV_14\IGI\LR5\pharmacy_proj\pharmacy_app\forms.py", line 56, in clean_promotional_code
    Promo.objects.get(name=promo)
  File "C:\253501_LYAMTSEV_14\IGI\LR5\.venv\Lib\site-packages\django\db\models\manager.py", line 87, in manager_method
    return getattr(self.get_queryset(), name)(*args, **kwargs)
           ^^^^^^^^^^^^^^^^^^^^^^^^^^^^^^^^^^^^^^^^^^^^^^^^^^^
  File "C:\253501_LYAMTSEV_14\IGI\LR5\.venv\Lib\site-packages\django\db\models\query.py", line 635, in get
    clone = self._chain() if self.query.combinator else self.filter(*args, **kwargs)
                                                        ^^^^^^^^^^^^^^^^^^^^^^^^^^^^
  File "C:\253501_LYAMTSEV_14\IGI\LR5\.venv\Lib\site-packages\django\db\models\query.py", line 1476, in filter
    return self._filter_or_exclude(False, args, kwargs)
           ^^^^^^^^^^^^^^^^^^^^^^^^^^^^^^^^^^^^^^^^^^^^
  File "C:\253501_LYAMTSEV_14\IGI\LR5\.venv\Lib\site-packages\django\db\models\query.py", line 1494, in _filter_or_exclude
    clone._filter_or_exclude_inplace(negate, args, kwargs)
  File "C:\253501_LYAMTSEV_14\IGI\LR5\.venv\Lib\site-packages\django\db\models\query.py", line 1501, in _filter_or_exclude_inplace
    self._query.add_q(Q(*args, **kwargs))
  File "C:\253501_LYAMTSEV_14\IGI\LR5\.venv\Lib\site-packages\django\db\models\sql\query.py", line 1613, in add_q
    clause, _ = self._add_q(q_object, self.used_aliases)
                ^^^^^^^^^^^^^^^^^^^^^^^^^^^^^^^^^^^^^^^^
  File "C:\253501_LYAMTSEV_14\IGI\LR5\.venv\Lib\site-packages\django\db\models\sql\query.py", line 1645, in _add_q
    child_clause, needed_inner = self.build_filter(
                                 ^^^^^^^^^^^^^^^^^^
  File "C:\253501_LYAMTSEV_14\IGI\LR5\.venv\Lib\site-packages\django\db\models\sql\query.py", line 1495, in build_filter
    lookups, parts, reffed_expression = self.solve_lookup_type(arg, summarize)
                                        ^^^^^^^^^^^^^^^^^^^^^^^^^^^^^^^^^^^^^^
  File "C:\253501_LYAMTSEV_14\IGI\LR5\.venv\Lib\site-packages\django\db\models\sql\query.py", line 1307, in solve_lookup_type
    _, field, _, lookup_parts = self.names_to_path(lookup_splitted, self.get_meta())
                                ^^^^^^^^^^^^^^^^^^^^^^^^^^^^^^^^^^^^^^^^^^^^^^^^^^^^
  File "C:\253501_LYAMTSEV_14\IGI\LR5\.venv\Lib\site-packages\django\db\models\sql\query.py", line 1772, in names_to_path
    raise FieldError(
django.core.exceptions.FieldError: Cannot resolve keyword 'name' into field. Choices are: description, discount, id, is_active, order, promo
[INFO] [2024-05-26 15:30:22,753] [django.utils.autoreload.py] [Watching for file changes with StatReloader]
[WARNING] [2024-05-26 15:30:26,541] [pharmacy_proj.custom_middleware.py] [Asia/Thimphu time zone is activated]
[INFO] [2024-05-26 15:30:26,546] [pharmacy_app.views.py] [shop_order_view is called]
[WARNING] [2024-05-26 15:30:26,548] [pharmacy_app.views.py] [Form has invalid data]
[WARNING] [2024-05-26 15:30:26,610] [pharmacy_proj.custom_middleware.py] [Asia/Thimphu time zone is activated]
[WARNING] [2024-05-26 15:30:32,333] [pharmacy_proj.custom_middleware.py] [Asia/Thimphu time zone is activated]
[INFO] [2024-05-26 15:30:32,334] [pharmacy_app.views.py] [shop_order_view is called]
[WARNING] [2024-05-26 15:30:32,336] [pharmacy_app.views.py] [Form has invalid data]
[WARNING] [2024-05-26 15:30:43,091] [pharmacy_proj.custom_middleware.py] [Asia/Thimphu time zone is activated]
[WARNING] [2024-05-26 15:30:43,118] [pharmacy_proj.custom_middleware.py] [Asia/Thimphu time zone is activated]
[INFO] [2024-05-26 15:30:43,119] [pharmacy_app.views.py] [shop_view is called]
[INFO] [2024-05-26 15:30:43,119] [pharmacy_app.views.py] [Form is valid]
[WARNING] [2024-05-26 15:30:44,372] [pharmacy_proj.custom_middleware.py] [Asia/Thimphu time zone is activated]
[INFO] [2024-05-26 15:30:44,373] [pharmacy_app.views.py] [shop_order_view is called]
[WARNING] [2024-05-26 15:30:51,661] [pharmacy_proj.custom_middleware.py] [Asia/Thimphu time zone is activated]
[INFO] [2024-05-26 15:30:51,662] [pharmacy_app.views.py] [shop_order_view is called]
[WARNING] [2024-05-26 15:30:51,664] [pharmacy_app.views.py] [Form has invalid data]
[WARNING] [2024-05-26 15:30:58,463] [pharmacy_proj.custom_middleware.py] [Asia/Thimphu time zone is activated]
[INFO] [2024-05-26 15:30:58,464] [pharmacy_app.views.py] [shop_order_view is called]
[INFO] [2024-05-26 15:30:58,465] [pharmacy_app.views.py] [Form is valid]
[WARNING] [2024-05-26 15:30:58,490] [pharmacy_proj.custom_middleware.py] [Asia/Thimphu time zone is activated]
[INFO] [2024-05-26 15:30:58,490] [pharmacy_app.views.py] [user_view is called]
[INFO] [2024-05-26 15:30:58,490] [pharmacy_app.views.py] [User is client]
[WARNING] [2024-05-26 15:31:07,980] [pharmacy_proj.custom_middleware.py] [Asia/Thimphu time zone is activated]
[INFO] [2024-05-26 15:31:07,981] [pharmacy_app.views.py] [home_view is called]
[INFO] [2024-05-26 15:31:07,982] [pharmacy_app.views.py] [User is client or not authenticated]
[WARNING] [2024-05-26 15:31:08,020] [pharmacy_proj.custom_middleware.py] [Asia/Thimphu time zone is activated]
[WARNING] [2024-05-26 15:31:09,968] [pharmacy_proj.custom_middleware.py] [Asia/Thimphu time zone is activated]
[INFO] [2024-05-26 15:31:09,969] [pharmacy_app.views.py] [shop_order_view is called]
[WARNING] [2024-05-26 15:31:15,091] [pharmacy_proj.custom_middleware.py] [Asia/Thimphu time zone is activated]
[INFO] [2024-05-26 15:31:15,092] [pharmacy_app.views.py] [shop_order_view is called]
[WARNING] [2024-05-26 15:31:15,094] [pharmacy_app.views.py] [Form has invalid data]
[WARNING] [2024-05-26 15:31:20,985] [pharmacy_proj.custom_middleware.py] [Asia/Thimphu time zone is activated]
[INFO] [2024-05-26 15:31:20,985] [pharmacy_app.views.py] [promo_view is called]
[WARNING] [2024-05-26 15:31:23,567] [pharmacy_proj.custom_middleware.py] [Asia/Thimphu time zone is activated]
[INFO] [2024-05-26 15:31:23,567] [pharmacy_app.views.py] [shop_view is called]
[INFO] [2024-05-26 15:31:23,568] [pharmacy_app.views.py] [Form is valid]
[WARNING] [2024-05-26 15:31:24,442] [pharmacy_proj.custom_middleware.py] [Asia/Thimphu time zone is activated]
[INFO] [2024-05-26 15:31:24,443] [pharmacy_app.views.py] [shop_order_view is called]
[WARNING] [2024-05-26 15:31:29,813] [pharmacy_proj.custom_middleware.py] [Asia/Thimphu time zone is activated]
[INFO] [2024-05-26 15:31:29,814] [pharmacy_app.views.py] [shop_order_view is called]
[INFO] [2024-05-26 15:31:29,815] [pharmacy_app.views.py] [Form is valid]
[WARNING] [2024-05-26 15:31:29,835] [pharmacy_proj.custom_middleware.py] [Asia/Thimphu time zone is activated]
[INFO] [2024-05-26 15:31:29,836] [pharmacy_app.views.py] [user_view is called]
[INFO] [2024-05-26 15:31:29,836] [pharmacy_app.views.py] [User is client]
[ERROR] [2024-05-26 15:31:29,925] [django.request.py] [Internal Server Error: /user/]
Traceback (most recent call last):
  File "C:\253501_LYAMTSEV_14\IGI\LR5\.venv\Lib\site-packages\django\core\handlers\exception.py", line 55, in inner
    response = get_response(request)
               ^^^^^^^^^^^^^^^^^^^^^
  File "C:\253501_LYAMTSEV_14\IGI\LR5\.venv\Lib\site-packages\django\core\handlers\base.py", line 197, in _get_response
    response = wrapped_callback(request, *callback_args, **callback_kwargs)
               ^^^^^^^^^^^^^^^^^^^^^^^^^^^^^^^^^^^^^^^^^^^^^^^^^^^^^^^^^^^^
  File "C:\253501_LYAMTSEV_14\IGI\LR5\.venv\Lib\site-packages\django\contrib\auth\decorators.py", line 23, in _wrapper_view
    return view_func(request, *args, **kwargs)
           ^^^^^^^^^^^^^^^^^^^^^^^^^^^^^^^^^^^
  File "C:\253501_LYAMTSEV_14\IGI\LR5\pharmacy_proj\pharmacy_app\views.py", line 250, in user_view
    return render(request, 'user_client.html', {'client': client})
           ^^^^^^^^^^^^^^^^^^^^^^^^^^^^^^^^^^^^^^^^^^^^^^^^^^^^^^^
  File "C:\253501_LYAMTSEV_14\IGI\LR5\.venv\Lib\site-packages\django\shortcuts.py", line 25, in render
    content = loader.render_to_string(template_name, context, request, using=using)
              ^^^^^^^^^^^^^^^^^^^^^^^^^^^^^^^^^^^^^^^^^^^^^^^^^^^^^^^^^^^^^^^^^^^^^
  File "C:\253501_LYAMTSEV_14\IGI\LR5\.venv\Lib\site-packages\django\template\loader.py", line 62, in render_to_string
    return template.render(context, request)
           ^^^^^^^^^^^^^^^^^^^^^^^^^^^^^^^^^
  File "C:\253501_LYAMTSEV_14\IGI\LR5\.venv\Lib\site-packages\django\template\backends\django.py", line 61, in render
    return self.template.render(context)
           ^^^^^^^^^^^^^^^^^^^^^^^^^^^^^
  File "C:\253501_LYAMTSEV_14\IGI\LR5\.venv\Lib\site-packages\django\template\base.py", line 171, in render
    return self._render(context)
           ^^^^^^^^^^^^^^^^^^^^^
  File "C:\253501_LYAMTSEV_14\IGI\LR5\.venv\Lib\site-packages\django\template\base.py", line 163, in _render
    return self.nodelist.render(context)
           ^^^^^^^^^^^^^^^^^^^^^^^^^^^^^
  File "C:\253501_LYAMTSEV_14\IGI\LR5\.venv\Lib\site-packages\django\template\base.py", line 1000, in render
    return SafeString("".join([node.render_annotated(context) for node in self]))
                              ^^^^^^^^^^^^^^^^^^^^^^^^^^^^^^^^^^^^^^^^^^^^^^^^^
  File "C:\253501_LYAMTSEV_14\IGI\LR5\.venv\Lib\site-packages\django\template\base.py", line 1000, in <listcomp>
    return SafeString("".join([node.render_annotated(context) for node in self]))
                               ^^^^^^^^^^^^^^^^^^^^^^^^^^^^^^
  File "C:\253501_LYAMTSEV_14\IGI\LR5\.venv\Lib\site-packages\django\template\base.py", line 961, in render_annotated
    return self.render(context)
           ^^^^^^^^^^^^^^^^^^^^
  File "C:\253501_LYAMTSEV_14\IGI\LR5\.venv\Lib\site-packages\django\template\loader_tags.py", line 159, in render
    return compiled_parent._render(context)
           ^^^^^^^^^^^^^^^^^^^^^^^^^^^^^^^^
  File "C:\253501_LYAMTSEV_14\IGI\LR5\.venv\Lib\site-packages\django\template\base.py", line 163, in _render
    return self.nodelist.render(context)
           ^^^^^^^^^^^^^^^^^^^^^^^^^^^^^
  File "C:\253501_LYAMTSEV_14\IGI\LR5\.venv\Lib\site-packages\django\template\base.py", line 1000, in render
    return SafeString("".join([node.render_annotated(context) for node in self]))
                              ^^^^^^^^^^^^^^^^^^^^^^^^^^^^^^^^^^^^^^^^^^^^^^^^^
  File "C:\253501_LYAMTSEV_14\IGI\LR5\.venv\Lib\site-packages\django\template\base.py", line 1000, in <listcomp>
    return SafeString("".join([node.render_annotated(context) for node in self]))
                               ^^^^^^^^^^^^^^^^^^^^^^^^^^^^^^
  File "C:\253501_LYAMTSEV_14\IGI\LR5\.venv\Lib\site-packages\django\template\base.py", line 961, in render_annotated
    return self.render(context)
           ^^^^^^^^^^^^^^^^^^^^
  File "C:\253501_LYAMTSEV_14\IGI\LR5\.venv\Lib\site-packages\django\template\loader_tags.py", line 65, in render
    result = block.nodelist.render(context)
             ^^^^^^^^^^^^^^^^^^^^^^^^^^^^^^
  File "C:\253501_LYAMTSEV_14\IGI\LR5\.venv\Lib\site-packages\django\template\base.py", line 1000, in render
    return SafeString("".join([node.render_annotated(context) for node in self]))
                              ^^^^^^^^^^^^^^^^^^^^^^^^^^^^^^^^^^^^^^^^^^^^^^^^^
  File "C:\253501_LYAMTSEV_14\IGI\LR5\.venv\Lib\site-packages\django\template\base.py", line 1000, in <listcomp>
    return SafeString("".join([node.render_annotated(context) for node in self]))
                               ^^^^^^^^^^^^^^^^^^^^^^^^^^^^^^
  File "C:\253501_LYAMTSEV_14\IGI\LR5\.venv\Lib\site-packages\django\template\base.py", line 961, in render_annotated
    return self.render(context)
           ^^^^^^^^^^^^^^^^^^^^
  File "C:\253501_LYAMTSEV_14\IGI\LR5\.venv\Lib\site-packages\django\template\defaulttags.py", line 242, in render
    nodelist.append(node.render_annotated(context))
                    ^^^^^^^^^^^^^^^^^^^^^^^^^^^^^^
  File "C:\253501_LYAMTSEV_14\IGI\LR5\.venv\Lib\site-packages\django\template\base.py", line 961, in render_annotated
    return self.render(context)
           ^^^^^^^^^^^^^^^^^^^^
  File "C:\253501_LYAMTSEV_14\IGI\LR5\.venv\Lib\site-packages\django\template\base.py", line 1059, in render
    output = self.filter_expression.resolve(context)
             ^^^^^^^^^^^^^^^^^^^^^^^^^^^^^^^^^^^^^^^
  File "C:\253501_LYAMTSEV_14\IGI\LR5\.venv\Lib\site-packages\django\template\base.py", line 710, in resolve
    obj = self.var.resolve(context)
          ^^^^^^^^^^^^^^^^^^^^^^^^^
  File "C:\253501_LYAMTSEV_14\IGI\LR5\.venv\Lib\site-packages\django\template\base.py", line 842, in resolve
    value = self._resolve_lookup(context)
            ^^^^^^^^^^^^^^^^^^^^^^^^^^^^^
  File "C:\253501_LYAMTSEV_14\IGI\LR5\.venv\Lib\site-packages\django\template\base.py", line 909, in _resolve_lookup
    current = current()
              ^^^^^^^^^
  File "C:\253501_LYAMTSEV_14\IGI\LR5\pharmacy_proj\pharmacy_app\models.py", line 136, in get_total_cost
    return self.medication.cost * self.quantity * (self.promo.discount if (self.promo is not None and self.promo.is_active) else 1)
           ~~~~~~~~~~~~~~~~~~~~~~~~~~~~~~~~~~~~~^~~~~~~~~~~~~~~~~~~~~~~~~~~~~~~~~~~~~~~~~~~~~~~~~~~~~~~~~~~~~~~~~~~~~~~~~~~~~~~~~~~
TypeError: unsupported operand type(s) for *: 'decimal.Decimal' and 'float'
[INFO] [2024-05-26 15:32:51,373] [django.utils.autoreload.py] [C:\253501_LYAMTSEV_14\IGI\LR5\pharmacy_proj\pharmacy_app\models.py changed, reloading.]
[INFO] [2024-05-26 15:32:52,036] [django.utils.autoreload.py] [Watching for file changes with StatReloader]
[INFO] [2024-05-26 15:33:46,971] [django.utils.autoreload.py] [Watching for file changes with StatReloader]
[WARNING] [2024-05-26 15:33:51,624] [pharmacy_proj.custom_middleware.py] [Time zone set to default]
[INFO] [2024-05-26 15:33:51,624] [pharmacy_app.views.py] [default_view is called]
[WARNING] [2024-05-26 15:33:51,637] [pharmacy_proj.custom_middleware.py] [Time zone set to default]
[INFO] [2024-05-26 15:33:51,637] [pharmacy_app.views.py] [home_view is called]
[INFO] [2024-05-26 15:33:51,637] [pharmacy_app.views.py] [User is client or not authenticated]
[WARNING] [2024-05-26 15:33:51,640] [pharmacy_app.views.py] [There is no medications]
[WARNING] [2024-05-26 15:33:55,828] [pharmacy_proj.custom_middleware.py] [Time zone set to default]
[INFO] [2024-05-26 15:33:55,830] [pharmacy_app.views.py] [login_view is called]
[WARNING] [2024-05-26 15:34:00,083] [pharmacy_proj.custom_middleware.py] [Time zone set to default]
[INFO] [2024-05-26 15:34:00,084] [pharmacy_app.views.py] [login_view is called]
[INFO] [2024-05-26 15:34:00,422] [pharmacy_app.views.py] [Form is valid]
[WARNING] [2024-05-26 15:34:00,739] [pharmacy_proj.custom_middleware.py] [Time zone set to default]
[INFO] [2024-05-26 15:34:00,740] [pharmacy_app.views.py] [home_view is called]
[WARNING] [2024-05-26 15:34:01,590] [pharmacy_proj.custom_middleware.py] [Time zone set to default]
[INFO] [2024-05-26 15:34:01,591] [pharmacy_app.views.py] [user_view is called]
[WARNING] [2024-05-26 15:34:01,605] [pharmacy_proj.custom_middleware.py] [Time zone set to default]
[WARNING] [2024-05-26 15:34:01,626] [pharmacy_proj.custom_middleware.py] [Time zone set to default]
[WARNING] [2024-05-26 15:34:04,806] [pharmacy_proj.custom_middleware.py] [Time zone set to default]
[INFO] [2024-05-26 15:34:04,807] [pharmacy_app.views.py] [home_view is called]
[WARNING] [2024-05-26 15:34:06,270] [pharmacy_proj.custom_middleware.py] [Time zone set to default]
[INFO] [2024-05-26 15:34:06,270] [pharmacy_app.views.py] [user_view is called]
[WARNING] [2024-05-26 15:34:06,292] [pharmacy_proj.custom_middleware.py] [Time zone set to default]
[WARNING] [2024-05-26 15:34:14,421] [pharmacy_proj.custom_middleware.py] [Time zone set to default]
[WARNING] [2024-05-26 15:34:14,467] [pharmacy_proj.custom_middleware.py] [Time zone set to default]
[WARNING] [2024-05-26 15:34:20,056] [pharmacy_proj.custom_middleware.py] [Time zone set to default]
[WARNING] [2024-05-26 15:34:20,071] [pharmacy_proj.custom_middleware.py] [Time zone set to default]
[WARNING] [2024-05-26 15:34:20,122] [pharmacy_proj.custom_middleware.py] [Time zone set to default]
[WARNING] [2024-05-26 15:34:36,558] [pharmacy_proj.custom_middleware.py] [Time zone set to default]
[WARNING] [2024-05-26 15:34:36,600] [pharmacy_proj.custom_middleware.py] [Time zone set to default]
[WARNING] [2024-05-26 15:34:51,142] [pharmacy_proj.custom_middleware.py] [Time zone set to default]
[WARNING] [2024-05-26 15:34:51,186] [pharmacy_proj.custom_middleware.py] [Time zone set to default]
[WARNING] [2024-05-26 15:35:01,628] [pharmacy_proj.custom_middleware.py] [Time zone set to default]
[WARNING] [2024-05-26 15:35:01,663] [pharmacy_proj.custom_middleware.py] [Time zone set to default]
[WARNING] [2024-05-26 15:35:05,635] [pharmacy_proj.custom_middleware.py] [Time zone set to default]
[WARNING] [2024-05-26 15:35:10,496] [pharmacy_proj.custom_middleware.py] [Time zone set to default]
[WARNING] [2024-05-26 15:35:10,557] [pharmacy_proj.custom_middleware.py] [Time zone set to default]
[WARNING] [2024-05-26 15:35:18,681] [pharmacy_proj.custom_middleware.py] [Time zone set to default]
[WARNING] [2024-05-26 15:35:20,015] [pharmacy_proj.custom_middleware.py] [Time zone set to default]
[WARNING] [2024-05-26 15:35:20,105] [pharmacy_proj.custom_middleware.py] [Time zone set to default]
[WARNING] [2024-05-26 15:35:20,144] [pharmacy_proj.custom_middleware.py] [Time zone set to default]
[WARNING] [2024-05-26 15:35:24,989] [pharmacy_proj.custom_middleware.py] [Time zone set to default]
[INFO] [2024-05-26 15:35:24,989] [pharmacy_app.views.py] [default_view is called]
[WARNING] [2024-05-26 15:35:24,998] [pharmacy_proj.custom_middleware.py] [Time zone set to default]
[INFO] [2024-05-26 15:35:24,998] [pharmacy_app.views.py] [home_view is called]
[WARNING] [2024-05-26 15:35:25,303] [pharmacy_proj.custom_middleware.py] [Time zone set to default]
[WARNING] [2024-05-26 15:35:26,411] [pharmacy_proj.custom_middleware.py] [Time zone set to default]
[INFO] [2024-05-26 15:35:26,411] [pharmacy_app.views.py] [logout_view is called]
[WARNING] [2024-05-26 15:35:26,421] [pharmacy_proj.custom_middleware.py] [Time zone set to default]
[INFO] [2024-05-26 15:35:26,421] [pharmacy_app.views.py] [login_view is called]
[WARNING] [2024-05-26 15:35:27,676] [pharmacy_proj.custom_middleware.py] [Time zone set to default]
[INFO] [2024-05-26 15:35:27,676] [pharmacy_app.views.py] [register_view is called]
[WARNING] [2024-05-26 15:35:57,009] [pharmacy_proj.custom_middleware.py] [Time zone set to default]
[INFO] [2024-05-26 15:35:57,010] [pharmacy_app.views.py] [register_view is called]
[INFO] [2024-05-26 15:35:57,017] [pharmacy_app.views.py] [Form is valid]
[WARNING] [2024-05-26 15:35:57,018] [pharmacy_app.views.py] [The user who registers has a unique username]
[WARNING] [2024-05-26 15:35:57,329] [pharmacy_proj.custom_middleware.py] [Time zone set to default]
[INFO] [2024-05-26 15:35:57,329] [pharmacy_app.views.py] [login_view is called]
[WARNING] [2024-05-26 15:36:03,812] [pharmacy_proj.custom_middleware.py] [Time zone set to default]
[INFO] [2024-05-26 15:36:03,812] [pharmacy_app.views.py] [login_view is called]
[INFO] [2024-05-26 15:36:04,116] [pharmacy_app.views.py] [Form is valid]
[WARNING] [2024-05-26 15:36:04,450] [pharmacy_proj.custom_middleware.py] [Africa/Kinshasa time zone is activated]
[INFO] [2024-05-26 15:36:04,466] [pharmacy_app.views.py] [home_view is called]
[INFO] [2024-05-26 15:36:04,468] [pharmacy_app.views.py] [User is client or not authenticated]
[WARNING] [2024-05-26 15:36:04,499] [pharmacy_proj.custom_middleware.py] [Africa/Kinshasa time zone is activated]
[WARNING] [2024-05-26 15:36:06,795] [pharmacy_proj.custom_middleware.py] [Africa/Kinshasa time zone is activated]
[INFO] [2024-05-26 15:36:06,796] [pharmacy_app.views.py] [shop_order_view is called]
[WARNING] [2024-05-26 15:36:11,560] [pharmacy_proj.custom_middleware.py] [Africa/Kinshasa time zone is activated]
[INFO] [2024-05-26 15:36:11,561] [pharmacy_app.views.py] [shop_order_view is called]
[INFO] [2024-05-26 15:36:11,563] [pharmacy_app.views.py] [Form is valid]
[WARNING] [2024-05-26 15:36:11,584] [pharmacy_proj.custom_middleware.py] [Africa/Kinshasa time zone is activated]
[INFO] [2024-05-26 15:36:11,584] [pharmacy_app.views.py] [user_view is called]
[INFO] [2024-05-26 15:36:11,584] [pharmacy_app.views.py] [User is client]
[WARNING] [2024-05-26 15:36:11,614] [pharmacy_proj.custom_middleware.py] [Africa/Kinshasa time zone is activated]
[WARNING] [2024-05-26 15:36:20,176] [pharmacy_proj.custom_middleware.py] [Africa/Kinshasa time zone is activated]
[INFO] [2024-05-26 15:36:20,176] [pharmacy_app.views.py] [cat_fact_api_view is called]
[WARNING] [2024-05-26 15:36:22,649] [pharmacy_proj.custom_middleware.py] [Africa/Kinshasa time zone is activated]
[INFO] [2024-05-26 15:36:22,649] [pharmacy_app.views.py] [cat_fact_api_view is called]
[WARNING] [2024-05-26 15:36:25,450] [pharmacy_proj.custom_middleware.py] [Africa/Kinshasa time zone is activated]
[INFO] [2024-05-26 15:36:25,450] [pharmacy_app.views.py] [cat_fact_api_view is called]
[WARNING] [2024-05-26 15:36:28,228] [pharmacy_proj.custom_middleware.py] [Africa/Kinshasa time zone is activated]
[INFO] [2024-05-26 15:36:28,229] [pharmacy_app.views.py] [cat_fact_api_view is called]
[WARNING] [2024-05-26 15:36:30,102] [pharmacy_proj.custom_middleware.py] [Africa/Kinshasa time zone is activated]
[INFO] [2024-05-26 15:36:30,102] [pharmacy_app.views.py] [cat_fact_api_view is called]
[WARNING] [2024-05-26 15:36:32,045] [pharmacy_proj.custom_middleware.py] [Africa/Kinshasa time zone is activated]
[INFO] [2024-05-26 15:36:32,045] [pharmacy_app.views.py] [cat_fact_api_view is called]
[WARNING] [2024-05-26 15:36:45,413] [pharmacy_proj.custom_middleware.py] [Africa/Kinshasa time zone is activated]
[INFO] [2024-05-26 15:36:45,416] [pharmacy_app.views.py] [shop_view is called]
[INFO] [2024-05-26 15:36:45,416] [pharmacy_app.views.py] [Form is valid]
[WARNING] [2024-05-26 15:36:45,451] [pharmacy_proj.custom_middleware.py] [Africa/Kinshasa time zone is activated]
[WARNING] [2024-05-26 15:36:46,732] [pharmacy_proj.custom_middleware.py] [Africa/Kinshasa time zone is activated]
[INFO] [2024-05-26 15:36:46,734] [pharmacy_app.views.py] [shop_order_view is called]
[WARNING] [2024-05-26 15:36:54,853] [pharmacy_proj.custom_middleware.py] [Africa/Kinshasa time zone is activated]
[INFO] [2024-05-26 15:36:54,854] [pharmacy_app.views.py] [shop_order_view is called]
[WARNING] [2024-05-26 15:36:54,856] [pharmacy_app.views.py] [Form has invalid data]
[WARNING] [2024-05-26 15:36:54,888] [pharmacy_proj.custom_middleware.py] [Africa/Kinshasa time zone is activated]
[WARNING] [2024-05-26 15:37:05,293] [pharmacy_proj.custom_middleware.py] [Africa/Kinshasa time zone is activated]
[INFO] [2024-05-26 15:37:05,293] [pharmacy_app.views.py] [logout_view is called]
[WARNING] [2024-05-26 15:37:05,308] [pharmacy_proj.custom_middleware.py] [Time zone set to default]
[INFO] [2024-05-26 15:37:05,309] [pharmacy_app.views.py] [login_view is called]
[WARNING] [2024-05-26 15:37:08,967] [pharmacy_proj.custom_middleware.py] [Time zone set to default]
[INFO] [2024-05-26 15:37:08,967] [pharmacy_app.views.py] [login_view is called]
[INFO] [2024-05-26 15:37:09,318] [pharmacy_app.views.py] [Form is valid]
[WARNING] [2024-05-26 15:37:09,665] [pharmacy_proj.custom_middleware.py] [Time zone set to default]
[INFO] [2024-05-26 15:37:09,665] [pharmacy_app.views.py] [home_view is called]
[WARNING] [2024-05-26 15:37:09,820] [pharmacy_proj.custom_middleware.py] [Time zone set to default]
[WARNING] [2024-05-26 15:37:14,574] [pharmacy_proj.custom_middleware.py] [Time zone set to default]
[INFO] [2024-05-26 15:37:14,575] [pharmacy_app.views.py] [user_view is called]
[WARNING] [2024-05-26 15:37:14,589] [pharmacy_proj.custom_middleware.py] [Time zone set to default]
[WARNING] [2024-05-26 15:37:14,607] [pharmacy_proj.custom_middleware.py] [Time zone set to default]
[WARNING] [2024-05-26 15:37:19,084] [pharmacy_proj.custom_middleware.py] [Time zone set to default]
[WARNING] [2024-05-26 15:37:19,120] [pharmacy_proj.custom_middleware.py] [Time zone set to default]
[WARNING] [2024-05-26 15:37:20,838] [pharmacy_proj.custom_middleware.py] [Time zone set to default]
[WARNING] [2024-05-26 15:37:20,871] [pharmacy_proj.custom_middleware.py] [Time zone set to default]
[WARNING] [2024-05-26 15:37:28,731] [pharmacy_proj.custom_middleware.py] [Time zone set to default]
[WARNING] [2024-05-26 15:37:28,751] [pharmacy_proj.custom_middleware.py] [Time zone set to default]
[WARNING] [2024-05-26 15:37:28,786] [pharmacy_proj.custom_middleware.py] [Time zone set to default]
[WARNING] [2024-05-26 15:37:33,156] [pharmacy_proj.custom_middleware.py] [Time zone set to default]
[INFO] [2024-05-26 15:37:33,156] [pharmacy_app.views.py] [default_view is called]
[WARNING] [2024-05-26 15:37:33,177] [pharmacy_proj.custom_middleware.py] [Time zone set to default]
[INFO] [2024-05-26 15:37:33,177] [pharmacy_app.views.py] [home_view is called]
[WARNING] [2024-05-26 15:37:33,415] [pharmacy_proj.custom_middleware.py] [Time zone set to default]
[WARNING] [2024-05-26 15:37:35,239] [pharmacy_proj.custom_middleware.py] [Time zone set to default]
[INFO] [2024-05-26 15:37:35,240] [pharmacy_app.views.py] [logout_view is called]
[WARNING] [2024-05-26 15:37:35,247] [pharmacy_proj.custom_middleware.py] [Time zone set to default]
[INFO] [2024-05-26 15:37:35,248] [pharmacy_app.views.py] [login_view is called]
[WARNING] [2024-05-26 15:37:41,460] [pharmacy_proj.custom_middleware.py] [Time zone set to default]
[INFO] [2024-05-26 15:37:41,468] [pharmacy_app.views.py] [login_view is called]
[INFO] [2024-05-26 15:37:41,756] [pharmacy_app.views.py] [Form is valid]
[WARNING] [2024-05-26 15:37:42,128] [pharmacy_proj.custom_middleware.py] [Africa/Kinshasa time zone is activated]
[INFO] [2024-05-26 15:37:42,128] [pharmacy_app.views.py] [home_view is called]
[INFO] [2024-05-26 15:37:42,129] [pharmacy_app.views.py] [User is client or not authenticated]
[WARNING] [2024-05-26 15:37:42,168] [pharmacy_proj.custom_middleware.py] [Africa/Kinshasa time zone is activated]
[WARNING] [2024-05-26 15:37:43,168] [pharmacy_proj.custom_middleware.py] [Africa/Kinshasa time zone is activated]
[INFO] [2024-05-26 15:37:43,169] [pharmacy_app.views.py] [shop_order_view is called]
[WARNING] [2024-05-26 15:37:53,185] [pharmacy_proj.custom_middleware.py] [Africa/Kinshasa time zone is activated]
[INFO] [2024-05-26 15:37:53,186] [pharmacy_app.views.py] [shop_order_view is called]
[INFO] [2024-05-26 15:37:53,188] [pharmacy_app.views.py] [Form is valid]
[WARNING] [2024-05-26 15:37:53,202] [pharmacy_proj.custom_middleware.py] [Africa/Kinshasa time zone is activated]
[INFO] [2024-05-26 15:37:53,202] [pharmacy_app.views.py] [user_view is called]
[INFO] [2024-05-26 15:37:53,202] [pharmacy_app.views.py] [User is client]
[INFO] [2024-05-26 15:42:00,726] [django.utils.autoreload.py] [C:\253501_LYAMTSEV_14\IGI\LR5\pharmacy_proj\pharmacy_app\models.py changed, reloading.]
[INFO] [2024-05-26 15:42:02,532] [django.utils.autoreload.py] [Watching for file changes with StatReloader]
[INFO] [2024-05-26 15:43:32,207] [django.utils.autoreload.py] [C:\253501_LYAMTSEV_14\IGI\LR5\pharmacy_proj\pharmacy_app\views.py changed, reloading.]
[INFO] [2024-05-26 15:43:32,867] [django.utils.autoreload.py] [Watching for file changes with StatReloader]
[INFO] [2024-05-26 15:49:07,062] [django.utils.autoreload.py] [Watching for file changes with StatReloader]
[WARNING] [2024-05-26 15:49:23,135] [pharmacy_proj.custom_middleware.py] [Africa/Kinshasa time zone is activated]
[INFO] [2024-05-26 15:49:23,138] [pharmacy_app.views.py] [home_view is called]
[INFO] [2024-05-26 15:49:23,139] [pharmacy_app.views.py] [User is client or not authenticated]
[WARNING] [2024-05-26 15:49:23,204] [pharmacy_proj.custom_middleware.py] [Africa/Kinshasa time zone is activated]
[WARNING] [2024-05-26 15:49:24,586] [pharmacy_proj.custom_middleware.py] [Africa/Kinshasa time zone is activated]
[INFO] [2024-05-26 15:49:24,586] [pharmacy_app.views.py] [info_view is called]
[WARNING] [2024-05-26 15:49:24,587] [pharmacy_app.views.py] [No company info in database]
[WARNING] [2024-05-26 15:49:25,148] [pharmacy_proj.custom_middleware.py] [Africa/Kinshasa time zone is activated]
[INFO] [2024-05-26 15:49:25,148] [pharmacy_app.views.py] [shop_view is called]
[INFO] [2024-05-26 15:49:25,149] [pharmacy_app.views.py] [Form is valid]
[WARNING] [2024-05-26 15:49:26,108] [pharmacy_proj.custom_middleware.py] [Africa/Kinshasa time zone is activated]
[INFO] [2024-05-26 15:49:26,108] [pharmacy_app.views.py] [questions_view is called]
[WARNING] [2024-05-26 15:49:26,567] [pharmacy_proj.custom_middleware.py] [Africa/Kinshasa time zone is activated]
[INFO] [2024-05-26 15:49:26,567] [pharmacy_app.views.py] [contacts_view is called]
[WARNING] [2024-05-26 15:49:26,982] [pharmacy_proj.custom_middleware.py] [Africa/Kinshasa time zone is activated]
[INFO] [2024-05-26 15:49:26,982] [pharmacy_app.views.py] [policy_view is called]
[WARNING] [2024-05-26 15:49:27,329] [pharmacy_proj.custom_middleware.py] [Africa/Kinshasa time zone is activated]
[INFO] [2024-05-26 15:49:27,329] [pharmacy_app.views.py] [vacancies_view is called]
[WARNING] [2024-05-26 15:49:27,840] [pharmacy_proj.custom_middleware.py] [Africa/Kinshasa time zone is activated]
[INFO] [2024-05-26 15:49:27,840] [pharmacy_app.views.py] [reviews_view is called]
[WARNING] [2024-05-26 15:49:28,245] [pharmacy_proj.custom_middleware.py] [Africa/Kinshasa time zone is activated]
[INFO] [2024-05-26 15:49:28,245] [pharmacy_app.views.py] [promo_view is called]
[WARNING] [2024-05-26 15:49:29,566] [pharmacy_proj.custom_middleware.py] [Africa/Kinshasa time zone is activated]
[INFO] [2024-05-26 15:49:29,566] [pharmacy_app.views.py] [cat_fact_api_view is called]
[WARNING] [2024-05-26 15:49:30,983] [pharmacy_proj.custom_middleware.py] [Africa/Kinshasa time zone is activated]
[INFO] [2024-05-26 15:49:30,984] [pharmacy_app.views.py] [activity_api_view is called]
[ERROR] [2024-05-26 15:49:31,908] [django.request.py] [Internal Server Error: /activity/]
Traceback (most recent call last):
  File "C:\253501_LYAMTSEV_14\IGI\LR5\.venv\Lib\site-packages\requests\models.py", line 971, in json
    return complexjson.loads(self.text, **kwargs)
           ^^^^^^^^^^^^^^^^^^^^^^^^^^^^^^^^^^^^^^
  File "C:\Users\zhora\AppData\Local\Programs\Python\Python311\Lib\json\__init__.py", line 346, in loads
    return _default_decoder.decode(s)
           ^^^^^^^^^^^^^^^^^^^^^^^^^^
  File "C:\Users\zhora\AppData\Local\Programs\Python\Python311\Lib\json\decoder.py", line 337, in decode
    obj, end = self.raw_decode(s, idx=_w(s, 0).end())
               ^^^^^^^^^^^^^^^^^^^^^^^^^^^^^^^^^^^^^^
  File "C:\Users\zhora\AppData\Local\Programs\Python\Python311\Lib\json\decoder.py", line 355, in raw_decode
    raise JSONDecodeError("Expecting value", s, err.value) from None
json.decoder.JSONDecodeError: Expecting value: line 1 column 1 (char 0)

During handling of the above exception, another exception occurred:

Traceback (most recent call last):
  File "C:\253501_LYAMTSEV_14\IGI\LR5\.venv\Lib\site-packages\django\core\handlers\exception.py", line 55, in inner
    response = get_response(request)
               ^^^^^^^^^^^^^^^^^^^^^
  File "C:\253501_LYAMTSEV_14\IGI\LR5\.venv\Lib\site-packages\django\core\handlers\base.py", line 197, in _get_response
    response = wrapped_callback(request, *callback_args, **callback_kwargs)
               ^^^^^^^^^^^^^^^^^^^^^^^^^^^^^^^^^^^^^^^^^^^^^^^^^^^^^^^^^^^^
  File "C:\253501_LYAMTSEV_14\IGI\LR5\.venv\Lib\site-packages\django\contrib\auth\decorators.py", line 23, in _wrapper_view
    return view_func(request, *args, **kwargs)
           ^^^^^^^^^^^^^^^^^^^^^^^^^^^^^^^^^^^
  File "C:\253501_LYAMTSEV_14\IGI\LR5\pharmacy_proj\pharmacy_app\views.py", line 321, in activity_api_view
    activity = requests.get(api_url).json()['activity']
               ^^^^^^^^^^^^^^^^^^^^^^^^^^^^
  File "C:\253501_LYAMTSEV_14\IGI\LR5\.venv\Lib\site-packages\requests\models.py", line 975, in json
    raise RequestsJSONDecodeError(e.msg, e.doc, e.pos)
requests.exceptions.JSONDecodeError: Expecting value: line 1 column 1 (char 0)
[WARNING] [2024-05-26 15:49:53,623] [pharmacy_proj.custom_middleware.py] [Africa/Kinshasa time zone is activated]
[INFO] [2024-05-26 15:49:53,623] [pharmacy_app.views.py] [activity_api_view is called]
[ERROR] [2024-05-26 15:49:54,545] [django.request.py] [Internal Server Error: /activity/]
Traceback (most recent call last):
  File "C:\253501_LYAMTSEV_14\IGI\LR5\.venv\Lib\site-packages\requests\models.py", line 971, in json
    return complexjson.loads(self.text, **kwargs)
           ^^^^^^^^^^^^^^^^^^^^^^^^^^^^^^^^^^^^^^
  File "C:\Users\zhora\AppData\Local\Programs\Python\Python311\Lib\json\__init__.py", line 346, in loads
    return _default_decoder.decode(s)
           ^^^^^^^^^^^^^^^^^^^^^^^^^^
  File "C:\Users\zhora\AppData\Local\Programs\Python\Python311\Lib\json\decoder.py", line 337, in decode
    obj, end = self.raw_decode(s, idx=_w(s, 0).end())
               ^^^^^^^^^^^^^^^^^^^^^^^^^^^^^^^^^^^^^^
  File "C:\Users\zhora\AppData\Local\Programs\Python\Python311\Lib\json\decoder.py", line 355, in raw_decode
    raise JSONDecodeError("Expecting value", s, err.value) from None
json.decoder.JSONDecodeError: Expecting value: line 1 column 1 (char 0)

During handling of the above exception, another exception occurred:

Traceback (most recent call last):
  File "C:\253501_LYAMTSEV_14\IGI\LR5\.venv\Lib\site-packages\django\core\handlers\exception.py", line 55, in inner
    response = get_response(request)
               ^^^^^^^^^^^^^^^^^^^^^
  File "C:\253501_LYAMTSEV_14\IGI\LR5\.venv\Lib\site-packages\django\core\handlers\base.py", line 197, in _get_response
    response = wrapped_callback(request, *callback_args, **callback_kwargs)
               ^^^^^^^^^^^^^^^^^^^^^^^^^^^^^^^^^^^^^^^^^^^^^^^^^^^^^^^^^^^^
  File "C:\253501_LYAMTSEV_14\IGI\LR5\.venv\Lib\site-packages\django\contrib\auth\decorators.py", line 23, in _wrapper_view
    return view_func(request, *args, **kwargs)
           ^^^^^^^^^^^^^^^^^^^^^^^^^^^^^^^^^^^
  File "C:\253501_LYAMTSEV_14\IGI\LR5\pharmacy_proj\pharmacy_app\views.py", line 321, in activity_api_view
    activity = requests.get(api_url).json()['activity']
               ^^^^^^^^^^^^^^^^^^^^^^^^^^^^
  File "C:\253501_LYAMTSEV_14\IGI\LR5\.venv\Lib\site-packages\requests\models.py", line 975, in json
    raise RequestsJSONDecodeError(e.msg, e.doc, e.pos)
requests.exceptions.JSONDecodeError: Expecting value: line 1 column 1 (char 0)
[WARNING] [2024-05-26 15:50:09,240] [pharmacy_proj.custom_middleware.py] [Africa/Kinshasa time zone is activated]
[INFO] [2024-05-26 15:50:09,241] [pharmacy_app.views.py] [cat_fact_api_view is called]
[WARNING] [2024-05-26 15:50:11,193] [pharmacy_proj.custom_middleware.py] [Africa/Kinshasa time zone is activated]
[INFO] [2024-05-26 15:50:11,194] [pharmacy_app.views.py] [activity_api_view is called]
[ERROR] [2024-05-26 15:50:11,978] [django.request.py] [Internal Server Error: /activity/]
Traceback (most recent call last):
  File "C:\253501_LYAMTSEV_14\IGI\LR5\.venv\Lib\site-packages\requests\models.py", line 971, in json
    return complexjson.loads(self.text, **kwargs)
           ^^^^^^^^^^^^^^^^^^^^^^^^^^^^^^^^^^^^^^
  File "C:\Users\zhora\AppData\Local\Programs\Python\Python311\Lib\json\__init__.py", line 346, in loads
    return _default_decoder.decode(s)
           ^^^^^^^^^^^^^^^^^^^^^^^^^^
  File "C:\Users\zhora\AppData\Local\Programs\Python\Python311\Lib\json\decoder.py", line 337, in decode
    obj, end = self.raw_decode(s, idx=_w(s, 0).end())
               ^^^^^^^^^^^^^^^^^^^^^^^^^^^^^^^^^^^^^^
  File "C:\Users\zhora\AppData\Local\Programs\Python\Python311\Lib\json\decoder.py", line 355, in raw_decode
    raise JSONDecodeError("Expecting value", s, err.value) from None
json.decoder.JSONDecodeError: Expecting value: line 1 column 1 (char 0)

During handling of the above exception, another exception occurred:

Traceback (most recent call last):
  File "C:\253501_LYAMTSEV_14\IGI\LR5\.venv\Lib\site-packages\django\core\handlers\exception.py", line 55, in inner
    response = get_response(request)
               ^^^^^^^^^^^^^^^^^^^^^
  File "C:\253501_LYAMTSEV_14\IGI\LR5\.venv\Lib\site-packages\django\core\handlers\base.py", line 197, in _get_response
    response = wrapped_callback(request, *callback_args, **callback_kwargs)
               ^^^^^^^^^^^^^^^^^^^^^^^^^^^^^^^^^^^^^^^^^^^^^^^^^^^^^^^^^^^^
  File "C:\253501_LYAMTSEV_14\IGI\LR5\.venv\Lib\site-packages\django\contrib\auth\decorators.py", line 23, in _wrapper_view
    return view_func(request, *args, **kwargs)
           ^^^^^^^^^^^^^^^^^^^^^^^^^^^^^^^^^^^
  File "C:\253501_LYAMTSEV_14\IGI\LR5\pharmacy_proj\pharmacy_app\views.py", line 321, in activity_api_view
    activity = requests.get(api_url).json()['activity']
               ^^^^^^^^^^^^^^^^^^^^^^^^^^^^
  File "C:\253501_LYAMTSEV_14\IGI\LR5\.venv\Lib\site-packages\requests\models.py", line 975, in json
    raise RequestsJSONDecodeError(e.msg, e.doc, e.pos)
requests.exceptions.JSONDecodeError: Expecting value: line 1 column 1 (char 0)
[INFO] [2024-05-26 15:52:11,567] [django.utils.autoreload.py] [Watching for file changes with StatReloader]
[WARNING] [2024-05-26 15:52:15,008] [pharmacy_proj.custom_middleware.py] [Africa/Kinshasa time zone is activated]
[INFO] [2024-05-26 15:52:15,011] [pharmacy_app.views.py] [default_view is called]
[WARNING] [2024-05-26 15:52:15,034] [pharmacy_proj.custom_middleware.py] [Africa/Kinshasa time zone is activated]
[INFO] [2024-05-26 15:52:15,034] [pharmacy_app.views.py] [home_view is called]
[INFO] [2024-05-26 15:52:15,034] [pharmacy_app.views.py] [User is client or not authenticated]
[WARNING] [2024-05-26 15:52:15,084] [pharmacy_proj.custom_middleware.py] [Africa/Kinshasa time zone is activated]
[WARNING] [2024-05-26 15:52:16,901] [pharmacy_proj.custom_middleware.py] [Africa/Kinshasa time zone is activated]
[INFO] [2024-05-26 15:52:16,901] [pharmacy_app.views.py] [logout_view is called]
[WARNING] [2024-05-26 15:52:16,910] [pharmacy_proj.custom_middleware.py] [Time zone set to default]
[INFO] [2024-05-26 15:52:16,911] [pharmacy_app.views.py] [login_view is called]
[WARNING] [2024-05-26 15:52:20,094] [pharmacy_proj.custom_middleware.py] [Time zone set to default]
[INFO] [2024-05-26 15:52:20,097] [pharmacy_app.views.py] [login_view is called]
[INFO] [2024-05-26 15:52:20,397] [pharmacy_app.views.py] [Form is valid]
[WARNING] [2024-05-26 15:52:20,729] [pharmacy_proj.custom_middleware.py] [Time zone set to default]
[INFO] [2024-05-26 15:52:20,730] [pharmacy_app.views.py] [home_view is called]
[WARNING] [2024-05-26 15:52:21,032] [pharmacy_proj.custom_middleware.py] [Time zone set to default]
[WARNING] [2024-05-26 15:52:22,992] [pharmacy_proj.custom_middleware.py] [Time zone set to default]
[INFO] [2024-05-26 15:52:22,993] [pharmacy_app.views.py] [user_view is called]
[WARNING] [2024-05-26 15:52:23,006] [pharmacy_proj.custom_middleware.py] [Time zone set to default]
[WARNING] [2024-05-26 15:52:23,028] [pharmacy_proj.custom_middleware.py] [Time zone set to default]
[WARNING] [2024-05-26 15:52:34,458] [pharmacy_proj.custom_middleware.py] [Time zone set to default]
[INFO] [2024-05-26 15:52:34,458] [pharmacy_app.views.py] [activity_api_view is called]
[WARNING] [2024-05-26 15:52:35,157] [pharmacy_proj.custom_middleware.py] [Time zone set to default]
[INFO] [2024-05-26 15:52:35,157] [pharmacy_app.views.py] [user_view is called]
[WARNING] [2024-05-26 15:52:36,825] [pharmacy_proj.custom_middleware.py] [Time zone set to default]
[INFO] [2024-05-26 15:52:36,825] [pharmacy_app.views.py] [home_view is called]
[WARNING] [2024-05-26 15:52:37,728] [pharmacy_proj.custom_middleware.py] [Time zone set to default]
[INFO] [2024-05-26 15:52:37,728] [pharmacy_app.views.py] [home_view is called]
[WARNING] [2024-05-26 15:52:40,291] [pharmacy_proj.custom_middleware.py] [Time zone set to default]
[INFO] [2024-05-26 15:52:40,291] [pharmacy_app.views.py] [home_view is called]
[WARNING] [2024-05-26 15:52:41,993] [pharmacy_proj.custom_middleware.py] [Time zone set to default]
[INFO] [2024-05-26 15:52:41,994] [pharmacy_app.views.py] [login_view is called]
[WARNING] [2024-05-26 15:52:41,994] [pharmacy_app.views.py] [User is already authenticated]
[WARNING] [2024-05-26 15:52:42,627] [pharmacy_proj.custom_middleware.py] [Time zone set to default]
[INFO] [2024-05-26 15:52:42,628] [pharmacy_app.views.py] [activity_api_view is called]
[INFO] [2024-05-26 15:53:14,698] [django.utils.autoreload.py] [Watching for file changes with StatReloader]
[WARNING] [2024-05-26 15:53:16,915] [pharmacy_proj.custom_middleware.py] [Time zone set to default]
[INFO] [2024-05-26 15:53:16,916] [pharmacy_app.views.py] [default_view is called]
[WARNING] [2024-05-26 15:53:16,941] [pharmacy_proj.custom_middleware.py] [Time zone set to default]
[INFO] [2024-05-26 15:53:16,941] [pharmacy_app.views.py] [home_view is called]
[WARNING] [2024-05-26 15:53:17,318] [pharmacy_proj.custom_middleware.py] [Time zone set to default]
[WARNING] [2024-05-26 15:53:19,575] [pharmacy_proj.custom_middleware.py] [Time zone set to default]
[INFO] [2024-05-26 15:53:19,575] [pharmacy_app.views.py] [home_view is called]
[WARNING] [2024-05-26 15:53:19,746] [pharmacy_proj.custom_middleware.py] [Time zone set to default]
[WARNING] [2024-05-26 15:53:20,184] [pharmacy_proj.custom_middleware.py] [Time zone set to default]
[INFO] [2024-05-26 15:53:20,184] [pharmacy_app.views.py] [home_view is called]
[WARNING] [2024-05-26 15:53:20,356] [pharmacy_proj.custom_middleware.py] [Time zone set to default]
[WARNING] [2024-05-26 15:53:21,352] [pharmacy_proj.custom_middleware.py] [Time zone set to default]
[INFO] [2024-05-26 15:53:21,352] [pharmacy_app.views.py] [user_view is called]
[WARNING] [2024-05-26 15:53:21,376] [pharmacy_proj.custom_middleware.py] [Time zone set to default]
[WARNING] [2024-05-26 15:53:24,021] [pharmacy_proj.custom_middleware.py] [Time zone set to default]
[WARNING] [2024-05-26 15:53:24,078] [pharmacy_proj.custom_middleware.py] [Time zone set to default]
[WARNING] [2024-05-26 15:53:28,839] [pharmacy_proj.custom_middleware.py] [Time zone set to default]
[WARNING] [2024-05-26 15:53:30,392] [pharmacy_proj.custom_middleware.py] [Time zone set to default]
[WARNING] [2024-05-26 15:53:30,435] [pharmacy_proj.custom_middleware.py] [Time zone set to default]
[WARNING] [2024-05-26 15:53:32,134] [pharmacy_proj.custom_middleware.py] [Time zone set to default]
[WARNING] [2024-05-26 15:53:33,532] [pharmacy_proj.custom_middleware.py] [Time zone set to default]
[WARNING] [2024-05-26 15:53:33,578] [pharmacy_proj.custom_middleware.py] [Time zone set to default]
[WARNING] [2024-05-26 15:53:39,037] [pharmacy_proj.custom_middleware.py] [Time zone set to default]
[WARNING] [2024-05-26 15:53:50,317] [pharmacy_proj.custom_middleware.py] [Time zone set to default]
[WARNING] [2024-05-26 15:53:50,351] [pharmacy_proj.custom_middleware.py] [Time zone set to default]
[WARNING] [2024-05-26 15:53:52,688] [pharmacy_proj.custom_middleware.py] [Time zone set to default]
[WARNING] [2024-05-26 15:53:52,743] [pharmacy_proj.custom_middleware.py] [Time zone set to default]
[INFO] [2024-05-26 16:03:10,998] [django.utils.autoreload.py] [C:\253501_LYAMTSEV_14\IGI\LR5\pharmacy_proj\pharmacy_app\views.py changed, reloading.]
[INFO] [2024-05-26 16:03:12,871] [django.utils.autoreload.py] [Watching for file changes with StatReloader]
[INFO] [2024-05-26 16:03:30,507] [django.utils.autoreload.py] [C:\253501_LYAMTSEV_14\IGI\LR5\pharmacy_proj\pharmacy_app\views.py changed, reloading.]
[INFO] [2024-05-26 16:03:31,032] [django.utils.autoreload.py] [Watching for file changes with StatReloader]
[INFO] [2024-05-26 16:03:42,501] [django.utils.autoreload.py] [C:\253501_LYAMTSEV_14\IGI\LR5\pharmacy_proj\pharmacy_app\views.py changed, reloading.]
[INFO] [2024-05-26 16:03:43,102] [django.utils.autoreload.py] [Watching for file changes with StatReloader]
[INFO] [2024-05-26 16:15:28,931] [django.utils.autoreload.py] [Watching for file changes with StatReloader]
[WARNING] [2024-05-26 16:15:31,080] [pharmacy_proj.custom_middleware.py] [Time zone set to default]
[INFO] [2024-05-26 16:15:31,080] [pharmacy_app.views.py] [default_view is called]
[WARNING] [2024-05-26 16:15:31,115] [pharmacy_proj.custom_middleware.py] [Time zone set to default]
[INFO] [2024-05-26 16:15:31,115] [pharmacy_app.views.py] [home_view is called]
[ERROR] [2024-05-26 16:15:31,516] [django.request.py] [Internal Server Error: /home/]
Traceback (most recent call last):
  File "C:\253501_LYAMTSEV_14\IGI\LR5\.venv\Lib\site-packages\django\core\handlers\exception.py", line 55, in inner
    response = get_response(request)
               ^^^^^^^^^^^^^^^^^^^^^
  File "C:\253501_LYAMTSEV_14\IGI\LR5\.venv\Lib\site-packages\django\core\handlers\base.py", line 197, in _get_response
    response = wrapped_callback(request, *callback_args, **callback_kwargs)
               ^^^^^^^^^^^^^^^^^^^^^^^^^^^^^^^^^^^^^^^^^^^^^^^^^^^^^^^^^^^^
  File "C:\253501_LYAMTSEV_14\IGI\LR5\pharmacy_proj\pharmacy_app\views.py", line 301, in home_view
    return render(request, 'home_details.html', context)
           ^^^^^^^^^^^^^^^^^^^^^^^^^^^^^^^^^^^^^^^^^^^^^
  File "C:\253501_LYAMTSEV_14\IGI\LR5\.venv\Lib\site-packages\django\shortcuts.py", line 25, in render
    content = loader.render_to_string(template_name, context, request, using=using)
              ^^^^^^^^^^^^^^^^^^^^^^^^^^^^^^^^^^^^^^^^^^^^^^^^^^^^^^^^^^^^^^^^^^^^^
  File "C:\253501_LYAMTSEV_14\IGI\LR5\.venv\Lib\site-packages\django\template\loader.py", line 62, in render_to_string
    return template.render(context, request)
           ^^^^^^^^^^^^^^^^^^^^^^^^^^^^^^^^^
  File "C:\253501_LYAMTSEV_14\IGI\LR5\.venv\Lib\site-packages\django\template\backends\django.py", line 61, in render
    return self.template.render(context)
           ^^^^^^^^^^^^^^^^^^^^^^^^^^^^^
  File "C:\253501_LYAMTSEV_14\IGI\LR5\.venv\Lib\site-packages\django\template\base.py", line 171, in render
    return self._render(context)
           ^^^^^^^^^^^^^^^^^^^^^
  File "C:\253501_LYAMTSEV_14\IGI\LR5\.venv\Lib\site-packages\django\template\base.py", line 163, in _render
    return self.nodelist.render(context)
           ^^^^^^^^^^^^^^^^^^^^^^^^^^^^^
  File "C:\253501_LYAMTSEV_14\IGI\LR5\.venv\Lib\site-packages\django\template\base.py", line 1000, in render
    return SafeString("".join([node.render_annotated(context) for node in self]))
                              ^^^^^^^^^^^^^^^^^^^^^^^^^^^^^^^^^^^^^^^^^^^^^^^^^
  File "C:\253501_LYAMTSEV_14\IGI\LR5\.venv\Lib\site-packages\django\template\base.py", line 1000, in <listcomp>
    return SafeString("".join([node.render_annotated(context) for node in self]))
                               ^^^^^^^^^^^^^^^^^^^^^^^^^^^^^^
  File "C:\253501_LYAMTSEV_14\IGI\LR5\.venv\Lib\site-packages\django\template\base.py", line 961, in render_annotated
    return self.render(context)
           ^^^^^^^^^^^^^^^^^^^^
  File "C:\253501_LYAMTSEV_14\IGI\LR5\.venv\Lib\site-packages\django\template\loader_tags.py", line 159, in render
    return compiled_parent._render(context)
           ^^^^^^^^^^^^^^^^^^^^^^^^^^^^^^^^
  File "C:\253501_LYAMTSEV_14\IGI\LR5\.venv\Lib\site-packages\django\template\base.py", line 163, in _render
    return self.nodelist.render(context)
           ^^^^^^^^^^^^^^^^^^^^^^^^^^^^^
  File "C:\253501_LYAMTSEV_14\IGI\LR5\.venv\Lib\site-packages\django\template\base.py", line 1000, in render
    return SafeString("".join([node.render_annotated(context) for node in self]))
                              ^^^^^^^^^^^^^^^^^^^^^^^^^^^^^^^^^^^^^^^^^^^^^^^^^
  File "C:\253501_LYAMTSEV_14\IGI\LR5\.venv\Lib\site-packages\django\template\base.py", line 1000, in <listcomp>
    return SafeString("".join([node.render_annotated(context) for node in self]))
                               ^^^^^^^^^^^^^^^^^^^^^^^^^^^^^^
  File "C:\253501_LYAMTSEV_14\IGI\LR5\.venv\Lib\site-packages\django\template\base.py", line 961, in render_annotated
    return self.render(context)
           ^^^^^^^^^^^^^^^^^^^^
  File "C:\253501_LYAMTSEV_14\IGI\LR5\.venv\Lib\site-packages\django\template\defaulttags.py", line 479, in render
    url = reverse(view_name, args=args, kwargs=kwargs, current_app=current_app)
          ^^^^^^^^^^^^^^^^^^^^^^^^^^^^^^^^^^^^^^^^^^^^^^^^^^^^^^^^^^^^^^^^^^^^^
  File "C:\253501_LYAMTSEV_14\IGI\LR5\.venv\Lib\site-packages\django\urls\base.py", line 88, in reverse
    return resolver._reverse_with_prefix(view, prefix, *args, **kwargs)
           ^^^^^^^^^^^^^^^^^^^^^^^^^^^^^^^^^^^^^^^^^^^^^^^^^^^^^^^^^^^^
  File "C:\253501_LYAMTSEV_14\IGI\LR5\.venv\Lib\site-packages\django\urls\resolvers.py", line 851, in _reverse_with_prefix
    raise NoReverseMatch(msg)
django.urls.exceptions.NoReverseMatch: Reverse for 'news' not found. 'news' is not a valid view function or pattern name.
[INFO] [2024-05-26 16:16:03,656] [django.utils.autoreload.py] [C:\253501_LYAMTSEV_14\IGI\LR5\pharmacy_proj\pharmacy_app\urls.py changed, reloading.]
[INFO] [2024-05-26 16:16:05,415] [django.utils.autoreload.py] [Watching for file changes with StatReloader]
[WARNING] [2024-05-26 16:16:25,356] [pharmacy_proj.custom_middleware.py] [Time zone set to default]
[INFO] [2024-05-26 16:16:25,359] [pharmacy_app.views.py] [home_view is called]
[WARNING] [2024-05-26 16:16:25,681] [pharmacy_proj.custom_middleware.py] [Time zone set to default]
[WARNING] [2024-05-26 16:16:27,941] [pharmacy_proj.custom_middleware.py] [Time zone set to default]
[INFO] [2024-05-26 16:16:27,942] [pharmacy_app.views.py] [news_view is called]
[WARNING] [2024-05-26 16:16:27,995] [pharmacy_proj.custom_middleware.py] [Time zone set to default]
[WARNING] [2024-05-26 16:16:33,081] [pharmacy_proj.custom_middleware.py] [Time zone set to default]
[INFO] [2024-05-26 16:16:33,081] [pharmacy_app.views.py] [home_view is called]
[WARNING] [2024-05-26 16:16:33,278] [pharmacy_proj.custom_middleware.py] [Time zone set to default]
[WARNING] [2024-05-26 16:17:11,751] [pharmacy_proj.custom_middleware.py] [Time zone set to default]
[INFO] [2024-05-26 16:17:11,751] [pharmacy_app.views.py] [activity_api_view is called]
[ERROR] [2024-05-26 16:17:12,651] [pharmacy_app.views.py] [Error fetching activity: 503 Server Error: Service Unavailable for url: https://www.boredapi.com/api/activity]
[WARNING] [2024-05-26 16:17:15,209] [pharmacy_proj.custom_middleware.py] [Time zone set to default]
[INFO] [2024-05-26 16:17:15,210] [pharmacy_app.views.py] [activity_api_view is called]
[ERROR] [2024-05-26 16:17:15,882] [pharmacy_app.views.py] [Error fetching activity: 503 Server Error: Service Unavailable for url: https://www.boredapi.com/api/activity]
[WARNING] [2024-05-26 16:17:16,804] [pharmacy_proj.custom_middleware.py] [Time zone set to default]
[INFO] [2024-05-26 16:17:16,804] [pharmacy_app.views.py] [cat_fact_api_view is called]
[WARNING] [2024-05-26 16:17:18,949] [pharmacy_proj.custom_middleware.py] [Time zone set to default]
[INFO] [2024-05-26 16:17:18,954] [pharmacy_app.views.py] [cat_fact_api_view is called]
[WARNING] [2024-05-26 16:17:20,109] [pharmacy_proj.custom_middleware.py] [Time zone set to default]
[INFO] [2024-05-26 16:17:20,110] [pharmacy_app.views.py] [cat_fact_api_view is called]
[WARNING] [2024-05-26 16:17:20,810] [pharmacy_proj.custom_middleware.py] [Time zone set to default]
[INFO] [2024-05-26 16:17:20,811] [pharmacy_app.views.py] [cat_fact_api_view is called]
[WARNING] [2024-05-26 16:17:22,322] [pharmacy_proj.custom_middleware.py] [Time zone set to default]
[INFO] [2024-05-26 16:17:22,322] [pharmacy_app.views.py] [activity_api_view is called]
[ERROR] [2024-05-26 16:17:23,147] [pharmacy_app.views.py] [Error fetching activity: 503 Server Error: Service Unavailable for url: https://www.boredapi.com/api/activity]
[WARNING] [2024-05-26 16:17:23,809] [pharmacy_proj.custom_middleware.py] [Time zone set to default]
[INFO] [2024-05-26 16:17:23,809] [pharmacy_app.views.py] [activity_api_view is called]
[ERROR] [2024-05-26 16:17:24,492] [pharmacy_app.views.py] [Error fetching activity: 503 Server Error: Service Unavailable for url: https://www.boredapi.com/api/activity]
[WARNING] [2024-05-26 16:18:01,687] [pharmacy_proj.custom_middleware.py] [Time zone set to default]
[INFO] [2024-05-26 16:18:01,687] [pharmacy_app.views.py] [promo_view is called]
[WARNING] [2024-05-26 16:18:02,520] [pharmacy_proj.custom_middleware.py] [Time zone set to default]
[INFO] [2024-05-26 16:18:02,520] [pharmacy_app.views.py] [vacancies_view is called]
[WARNING] [2024-05-26 16:18:03,298] [pharmacy_proj.custom_middleware.py] [Time zone set to default]
[INFO] [2024-05-26 16:18:03,298] [pharmacy_app.views.py] [policy_view is called]
[WARNING] [2024-05-26 16:18:05,562] [pharmacy_proj.custom_middleware.py] [Time zone set to default]
[INFO] [2024-05-26 16:18:05,562] [pharmacy_app.views.py] [contacts_view is called]
[WARNING] [2024-05-26 16:18:06,459] [pharmacy_proj.custom_middleware.py] [Time zone set to default]
[INFO] [2024-05-26 16:18:06,459] [pharmacy_app.views.py] [questions_view is called]
[WARNING] [2024-05-26 16:18:06,972] [pharmacy_proj.custom_middleware.py] [Time zone set to default]
[INFO] [2024-05-26 16:18:06,972] [pharmacy_app.views.py] [policy_view is called]
[WARNING] [2024-05-26 16:18:07,691] [pharmacy_proj.custom_middleware.py] [Time zone set to default]
[INFO] [2024-05-26 16:18:07,691] [pharmacy_app.views.py] [contacts_view is called]
[WARNING] [2024-05-26 16:18:08,108] [pharmacy_proj.custom_middleware.py] [Time zone set to default]
[INFO] [2024-05-26 16:18:08,108] [pharmacy_app.views.py] [questions_view is called]
[WARNING] [2024-05-26 16:18:08,712] [pharmacy_proj.custom_middleware.py] [Time zone set to default]
[INFO] [2024-05-26 16:18:08,712] [pharmacy_app.views.py] [policy_view is called]
[WARNING] [2024-05-26 16:18:09,948] [pharmacy_proj.custom_middleware.py] [Time zone set to default]
[INFO] [2024-05-26 16:18:09,948] [pharmacy_app.views.py] [questions_view is called]
[WARNING] [2024-05-26 16:18:10,883] [pharmacy_proj.custom_middleware.py] [Time zone set to default]
[INFO] [2024-05-26 16:18:10,883] [pharmacy_app.views.py] [shop_view is called]
[INFO] [2024-05-26 16:18:10,884] [pharmacy_app.views.py] [Form is valid]
[WARNING] [2024-05-26 16:18:11,337] [pharmacy_proj.custom_middleware.py] [Time zone set to default]
[INFO] [2024-05-26 16:18:11,337] [pharmacy_app.views.py] [news_view is called]
[WARNING] [2024-05-26 16:18:12,461] [pharmacy_proj.custom_middleware.py] [Time zone set to default]
[INFO] [2024-05-26 16:18:12,461] [pharmacy_app.views.py] [policy_view is called]
[WARNING] [2024-05-26 16:18:21,280] [pharmacy_proj.custom_middleware.py] [Time zone set to default]
[INFO] [2024-05-26 16:18:21,281] [pharmacy_app.views.py] [contacts_view is called]
[WARNING] [2024-05-26 16:18:22,128] [pharmacy_proj.custom_middleware.py] [Time zone set to default]
[INFO] [2024-05-26 16:18:22,129] [pharmacy_app.views.py] [questions_view is called]
[WARNING] [2024-05-26 16:18:22,716] [pharmacy_proj.custom_middleware.py] [Time zone set to default]
[INFO] [2024-05-26 16:18:22,717] [pharmacy_app.views.py] [shop_view is called]
[INFO] [2024-05-26 16:18:22,717] [pharmacy_app.views.py] [Form is valid]
[WARNING] [2024-05-26 16:18:23,310] [pharmacy_proj.custom_middleware.py] [Time zone set to default]
[INFO] [2024-05-26 16:18:23,310] [pharmacy_app.views.py] [news_view is called]
[WARNING] [2024-05-26 16:18:24,120] [pharmacy_proj.custom_middleware.py] [Time zone set to default]
[INFO] [2024-05-26 16:18:24,120] [pharmacy_app.views.py] [policy_view is called]
[WARNING] [2024-05-26 16:18:25,846] [pharmacy_proj.custom_middleware.py] [Time zone set to default]
[INFO] [2024-05-26 16:18:25,846] [pharmacy_app.views.py] [vacancies_view is called]
[WARNING] [2024-05-26 16:18:26,596] [pharmacy_proj.custom_middleware.py] [Time zone set to default]
[INFO] [2024-05-26 16:18:26,597] [pharmacy_app.views.py] [reviews_view is called]
[WARNING] [2024-05-26 16:18:27,810] [pharmacy_proj.custom_middleware.py] [Time zone set to default]
[INFO] [2024-05-26 16:18:27,810] [pharmacy_app.views.py] [promo_view is called]
[WARNING] [2024-05-26 16:18:28,412] [pharmacy_proj.custom_middleware.py] [Time zone set to default]
[INFO] [2024-05-26 16:18:28,413] [pharmacy_app.views.py] [cat_fact_api_view is called]
[WARNING] [2024-05-26 16:18:30,394] [pharmacy_proj.custom_middleware.py] [Time zone set to default]
[INFO] [2024-05-26 16:18:30,394] [pharmacy_app.views.py] [cat_fact_api_view is called]
[WARNING] [2024-05-26 16:18:32,180] [pharmacy_proj.custom_middleware.py] [Time zone set to default]
[INFO] [2024-05-26 16:18:32,181] [pharmacy_app.views.py] [activity_api_view is called]
[ERROR] [2024-05-26 16:18:32,998] [pharmacy_app.views.py] [Error fetching activity: 503 Server Error: Service Unavailable for url: https://www.boredapi.com/api/activity]
[WARNING] [2024-05-26 16:18:33,682] [pharmacy_proj.custom_middleware.py] [Time zone set to default]
[INFO] [2024-05-26 16:18:33,683] [pharmacy_app.views.py] [activity_api_view is called]
[ERROR] [2024-05-26 16:18:34,441] [pharmacy_app.views.py] [Error fetching activity: 503 Server Error: Service Unavailable for url: https://www.boredapi.com/api/activity]
[WARNING] [2024-05-26 16:18:35,081] [pharmacy_proj.custom_middleware.py] [Time zone set to default]
[INFO] [2024-05-26 16:18:35,081] [pharmacy_app.views.py] [activity_api_view is called]
[ERROR] [2024-05-26 16:18:35,782] [pharmacy_app.views.py] [Error fetching activity: 503 Server Error: Service Unavailable for url: https://www.boredapi.com/api/activity]
[WARNING] [2024-05-26 16:18:36,305] [pharmacy_proj.custom_middleware.py] [Time zone set to default]
[INFO] [2024-05-26 16:18:36,305] [pharmacy_app.views.py] [activity_api_view is called]
[ERROR] [2024-05-26 16:18:37,062] [pharmacy_app.views.py] [Error fetching activity: 503 Server Error: Service Unavailable for url: https://www.boredapi.com/api/activity]
[WARNING] [2024-05-26 16:18:41,250] [pharmacy_proj.custom_middleware.py] [Time zone set to default]
[INFO] [2024-05-26 16:18:41,251] [pharmacy_app.views.py] [info_view is called]
[WARNING] [2024-05-26 16:18:41,251] [pharmacy_app.views.py] [No company info in database]
[WARNING] [2024-05-26 16:18:42,326] [pharmacy_proj.custom_middleware.py] [Time zone set to default]
[INFO] [2024-05-26 16:18:42,326] [pharmacy_app.views.py] [home_view is called]
[WARNING] [2024-05-26 16:18:42,514] [pharmacy_proj.custom_middleware.py] [Time zone set to default]
[WARNING] [2024-05-26 16:18:48,774] [pharmacy_proj.custom_middleware.py] [Time zone set to default]
[INFO] [2024-05-26 16:18:48,775] [pharmacy_app.views.py] [news_view is called]
[WARNING] [2024-05-26 16:18:50,398] [pharmacy_proj.custom_middleware.py] [Time zone set to default]
[INFO] [2024-05-26 16:18:50,399] [pharmacy_app.views.py] [shop_view is called]
[INFO] [2024-05-26 16:18:50,399] [pharmacy_app.views.py] [Form is valid]
[WARNING] [2024-05-26 16:18:52,207] [pharmacy_proj.custom_middleware.py] [Time zone set to default]
[INFO] [2024-05-26 16:18:52,208] [pharmacy_app.views.py] [news_view is called]
[WARNING] [2024-05-26 16:18:53,228] [pharmacy_proj.custom_middleware.py] [Time zone set to default]
[INFO] [2024-05-26 16:18:53,228] [pharmacy_app.views.py] [contacts_view is called]
[WARNING] [2024-05-26 16:18:53,639] [pharmacy_proj.custom_middleware.py] [Time zone set to default]
[INFO] [2024-05-26 16:18:53,639] [pharmacy_app.views.py] [policy_view is called]
[WARNING] [2024-05-26 16:18:54,372] [pharmacy_proj.custom_middleware.py] [Time zone set to default]
[INFO] [2024-05-26 16:18:54,372] [pharmacy_app.views.py] [reviews_view is called]
[WARNING] [2024-05-26 16:19:00,405] [pharmacy_proj.custom_middleware.py] [Time zone set to default]
[INFO] [2024-05-26 16:19:00,405] [pharmacy_app.views.py] [time_view is called]
[WARNING] [2024-05-26 16:19:07,837] [pharmacy_proj.custom_middleware.py] [Time zone set to default]
[INFO] [2024-05-26 16:19:07,837] [pharmacy_app.views.py] [time_view is called]
[INFO] [2024-05-26 16:19:07,837] [pharmacy_app.views.py] [User is authenticated]
[WARNING] [2024-05-26 16:19:10,753] [pharmacy_proj.custom_middleware.py] [America/Jamaica time zone is activated]
[INFO] [2024-05-26 16:19:10,753] [pharmacy_app.views.py] [time_view is called]
[INFO] [2024-05-26 16:19:10,753] [pharmacy_app.views.py] [User is authenticated]
[WARNING] [2024-05-26 16:19:28,460] [pharmacy_proj.custom_middleware.py] [America/Chihuahua time zone is activated]
[INFO] [2024-05-26 16:19:28,460] [pharmacy_app.views.py] [time_view is called]
[INFO] [2024-05-26 16:19:28,461] [pharmacy_app.views.py] [User is authenticated]
[WARNING] [2024-05-26 16:19:35,911] [pharmacy_proj.custom_middleware.py] [ROK time zone is activated]
[INFO] [2024-05-26 16:19:35,912] [pharmacy_app.views.py] [time_view is called]
[INFO] [2024-05-26 16:19:35,912] [pharmacy_app.views.py] [User is authenticated]
[WARNING] [2024-05-26 16:19:46,811] [pharmacy_proj.custom_middleware.py] [Etc/GMT+4 time zone is activated]
[INFO] [2024-05-26 16:19:46,811] [pharmacy_app.views.py] [time_view is called]
[INFO] [2024-05-26 16:19:46,811] [pharmacy_app.views.py] [User is authenticated]
[WARNING] [2024-05-26 16:19:57,178] [pharmacy_proj.custom_middleware.py] [Etc/GMT+5 time zone is activated]
[INFO] [2024-05-26 16:19:57,178] [pharmacy_app.views.py] [time_view is called]
[INFO] [2024-05-26 16:19:57,179] [pharmacy_app.views.py] [User is authenticated]
[WARNING] [2024-05-26 16:20:01,759] [pharmacy_proj.custom_middleware.py] [Etc/GMT+4 time zone is activated]
[INFO] [2024-05-26 16:20:01,760] [pharmacy_app.views.py] [time_view is called]
[INFO] [2024-05-26 16:20:01,760] [pharmacy_app.views.py] [User is authenticated]
[WARNING] [2024-05-26 16:20:05,398] [pharmacy_proj.custom_middleware.py] [Etc/GMT+4 time zone is activated]
[INFO] [2024-05-26 16:20:05,398] [pharmacy_app.views.py] [time_view is called]
[INFO] [2024-05-26 16:20:05,399] [pharmacy_app.views.py] [User is authenticated]
[WARNING] [2024-05-26 16:20:08,722] [pharmacy_proj.custom_middleware.py] [Atlantic/Bermuda time zone is activated]
[INFO] [2024-05-26 16:20:08,723] [pharmacy_app.views.py] [time_view is called]
[INFO] [2024-05-26 16:20:08,723] [pharmacy_app.views.py] [User is authenticated]
[WARNING] [2024-05-26 16:20:13,108] [pharmacy_proj.custom_middleware.py] [Etc/GMT+4 time zone is activated]
[INFO] [2024-05-26 16:20:13,112] [pharmacy_app.views.py] [time_view is called]
[INFO] [2024-05-26 16:20:13,112] [pharmacy_app.views.py] [User is authenticated]
[WARNING] [2024-05-26 16:20:21,159] [pharmacy_proj.custom_middleware.py] [Etc/GMT-1 time zone is activated]
[INFO] [2024-05-26 16:20:21,159] [pharmacy_app.views.py] [time_view is called]
[INFO] [2024-05-26 16:20:21,159] [pharmacy_app.views.py] [User is authenticated]
[WARNING] [2024-05-26 16:20:26,398] [pharmacy_proj.custom_middleware.py] [Asia/Aqtobe time zone is activated]
[INFO] [2024-05-26 16:20:26,399] [pharmacy_app.views.py] [time_view is called]
[INFO] [2024-05-26 16:20:26,399] [pharmacy_app.views.py] [User is authenticated]
[WARNING] [2024-05-26 16:20:43,566] [pharmacy_proj.custom_middleware.py] [Pacific/Kiritimati time zone is activated]
[INFO] [2024-05-26 16:20:43,567] [pharmacy_app.views.py] [time_view is called]
[INFO] [2024-05-26 16:20:43,567] [pharmacy_app.views.py] [User is authenticated]
[WARNING] [2024-05-26 16:20:49,921] [pharmacy_proj.custom_middleware.py] [Pacific/Kiritimati time zone is activated]
[INFO] [2024-05-26 16:20:49,921] [pharmacy_app.views.py] [time_view is called]
[INFO] [2024-05-26 16:20:49,921] [pharmacy_app.views.py] [User is authenticated]
[WARNING] [2024-05-26 16:21:37,452] [pharmacy_proj.custom_middleware.py] [America/Guadeloupe time zone is activated]
[INFO] [2024-05-26 16:21:37,453] [pharmacy_app.views.py] [time_view is called]
[INFO] [2024-05-26 16:21:37,453] [pharmacy_app.views.py] [User is authenticated]
[WARNING] [2024-05-26 16:21:43,104] [pharmacy_proj.custom_middleware.py] [America/Caracas time zone is activated]
[INFO] [2024-05-26 16:21:43,104] [pharmacy_app.views.py] [time_view is called]
[INFO] [2024-05-26 16:21:43,104] [pharmacy_app.views.py] [User is authenticated]
[WARNING] [2024-05-26 16:24:23,241] [pharmacy_proj.custom_middleware.py] [Europe/Bucharest time zone is activated]
[INFO] [2024-05-26 16:24:23,241] [pharmacy_app.views.py] [time_view is called]
[INFO] [2024-05-26 16:24:23,253] [pharmacy_app.views.py] [User is authenticated]
[WARNING] [2024-05-26 16:24:30,459] [pharmacy_proj.custom_middleware.py] [Greenwich time zone is activated]
[INFO] [2024-05-26 16:24:30,460] [pharmacy_app.views.py] [time_view is called]
[INFO] [2024-05-26 16:24:30,460] [pharmacy_app.views.py] [User is authenticated]
[WARNING] [2024-05-26 16:24:33,727] [pharmacy_proj.custom_middleware.py] [GMT0 time zone is activated]
[INFO] [2024-05-26 16:24:33,728] [pharmacy_app.views.py] [time_view is called]
[INFO] [2024-05-26 16:24:33,728] [pharmacy_app.views.py] [User is authenticated]
[WARNING] [2024-05-26 16:24:38,750] [pharmacy_proj.custom_middleware.py] [Australia/Adelaide time zone is activated]
[INFO] [2024-05-26 16:24:38,750] [pharmacy_app.views.py] [time_view is called]
[INFO] [2024-05-26 16:24:38,751] [pharmacy_app.views.py] [User is authenticated]
[WARNING] [2024-05-26 16:24:39,797] [pharmacy_proj.custom_middleware.py] [Etc/GMT-8 time zone is activated]
[INFO] [2024-05-26 16:24:39,798] [pharmacy_app.views.py] [time_view is called]
[INFO] [2024-05-26 16:24:39,798] [pharmacy_app.views.py] [User is authenticated]
[WARNING] [2024-05-26 16:24:40,330] [pharmacy_proj.custom_middleware.py] [Etc/GMT+10 time zone is activated]
[INFO] [2024-05-26 16:24:40,330] [pharmacy_app.views.py] [time_view is called]
[INFO] [2024-05-26 16:24:40,330] [pharmacy_app.views.py] [User is authenticated]
[WARNING] [2024-05-26 16:24:40,830] [pharmacy_proj.custom_middleware.py] [Etc/GMT+10 time zone is activated]
[INFO] [2024-05-26 16:24:40,831] [pharmacy_app.views.py] [time_view is called]
[INFO] [2024-05-26 16:24:40,831] [pharmacy_app.views.py] [User is authenticated]
[WARNING] [2024-05-26 16:24:41,156] [pharmacy_proj.custom_middleware.py] [Etc/GMT+10 time zone is activated]
[INFO] [2024-05-26 16:24:41,156] [pharmacy_app.views.py] [time_view is called]
[INFO] [2024-05-26 16:24:41,156] [pharmacy_app.views.py] [User is authenticated]
[WARNING] [2024-05-26 16:24:41,496] [pharmacy_proj.custom_middleware.py] [Etc/GMT+10 time zone is activated]
[INFO] [2024-05-26 16:24:41,496] [pharmacy_app.views.py] [time_view is called]
[INFO] [2024-05-26 16:24:41,497] [pharmacy_app.views.py] [User is authenticated]
[WARNING] [2024-05-26 16:24:41,828] [pharmacy_proj.custom_middleware.py] [Etc/GMT+10 time zone is activated]
[INFO] [2024-05-26 16:24:41,828] [pharmacy_app.views.py] [time_view is called]
[INFO] [2024-05-26 16:24:41,828] [pharmacy_app.views.py] [User is authenticated]
[WARNING] [2024-05-26 16:24:45,257] [pharmacy_proj.custom_middleware.py] [Etc/GMT+10 time zone is activated]
[INFO] [2024-05-26 16:24:45,258] [pharmacy_app.views.py] [time_view is called]
[INFO] [2024-05-26 16:24:45,258] [pharmacy_app.views.py] [User is authenticated]
[WARNING] [2024-05-26 16:24:46,591] [pharmacy_proj.custom_middleware.py] [Etc/GMT-1 time zone is activated]
[INFO] [2024-05-26 16:24:46,591] [pharmacy_app.views.py] [time_view is called]
[INFO] [2024-05-26 16:24:46,592] [pharmacy_app.views.py] [User is authenticated]
[WARNING] [2024-05-26 16:24:50,859] [pharmacy_proj.custom_middleware.py] [Etc/GMT+10 time zone is activated]
[INFO] [2024-05-26 16:24:50,860] [pharmacy_app.views.py] [time_view is called]
[INFO] [2024-05-26 16:24:50,860] [pharmacy_app.views.py] [User is authenticated]
[WARNING] [2024-05-26 16:24:53,459] [pharmacy_proj.custom_middleware.py] [Asia/Tbilisi time zone is activated]
[INFO] [2024-05-26 16:24:53,460] [pharmacy_app.views.py] [time_view is called]
[INFO] [2024-05-26 16:24:53,460] [pharmacy_app.views.py] [User is authenticated]
[WARNING] [2024-05-26 16:24:59,876] [pharmacy_proj.custom_middleware.py] [Etc/GMT+4 time zone is activated]
[INFO] [2024-05-26 16:24:59,876] [pharmacy_app.views.py] [time_view is called]
[INFO] [2024-05-26 16:24:59,876] [pharmacy_app.views.py] [User is authenticated]
[WARNING] [2024-05-26 16:25:06,121] [pharmacy_proj.custom_middleware.py] [GB time zone is activated]
[INFO] [2024-05-26 16:25:06,122] [pharmacy_app.views.py] [time_view is called]
[INFO] [2024-05-26 16:25:06,122] [pharmacy_app.views.py] [User is authenticated]
[WARNING] [2024-05-26 16:25:08,245] [pharmacy_proj.custom_middleware.py] [America/Whitehorse time zone is activated]
[INFO] [2024-05-26 16:25:08,246] [pharmacy_app.views.py] [cat_fact_api_view is called]
[WARNING] [2024-05-26 16:25:11,613] [pharmacy_proj.custom_middleware.py] [America/Whitehorse time zone is activated]
[INFO] [2024-05-26 16:25:11,614] [pharmacy_app.views.py] [cat_fact_api_view is called]
[WARNING] [2024-05-26 16:25:13,044] [pharmacy_proj.custom_middleware.py] [America/Whitehorse time zone is activated]
[INFO] [2024-05-26 16:25:13,044] [pharmacy_app.views.py] [contacts_view is called]
[WARNING] [2024-05-26 16:25:14,282] [pharmacy_proj.custom_middleware.py] [America/Whitehorse time zone is activated]
[INFO] [2024-05-26 16:25:14,282] [pharmacy_app.views.py] [policy_view is called]
[WARNING] [2024-05-26 16:25:15,800] [pharmacy_proj.custom_middleware.py] [America/Whitehorse time zone is activated]
[INFO] [2024-05-26 16:25:15,800] [pharmacy_app.views.py] [news_view is called]
[WARNING] [2024-05-26 16:25:15,838] [pharmacy_proj.custom_middleware.py] [America/Whitehorse time zone is activated]
[WARNING] [2024-05-26 16:25:16,810] [pharmacy_proj.custom_middleware.py] [America/Whitehorse time zone is activated]
[INFO] [2024-05-26 16:25:16,810] [pharmacy_app.views.py] [home_view is called]
[WARNING] [2024-05-26 16:25:16,977] [pharmacy_proj.custom_middleware.py] [America/Whitehorse time zone is activated]
[INFO] [2024-05-27 19:42:19,139] [django.utils.autoreload.py] [Watching for file changes with StatReloader]
[WARNING] [2024-05-27 19:42:20,973] [pharmacy_proj.custom_middleware.py] [America/Whitehorse time zone is activated]
[INFO] [2024-05-27 19:42:20,989] [pharmacy_app.views.py] [default_view is called]
[WARNING] [2024-05-27 19:42:21,024] [pharmacy_proj.custom_middleware.py] [America/Whitehorse time zone is activated]
[INFO] [2024-05-27 19:42:21,025] [pharmacy_app.views.py] [home_view is called]
[WARNING] [2024-05-27 19:42:22,014] [pharmacy_proj.custom_middleware.py] [America/Whitehorse time zone is activated]
[WARNING] [2024-05-27 19:42:22,199] [pharmacy_proj.custom_middleware.py] [America/Whitehorse time zone is activated]
[WARNING] [2024-05-27 19:42:22,320] [django.request.py] [Not Found: /favicon.ico]
[WARNING] [2024-05-27 19:42:24,819] [pharmacy_proj.custom_middleware.py] [America/Whitehorse time zone is activated]
[INFO] [2024-05-27 19:42:24,819] [pharmacy_app.views.py] [reviews_view is called]
[WARNING] [2024-05-27 19:42:25,673] [pharmacy_proj.custom_middleware.py] [America/Whitehorse time zone is activated]
[INFO] [2024-05-27 19:42:25,673] [pharmacy_app.views.py] [review_create_view is called]
[WARNING] [2024-05-27 19:43:16,691] [pharmacy_proj.custom_middleware.py] [America/Whitehorse time zone is activated]
[INFO] [2024-05-27 19:43:16,691] [pharmacy_app.views.py] [review_create_view is called]
[WARNING] [2024-05-27 19:44:57,848] [pharmacy_proj.custom_middleware.py] [America/Whitehorse time zone is activated]
[INFO] [2024-05-27 19:44:57,849] [pharmacy_app.views.py] [review_create_view is called]
[WARNING] [2024-05-27 19:46:12,574] [pharmacy_proj.custom_middleware.py] [America/Whitehorse time zone is activated]
[INFO] [2024-05-27 19:46:12,575] [pharmacy_app.views.py] [default_view is called]
[WARNING] [2024-05-27 19:46:12,592] [pharmacy_proj.custom_middleware.py] [America/Whitehorse time zone is activated]
[INFO] [2024-05-27 19:46:12,592] [pharmacy_app.views.py] [home_view is called]
[WARNING] [2024-05-27 19:46:12,860] [pharmacy_proj.custom_middleware.py] [America/Whitehorse time zone is activated]
[WARNING] [2024-05-27 19:46:18,403] [pharmacy_proj.custom_middleware.py] [America/Whitehorse time zone is activated]
[INFO] [2024-05-27 19:46:18,403] [pharmacy_app.views.py] [reviews_view is called]
[WARNING] [2024-05-27 19:46:19,372] [pharmacy_proj.custom_middleware.py] [America/Whitehorse time zone is activated]
[INFO] [2024-05-27 19:46:19,373] [pharmacy_app.views.py] [review_create_view is called]
[WARNING] [2024-05-27 19:47:40,199] [pharmacy_proj.custom_middleware.py] [America/Whitehorse time zone is activated]
[INFO] [2024-05-27 19:47:40,200] [pharmacy_app.views.py] [default_view is called]
[WARNING] [2024-05-27 19:47:40,215] [pharmacy_proj.custom_middleware.py] [America/Whitehorse time zone is activated]
[INFO] [2024-05-27 19:47:40,216] [pharmacy_app.views.py] [home_view is called]
[WARNING] [2024-05-27 19:47:40,440] [pharmacy_proj.custom_middleware.py] [America/Whitehorse time zone is activated]
[WARNING] [2024-05-27 19:47:42,137] [pharmacy_proj.custom_middleware.py] [America/Whitehorse time zone is activated]
[INFO] [2024-05-27 19:47:42,137] [pharmacy_app.views.py] [reviews_view is called]
[WARNING] [2024-05-27 19:47:42,874] [pharmacy_proj.custom_middleware.py] [America/Whitehorse time zone is activated]
[INFO] [2024-05-27 19:47:42,874] [pharmacy_app.views.py] [review_create_view is called]
[WARNING] [2024-05-27 22:40:49,833] [pharmacy_proj.custom_middleware.py] [America/Whitehorse time zone is activated]
[INFO] [2024-05-27 22:40:49,836] [pharmacy_app.views.py] [review_create_view is called]
[WARNING] [2024-05-27 23:04:46,462] [pharmacy_proj.custom_middleware.py] [Time zone set to default]
[INFO] [2024-05-27 23:04:46,462] [pharmacy_app.views.py] [info_view is called]
[INFO] [2024-05-27 23:04:46,462] [pharmacy_app.views.py] [There is company info in database]
[WARNING] [2024-05-27 23:04:47,393] [pharmacy_proj.custom_middleware.py] [Time zone set to default]
[INFO] [2024-05-27 23:04:47,393] [pharmacy_app.views.py] [login_view is called]
[WARNING] [2024-05-27 23:04:47,767] [pharmacy_app.views.py] [Form has invalid data]
[WARNING] [2024-05-27 23:04:47,786] [pharmacy_proj.custom_middleware.py] [Time zone set to default]
[INFO] [2024-05-27 23:04:47,786] [pharmacy_app.views.py] [login_view is called]
[INFO] [2024-05-27 23:04:48,121] [pharmacy_app.views.py] [Form is valid]
[WARNING] [2024-05-27 23:04:48,413] [pharmacy_proj.custom_middleware.py] [Europe/Minsk time zone is activated]
[INFO] [2024-05-27 23:04:48,421] [pharmacy_app.views.py] [home_view is called]
[INFO] [2024-05-27 23:04:48,429] [pharmacy_app.views.py] [User is client or not authenticated]
[WARNING] [2024-05-27 23:04:48,437] [pharmacy_proj.custom_middleware.py] [Time zone set to default]
[INFO] [2024-05-27 23:04:48,437] [pharmacy_app.views.py] [login_view is called]
[WARNING] [2024-05-27 23:04:49,581] [pharmacy_proj.custom_middleware.py] [Europe/Minsk time zone is activated]
[INFO] [2024-05-27 23:04:49,581] [pharmacy_app.views.py] [logout_view is called]
[WARNING] [2024-05-27 23:04:49,582] [pharmacy_proj.custom_middleware.py] [Time zone set to default]
[INFO] [2024-05-27 23:04:49,583] [pharmacy_app.views.py] [login_view is called]
[WARNING] [2024-05-27 23:04:51,908] [pharmacy_proj.custom_middleware.py] [Time zone set to default]
[INFO] [2024-05-27 23:04:51,908] [pharmacy_app.views.py] [policy_view is called]
[WARNING] [2024-05-27 23:04:52,802] [pharmacy_proj.custom_middleware.py] [Time zone set to default]
[INFO] [2024-05-27 23:04:52,802] [pharmacy_app.views.py] [promo_view is called]
[WARNING] [2024-05-27 23:04:53,685] [pharmacy_proj.custom_middleware.py] [Time zone set to default]
[INFO] [2024-05-27 23:04:53,686] [pharmacy_app.views.py] [questions_view is called]
[WARNING] [2024-05-27 23:04:54,528] [pharmacy_proj.custom_middleware.py] [Time zone set to default]
[INFO] [2024-05-27 23:04:54,528] [pharmacy_app.views.py] [register_view is called]
[WARNING] [2024-05-27 23:04:54,541] [pharmacy_app.views.py] [Form has invalid data]
[WARNING] [2024-05-27 23:04:54,644] [pharmacy_proj.custom_middleware.py] [Time zone set to default]
[INFO] [2024-05-27 23:04:54,645] [pharmacy_app.views.py] [register_view is called]
[INFO] [2024-05-27 23:04:54,649] [pharmacy_app.views.py] [Form is valid]
[WARNING] [2024-05-27 23:04:54,649] [pharmacy_app.views.py] [The user who registers has a unique username]
[WARNING] [2024-05-27 23:04:54,938] [pharmacy_proj.custom_middleware.py] [Time zone set to default]
[INFO] [2024-05-27 23:04:54,938] [pharmacy_app.views.py] [login_view is called]
[WARNING] [2024-05-27 23:04:54,948] [pharmacy_proj.custom_middleware.py] [Time zone set to default]
[INFO] [2024-05-27 23:04:54,948] [pharmacy_app.views.py] [register_view is called]
[WARNING] [2024-05-27 23:04:55,886] [pharmacy_proj.custom_middleware.py] [Time zone set to default]
[WARNING] [2024-05-27 23:04:56,159] [pharmacy_proj.custom_middleware.py] [Europe/Minsk time zone is activated]
[INFO] [2024-05-27 23:04:56,159] [pharmacy_app.views.py] [review_create_view is called]
[WARNING] [2024-05-27 23:04:56,451] [pharmacy_proj.custom_middleware.py] [Europe/Minsk time zone is activated]
[INFO] [2024-05-27 23:04:56,451] [pharmacy_app.views.py] [review_create_view is called]
[INFO] [2024-05-27 23:04:56,451] [pharmacy_app.views.py] [Form is valid]
[WARNING] [2024-05-27 23:04:57,330] [pharmacy_proj.custom_middleware.py] [Time zone set to default]
[INFO] [2024-05-27 23:04:57,330] [pharmacy_app.views.py] [reviews_view is called]
[WARNING] [2024-05-27 23:04:59,062] [pharmacy_proj.custom_middleware.py] [Time zone set to default]
[INFO] [2024-05-27 23:04:59,062] [pharmacy_app.views.py] [time_view is called]
[WARNING] [2024-05-27 23:04:59,934] [pharmacy_proj.custom_middleware.py] [Time zone set to default]
[INFO] [2024-05-27 23:04:59,934] [pharmacy_app.views.py] [vacancies_view is called]
[WARNING] [2024-05-27 23:06:11,946] [pharmacy_proj.custom_middleware.py] [Time zone set to default]
[INFO] [2024-05-27 23:06:11,946] [pharmacy_app.views.py] [info_view is called]
[INFO] [2024-05-27 23:06:11,946] [pharmacy_app.views.py] [There is company info in database]
[WARNING] [2024-05-27 23:06:12,832] [pharmacy_proj.custom_middleware.py] [Time zone set to default]
[INFO] [2024-05-27 23:06:12,832] [pharmacy_app.views.py] [login_view is called]
[WARNING] [2024-05-27 23:06:13,114] [pharmacy_app.views.py] [Form has invalid data]
[WARNING] [2024-05-27 23:06:13,121] [pharmacy_proj.custom_middleware.py] [Time zone set to default]
[INFO] [2024-05-27 23:06:13,121] [pharmacy_app.views.py] [login_view is called]
[INFO] [2024-05-27 23:06:13,395] [pharmacy_app.views.py] [Form is valid]
[WARNING] [2024-05-27 23:06:13,682] [pharmacy_proj.custom_middleware.py] [Europe/Minsk time zone is activated]
[INFO] [2024-05-27 23:06:13,689] [pharmacy_app.views.py] [home_view is called]
[INFO] [2024-05-27 23:06:13,689] [pharmacy_app.views.py] [User is client or not authenticated]
[WARNING] [2024-05-27 23:06:13,689] [pharmacy_proj.custom_middleware.py] [Time zone set to default]
[INFO] [2024-05-27 23:06:13,689] [pharmacy_app.views.py] [login_view is called]
[WARNING] [2024-05-27 23:06:14,881] [pharmacy_proj.custom_middleware.py] [Europe/Minsk time zone is activated]
[INFO] [2024-05-27 23:06:14,881] [pharmacy_app.views.py] [logout_view is called]
[WARNING] [2024-05-27 23:06:14,882] [pharmacy_proj.custom_middleware.py] [Time zone set to default]
[INFO] [2024-05-27 23:06:14,883] [pharmacy_app.views.py] [login_view is called]
[WARNING] [2024-05-27 23:06:17,286] [pharmacy_proj.custom_middleware.py] [Time zone set to default]
[INFO] [2024-05-27 23:06:17,286] [pharmacy_app.views.py] [policy_view is called]
[WARNING] [2024-05-27 23:06:18,154] [pharmacy_proj.custom_middleware.py] [Time zone set to default]
[INFO] [2024-05-27 23:06:18,154] [pharmacy_app.views.py] [promo_view is called]
[WARNING] [2024-05-27 23:06:19,001] [pharmacy_proj.custom_middleware.py] [Time zone set to default]
[INFO] [2024-05-27 23:06:19,001] [pharmacy_app.views.py] [questions_view is called]
[WARNING] [2024-05-27 23:06:19,845] [pharmacy_proj.custom_middleware.py] [Time zone set to default]
[INFO] [2024-05-27 23:06:19,845] [pharmacy_app.views.py] [register_view is called]
[WARNING] [2024-05-27 23:06:19,861] [pharmacy_app.views.py] [Form has invalid data]
[WARNING] [2024-05-27 23:06:19,933] [pharmacy_proj.custom_middleware.py] [Time zone set to default]
[INFO] [2024-05-27 23:06:19,934] [pharmacy_app.views.py] [register_view is called]
[INFO] [2024-05-27 23:06:19,936] [pharmacy_app.views.py] [Form is valid]
[WARNING] [2024-05-27 23:06:19,936] [pharmacy_app.views.py] [The user who registers has a unique username]
[WARNING] [2024-05-27 23:06:20,222] [pharmacy_proj.custom_middleware.py] [Time zone set to default]
[INFO] [2024-05-27 23:06:20,222] [pharmacy_app.views.py] [login_view is called]
[WARNING] [2024-05-27 23:06:20,224] [pharmacy_proj.custom_middleware.py] [Time zone set to default]
[INFO] [2024-05-27 23:06:20,224] [pharmacy_app.views.py] [register_view is called]
[WARNING] [2024-05-27 23:06:21,166] [pharmacy_proj.custom_middleware.py] [Time zone set to default]
[WARNING] [2024-05-27 23:06:21,486] [pharmacy_proj.custom_middleware.py] [Europe/Minsk time zone is activated]
[INFO] [2024-05-27 23:06:21,487] [pharmacy_app.views.py] [review_create_view is called]
[WARNING] [2024-05-27 23:06:21,775] [pharmacy_proj.custom_middleware.py] [Europe/Minsk time zone is activated]
[INFO] [2024-05-27 23:06:21,775] [pharmacy_app.views.py] [review_create_view is called]
[INFO] [2024-05-27 23:06:21,775] [pharmacy_app.views.py] [Form is valid]
[WARNING] [2024-05-27 23:06:22,692] [pharmacy_proj.custom_middleware.py] [Time zone set to default]
[INFO] [2024-05-27 23:06:22,693] [pharmacy_app.views.py] [reviews_view is called]
[WARNING] [2024-05-27 23:06:24,417] [pharmacy_proj.custom_middleware.py] [Time zone set to default]
[INFO] [2024-05-27 23:06:24,418] [pharmacy_app.views.py] [time_view is called]
[WARNING] [2024-05-27 23:06:25,267] [pharmacy_proj.custom_middleware.py] [Time zone set to default]
[INFO] [2024-05-27 23:06:25,267] [pharmacy_app.views.py] [vacancies_view is called]
[INFO] [2024-05-28 00:46:34,317] [matplotlib.font_manager.py] [generated new fontManager]
[INFO] [2024-05-28 10:28:34,206] [django.utils.autoreload.py] [Watching for file changes with StatReloader]
[WARNING] [2024-05-28 10:28:50,025] [pharmacy_proj.custom_middleware.py] [Time zone set to default]
[INFO] [2024-05-28 10:28:50,025] [pharmacy_app.views.py] [default_view is called]
[WARNING] [2024-05-28 10:28:50,079] [pharmacy_proj.custom_middleware.py] [Time zone set to default]
[INFO] [2024-05-28 10:28:50,079] [pharmacy_app.views.py] [home_view is called]
[INFO] [2024-05-28 10:28:50,079] [pharmacy_app.views.py] [User is client or not authenticated]
[WARNING] [2024-05-28 10:28:50,087] [pharmacy_app.views.py] [There is no medications]
[WARNING] [2024-05-28 10:28:50,463] [pharmacy_proj.custom_middleware.py] [Time zone set to default]
[WARNING] [2024-05-28 10:28:50,513] [django.request.py] [Not Found: /favicon.ico]
[WARNING] [2024-05-28 10:28:54,187] [pharmacy_proj.custom_middleware.py] [Time zone set to default]
[INFO] [2024-05-28 10:28:54,187] [pharmacy_app.views.py] [login_view is called]
[WARNING] [2024-05-28 10:28:55,573] [pharmacy_proj.custom_middleware.py] [Time zone set to default]
[WARNING] [2024-05-28 10:28:55,594] [pharmacy_proj.custom_middleware.py] [Time zone set to default]
[INFO] [2024-05-28 10:28:55,596] [pharmacy_app.views.py] [login_view is called]
[WARNING] [2024-05-28 10:29:03,483] [pharmacy_proj.custom_middleware.py] [Time zone set to default]
[INFO] [2024-05-28 10:29:03,483] [pharmacy_app.views.py] [login_view is called]
[INFO] [2024-05-28 10:29:04,164] [pharmacy_app.views.py] [Form is valid]
[WARNING] [2024-05-28 10:29:05,067] [pharmacy_proj.custom_middleware.py] [Time zone set to default]
[INFO] [2024-05-28 10:29:05,069] [pharmacy_app.views.py] [home_view is called]
[WARNING] [2024-05-28 10:29:06,994] [pharmacy_proj.custom_middleware.py] [Time zone set to default]
[INFO] [2024-05-28 10:29:06,995] [pharmacy_app.views.py] [activity_api_view is called]
[ERROR] [2024-05-28 10:29:08,018] [pharmacy_app.views.py] [Error fetching activity: 503 Server Error: Service Unavailable for url: https://www.boredapi.com/api/activity]
[WARNING] [2024-05-28 10:29:09,638] [pharmacy_proj.custom_middleware.py] [Time zone set to default]
[INFO] [2024-05-28 10:29:09,638] [pharmacy_app.views.py] [cat_fact_api_view is called]
[WARNING] [2024-05-28 10:29:12,819] [pharmacy_proj.custom_middleware.py] [Time zone set to default]
[INFO] [2024-05-28 10:29:12,819] [pharmacy_app.views.py] [activity_api_view is called]
[ERROR] [2024-05-28 10:29:13,651] [pharmacy_app.views.py] [Error fetching activity: 503 Server Error: Service Unavailable for url: https://www.boredapi.com/api/activity]
[WARNING] [2024-05-28 10:29:14,669] [pharmacy_proj.custom_middleware.py] [Time zone set to default]
[INFO] [2024-05-28 10:29:14,669] [pharmacy_app.views.py] [activity_api_view is called]
[WARNING] [2024-05-28 10:29:14,853] [pharmacy_proj.custom_middleware.py] [Time zone set to default]
[INFO] [2024-05-28 10:29:14,853] [pharmacy_app.views.py] [activity_api_view is called]
[WARNING] [2024-05-28 10:29:15,071] [pharmacy_proj.custom_middleware.py] [Time zone set to default]
[INFO] [2024-05-28 10:29:15,075] [pharmacy_app.views.py] [activity_api_view is called]
[ERROR] [2024-05-28 10:29:15,295] [pharmacy_app.views.py] [Error fetching activity: 503 Server Error: Service Unavailable for url: https://www.boredapi.com/api/activity]
[ERROR] [2024-05-28 10:29:15,495] [pharmacy_app.views.py] [Error fetching activity: 503 Server Error: Service Unavailable for url: https://www.boredapi.com/api/activity]
[ERROR] [2024-05-28 10:29:15,698] [pharmacy_app.views.py] [Error fetching activity: 503 Server Error: Service Unavailable for url: https://www.boredapi.com/api/activity]
[WARNING] [2024-05-28 10:29:16,638] [pharmacy_proj.custom_middleware.py] [Time zone set to default]
[INFO] [2024-05-28 10:29:16,638] [pharmacy_app.views.py] [home_view is called]
[WARNING] [2024-05-28 10:29:19,469] [pharmacy_proj.custom_middleware.py] [Time zone set to default]
[INFO] [2024-05-28 10:29:19,469] [pharmacy_app.views.py] [info_view is called]
[WARNING] [2024-05-28 10:29:19,472] [pharmacy_app.views.py] [No company info in database]
[WARNING] [2024-05-28 10:29:22,885] [pharmacy_proj.custom_middleware.py] [Time zone set to default]
[INFO] [2024-05-28 10:29:22,885] [pharmacy_app.views.py] [news_view is called]
[WARNING] [2024-05-28 10:29:22,887] [pharmacy_app.views.py] [There is no medications]
[WARNING] [2024-05-28 10:29:30,634] [pharmacy_proj.custom_middleware.py] [Time zone set to default]
[INFO] [2024-05-28 10:29:30,634] [pharmacy_app.views.py] [home_view is called]
[WARNING] [2024-05-28 10:29:40,851] [pharmacy_proj.custom_middleware.py] [Time zone set to default]
[INFO] [2024-05-28 10:29:40,851] [pharmacy_app.views.py] [logout_view is called]
[WARNING] [2024-05-28 10:29:40,900] [pharmacy_proj.custom_middleware.py] [Time zone set to default]
[INFO] [2024-05-28 10:29:40,900] [pharmacy_app.views.py] [login_view is called]
[WARNING] [2024-05-28 10:29:42,580] [pharmacy_proj.custom_middleware.py] [Time zone set to default]
[INFO] [2024-05-28 10:29:42,582] [pharmacy_app.views.py] [register_view is called]
[WARNING] [2024-05-28 10:30:45,306] [pharmacy_proj.custom_middleware.py] [Time zone set to default]
[INFO] [2024-05-28 10:30:45,310] [pharmacy_app.views.py] [register_view is called]
[INFO] [2024-05-28 10:30:45,334] [pharmacy_app.views.py] [Form is valid]
[WARNING] [2024-05-28 10:30:45,336] [pharmacy_app.views.py] [The user who registers has a unique username]
[WARNING] [2024-05-28 10:30:46,150] [pharmacy_proj.custom_middleware.py] [Time zone set to default]
[INFO] [2024-05-28 10:30:46,150] [pharmacy_app.views.py] [login_view is called]
[WARNING] [2024-05-28 10:30:55,916] [pharmacy_proj.custom_middleware.py] [Time zone set to default]
[INFO] [2024-05-28 10:30:55,917] [pharmacy_app.views.py] [register_view is called]
[WARNING] [2024-05-28 10:32:35,632] [pharmacy_proj.custom_middleware.py] [Time zone set to default]
[INFO] [2024-05-28 10:32:35,632] [pharmacy_app.views.py] [register_view is called]
[INFO] [2024-05-28 10:32:35,661] [pharmacy_app.views.py] [Form is valid]
[WARNING] [2024-05-28 10:32:35,665] [pharmacy_app.views.py] [The user who registers has a unique username]
[WARNING] [2024-05-28 10:32:36,572] [pharmacy_proj.custom_middleware.py] [Time zone set to default]
[INFO] [2024-05-28 10:32:36,572] [pharmacy_app.views.py] [login_view is called]
[WARNING] [2024-05-28 10:32:47,206] [pharmacy_proj.custom_middleware.py] [Time zone set to default]
[INFO] [2024-05-28 10:32:47,207] [pharmacy_app.views.py] [login_view is called]
[INFO] [2024-05-28 10:32:47,970] [pharmacy_app.views.py] [Form is valid]
[WARNING] [2024-05-28 10:32:48,805] [pharmacy_proj.custom_middleware.py] [Europe/Minsk time zone is activated]
[INFO] [2024-05-28 10:32:48,816] [pharmacy_app.views.py] [home_view is called]
[INFO] [2024-05-28 10:32:48,818] [pharmacy_app.views.py] [User is client or not authenticated]
[WARNING] [2024-05-28 10:32:48,821] [pharmacy_app.views.py] [There is no medications]
[WARNING] [2024-05-28 10:32:52,280] [pharmacy_proj.custom_middleware.py] [Europe/Minsk time zone is activated]
[INFO] [2024-05-28 10:32:52,280] [pharmacy_app.views.py] [logout_view is called]
[WARNING] [2024-05-28 10:32:52,308] [pharmacy_proj.custom_middleware.py] [Time zone set to default]
[INFO] [2024-05-28 10:32:52,308] [pharmacy_app.views.py] [login_view is called]
[WARNING] [2024-05-28 10:33:03,949] [pharmacy_proj.custom_middleware.py] [Time zone set to default]
[INFO] [2024-05-28 10:33:03,949] [pharmacy_app.views.py] [login_view is called]
[INFO] [2024-05-28 10:33:04,736] [pharmacy_app.views.py] [Form is valid]
[WARNING] [2024-05-28 10:33:05,578] [pharmacy_proj.custom_middleware.py] [Time zone set to default]
[INFO] [2024-05-28 10:33:05,578] [pharmacy_app.views.py] [home_view is called]
[WARNING] [2024-05-28 10:33:12,172] [pharmacy_proj.custom_middleware.py] [Time zone set to default]
[INFO] [2024-05-28 10:33:12,172] [pharmacy_app.views.py] [user_view is called]
[WARNING] [2024-05-28 10:33:12,212] [pharmacy_proj.custom_middleware.py] [Time zone set to default]
[WARNING] [2024-05-28 10:33:12,263] [pharmacy_proj.custom_middleware.py] [Time zone set to default]
[WARNING] [2024-05-28 10:33:44,547] [pharmacy_proj.custom_middleware.py] [Time zone set to default]
[INFO] [2024-05-28 10:33:44,547] [pharmacy_app.views.py] [user_view is called]
[WARNING] [2024-05-28 10:33:44,599] [pharmacy_proj.custom_middleware.py] [Time zone set to default]
[WARNING] [2024-05-28 10:33:58,726] [pharmacy_proj.custom_middleware.py] [Time zone set to default]
[WARNING] [2024-05-28 10:33:59,043] [pharmacy_proj.custom_middleware.py] [Time zone set to default]
[WARNING] [2024-05-28 10:34:02,491] [pharmacy_proj.custom_middleware.py] [Time zone set to default]
[WARNING] [2024-05-28 10:34:02,607] [pharmacy_proj.custom_middleware.py] [Time zone set to default]
[WARNING] [2024-05-28 10:34:19,389] [pharmacy_proj.custom_middleware.py] [Time zone set to default]
[WARNING] [2024-05-28 10:34:20,857] [pharmacy_proj.custom_middleware.py] [Time zone set to default]
[WARNING] [2024-05-28 10:34:21,123] [pharmacy_proj.custom_middleware.py] [Time zone set to default]
[WARNING] [2024-05-28 10:34:27,064] [pharmacy_proj.custom_middleware.py] [Time zone set to default]
[WARNING] [2024-05-28 10:34:29,029] [pharmacy_proj.custom_middleware.py] [Time zone set to default]
[WARNING] [2024-05-28 10:34:29,134] [pharmacy_proj.custom_middleware.py] [Time zone set to default]
[WARNING] [2024-05-28 10:34:31,966] [pharmacy_proj.custom_middleware.py] [Time zone set to default]
[WARNING] [2024-05-28 10:34:32,204] [pharmacy_proj.custom_middleware.py] [Time zone set to default]
[WARNING] [2024-05-28 10:34:43,336] [pharmacy_proj.custom_middleware.py] [Time zone set to default]
[WARNING] [2024-05-28 10:34:43,406] [pharmacy_proj.custom_middleware.py] [Time zone set to default]
[WARNING] [2024-05-28 10:34:43,512] [pharmacy_proj.custom_middleware.py] [Time zone set to default]
[WARNING] [2024-05-28 10:35:02,502] [pharmacy_proj.custom_middleware.py] [Time zone set to default]
[WARNING] [2024-05-28 10:35:02,593] [pharmacy_proj.custom_middleware.py] [Time zone set to default]
[WARNING] [2024-05-28 10:36:20,584] [pharmacy_proj.custom_middleware.py] [Time zone set to default]
[WARNING] [2024-05-28 10:36:20,728] [pharmacy_proj.custom_middleware.py] [Time zone set to default]
[WARNING] [2024-05-28 10:36:34,688] [pharmacy_proj.custom_middleware.py] [Time zone set to default]
[WARNING] [2024-05-28 10:36:34,794] [pharmacy_proj.custom_middleware.py] [Time zone set to default]
[WARNING] [2024-05-28 10:36:58,219] [pharmacy_proj.custom_middleware.py] [Time zone set to default]
[WARNING] [2024-05-28 10:36:59,030] [pharmacy_proj.custom_middleware.py] [Time zone set to default]
[WARNING] [2024-05-28 10:36:59,199] [pharmacy_proj.custom_middleware.py] [Time zone set to default]
[WARNING] [2024-05-28 10:37:33,338] [pharmacy_proj.custom_middleware.py] [Time zone set to default]
[WARNING] [2024-05-28 10:37:33,392] [pharmacy_proj.custom_middleware.py] [Time zone set to default]
[WARNING] [2024-05-28 10:37:33,509] [pharmacy_proj.custom_middleware.py] [Time zone set to default]
[WARNING] [2024-05-28 10:37:36,751] [pharmacy_proj.custom_middleware.py] [Time zone set to default]
[WARNING] [2024-05-28 10:37:36,865] [pharmacy_proj.custom_middleware.py] [Time zone set to default]
[WARNING] [2024-05-28 10:37:39,810] [pharmacy_proj.custom_middleware.py] [Time zone set to default]
[WARNING] [2024-05-28 10:37:39,975] [pharmacy_proj.custom_middleware.py] [Time zone set to default]
[WARNING] [2024-05-28 10:41:22,949] [pharmacy_proj.custom_middleware.py] [Time zone set to default]
[WARNING] [2024-05-28 10:41:23,162] [pharmacy_proj.custom_middleware.py] [Time zone set to default]
[WARNING] [2024-05-28 10:43:10,894] [pharmacy_proj.custom_middleware.py] [Time zone set to default]
[WARNING] [2024-05-28 10:43:17,477] [pharmacy_proj.custom_middleware.py] [Time zone set to default]
[WARNING] [2024-05-28 10:43:17,730] [pharmacy_proj.custom_middleware.py] [Time zone set to default]
[WARNING] [2024-05-28 10:43:17,854] [pharmacy_proj.custom_middleware.py] [Time zone set to default]
[WARNING] [2024-05-28 10:43:20,725] [pharmacy_proj.custom_middleware.py] [Time zone set to default]
[WARNING] [2024-05-28 10:43:20,909] [pharmacy_proj.custom_middleware.py] [Time zone set to default]
[WARNING] [2024-05-28 10:43:24,703] [pharmacy_proj.custom_middleware.py] [Time zone set to default]
[WARNING] [2024-05-28 10:43:27,203] [pharmacy_proj.custom_middleware.py] [Time zone set to default]
[WARNING] [2024-05-28 10:43:29,550] [pharmacy_proj.custom_middleware.py] [Time zone set to default]
[WARNING] [2024-05-28 10:43:32,504] [pharmacy_proj.custom_middleware.py] [Time zone set to default]
[WARNING] [2024-05-28 10:43:32,608] [pharmacy_proj.custom_middleware.py] [Time zone set to default]
[WARNING] [2024-05-28 10:43:34,440] [pharmacy_proj.custom_middleware.py] [Time zone set to default]
[WARNING] [2024-05-28 10:43:34,590] [pharmacy_proj.custom_middleware.py] [Time zone set to default]
[WARNING] [2024-05-28 10:43:59,857] [pharmacy_proj.custom_middleware.py] [Time zone set to default]
[WARNING] [2024-05-28 10:44:00,018] [pharmacy_proj.custom_middleware.py] [Time zone set to default]
[WARNING] [2024-05-28 10:44:00,177] [pharmacy_proj.custom_middleware.py] [Time zone set to default]
[WARNING] [2024-05-28 10:44:32,036] [pharmacy_proj.custom_middleware.py] [Time zone set to default]
[WARNING] [2024-05-28 10:44:32,093] [pharmacy_proj.custom_middleware.py] [Time zone set to default]
[WARNING] [2024-05-28 10:44:32,265] [pharmacy_proj.custom_middleware.py] [Time zone set to default]
[WARNING] [2024-05-28 10:45:12,889] [pharmacy_proj.custom_middleware.py] [Time zone set to default]
[WARNING] [2024-05-28 10:45:12,947] [pharmacy_proj.custom_middleware.py] [Time zone set to default]
[WARNING] [2024-05-28 10:45:13,157] [pharmacy_proj.custom_middleware.py] [Time zone set to default]
[WARNING] [2024-05-28 10:45:46,176] [pharmacy_proj.custom_middleware.py] [Time zone set to default]
[WARNING] [2024-05-28 10:45:46,230] [pharmacy_proj.custom_middleware.py] [Time zone set to default]
[WARNING] [2024-05-28 10:45:46,347] [pharmacy_proj.custom_middleware.py] [Time zone set to default]
[WARNING] [2024-05-28 10:46:07,301] [pharmacy_proj.custom_middleware.py] [Time zone set to default]
[WARNING] [2024-05-28 10:46:07,441] [pharmacy_proj.custom_middleware.py] [Time zone set to default]
[WARNING] [2024-05-28 10:46:09,442] [pharmacy_proj.custom_middleware.py] [Time zone set to default]
[WARNING] [2024-05-28 10:46:09,546] [pharmacy_proj.custom_middleware.py] [Time zone set to default]
[WARNING] [2024-05-28 10:46:12,426] [pharmacy_proj.custom_middleware.py] [Time zone set to default]
[WARNING] [2024-05-28 10:46:17,968] [pharmacy_proj.custom_middleware.py] [Time zone set to default]
[WARNING] [2024-05-28 10:46:18,068] [pharmacy_proj.custom_middleware.py] [Time zone set to default]
[WARNING] [2024-05-28 10:47:02,119] [pharmacy_proj.custom_middleware.py] [Time zone set to default]
[WARNING] [2024-05-28 10:47:02,170] [pharmacy_proj.custom_middleware.py] [Time zone set to default]
[WARNING] [2024-05-28 10:47:02,310] [pharmacy_proj.custom_middleware.py] [Time zone set to default]
[WARNING] [2024-05-28 10:47:04,823] [pharmacy_proj.custom_middleware.py] [Time zone set to default]
[WARNING] [2024-05-28 10:47:04,935] [pharmacy_proj.custom_middleware.py] [Time zone set to default]
[WARNING] [2024-05-28 10:48:07,591] [pharmacy_proj.custom_middleware.py] [Time zone set to default]
[WARNING] [2024-05-28 10:48:07,630] [pharmacy_proj.custom_middleware.py] [Time zone set to default]
[WARNING] [2024-05-28 10:48:07,741] [pharmacy_proj.custom_middleware.py] [Time zone set to default]
[WARNING] [2024-05-28 10:48:14,063] [pharmacy_proj.custom_middleware.py] [Time zone set to default]
[WARNING] [2024-05-28 10:48:14,176] [pharmacy_proj.custom_middleware.py] [Time zone set to default]
[WARNING] [2024-05-28 10:49:09,052] [pharmacy_proj.custom_middleware.py] [Time zone set to default]
[WARNING] [2024-05-28 10:49:09,099] [pharmacy_proj.custom_middleware.py] [Time zone set to default]
[WARNING] [2024-05-28 10:49:09,252] [pharmacy_proj.custom_middleware.py] [Time zone set to default]
[WARNING] [2024-05-28 10:50:22,463] [pharmacy_proj.custom_middleware.py] [Time zone set to default]
[WARNING] [2024-05-28 10:50:22,607] [pharmacy_proj.custom_middleware.py] [Time zone set to default]
[WARNING] [2024-05-28 10:51:56,258] [pharmacy_proj.custom_middleware.py] [Time zone set to default]
[WARNING] [2024-05-28 10:51:56,306] [pharmacy_proj.custom_middleware.py] [Time zone set to default]
[WARNING] [2024-05-28 10:51:56,449] [pharmacy_proj.custom_middleware.py] [Time zone set to default]
[WARNING] [2024-05-28 10:51:59,232] [pharmacy_proj.custom_middleware.py] [Time zone set to default]
[WARNING] [2024-05-28 10:51:59,356] [pharmacy_proj.custom_middleware.py] [Time zone set to default]
[WARNING] [2024-05-28 10:52:08,931] [pharmacy_proj.custom_middleware.py] [Time zone set to default]
[WARNING] [2024-05-28 10:52:08,944] [pharmacy_proj.custom_middleware.py] [Time zone set to default]
[INFO] [2024-05-28 10:52:08,944] [pharmacy_app.views.py] [login_view is called]
[WARNING] [2024-05-28 10:52:09,306] [pharmacy_proj.custom_middleware.py] [Time zone set to default]
[WARNING] [2024-05-28 10:52:09,325] [django.request.py] [Not Found: /favicon.ico]
[WARNING] [2024-05-28 10:52:12,114] [pharmacy_proj.custom_middleware.py] [Time zone set to default]
[INFO] [2024-05-28 10:52:12,114] [pharmacy_app.views.py] [vacancies_view is called]
[WARNING] [2024-05-28 10:52:24,628] [pharmacy_proj.custom_middleware.py] [Time zone set to default]
[WARNING] [2024-05-28 10:52:24,722] [pharmacy_proj.custom_middleware.py] [Time zone set to default]
[WARNING] [2024-05-28 10:52:30,253] [pharmacy_proj.custom_middleware.py] [Time zone set to default]
[WARNING] [2024-05-28 10:52:30,296] [pharmacy_proj.custom_middleware.py] [Time zone set to default]
[WARNING] [2024-05-28 10:52:30,411] [pharmacy_proj.custom_middleware.py] [Time zone set to default]
[WARNING] [2024-05-28 10:52:32,640] [pharmacy_proj.custom_middleware.py] [Time zone set to default]
[WARNING] [2024-05-28 10:52:32,724] [pharmacy_proj.custom_middleware.py] [Time zone set to default]
[WARNING] [2024-05-28 10:53:05,259] [pharmacy_proj.custom_middleware.py] [Time zone set to default]
[WARNING] [2024-05-28 10:53:05,300] [pharmacy_proj.custom_middleware.py] [Time zone set to default]
[WARNING] [2024-05-28 10:53:05,410] [pharmacy_proj.custom_middleware.py] [Time zone set to default]
[WARNING] [2024-05-28 10:53:16,344] [pharmacy_proj.custom_middleware.py] [Time zone set to default]
[WARNING] [2024-05-28 10:53:16,471] [pharmacy_proj.custom_middleware.py] [Time zone set to default]
[WARNING] [2024-05-28 10:53:19,441] [pharmacy_proj.custom_middleware.py] [Time zone set to default]
[WARNING] [2024-05-28 10:53:19,539] [pharmacy_proj.custom_middleware.py] [Time zone set to default]
[WARNING] [2024-05-28 10:53:34,516] [pharmacy_proj.custom_middleware.py] [Time zone set to default]
[WARNING] [2024-05-28 10:53:34,641] [pharmacy_proj.custom_middleware.py] [Time zone set to default]
[WARNING] [2024-05-28 10:53:39,463] [pharmacy_proj.custom_middleware.py] [Time zone set to default]
[WARNING] [2024-05-28 10:53:39,568] [pharmacy_proj.custom_middleware.py] [Time zone set to default]
[WARNING] [2024-05-28 10:53:41,430] [pharmacy_proj.custom_middleware.py] [Time zone set to default]
[WARNING] [2024-05-28 10:53:41,544] [pharmacy_proj.custom_middleware.py] [Time zone set to default]
[WARNING] [2024-05-28 10:55:19,428] [pharmacy_proj.custom_middleware.py] [Time zone set to default]
[WARNING] [2024-05-28 10:55:19,481] [pharmacy_proj.custom_middleware.py] [Time zone set to default]
[WARNING] [2024-05-28 10:55:19,604] [pharmacy_proj.custom_middleware.py] [Time zone set to default]
[WARNING] [2024-05-28 10:55:35,002] [pharmacy_proj.custom_middleware.py] [Time zone set to default]
[WARNING] [2024-05-28 10:55:35,047] [pharmacy_proj.custom_middleware.py] [Time zone set to default]
[WARNING] [2024-05-28 10:55:35,134] [pharmacy_proj.custom_middleware.py] [Time zone set to default]
[WARNING] [2024-05-28 10:55:47,225] [pharmacy_proj.custom_middleware.py] [Time zone set to default]
[WARNING] [2024-05-28 10:55:47,274] [pharmacy_proj.custom_middleware.py] [Time zone set to default]
[WARNING] [2024-05-28 10:55:47,395] [pharmacy_proj.custom_middleware.py] [Time zone set to default]
[WARNING] [2024-05-28 10:55:49,774] [pharmacy_proj.custom_middleware.py] [Time zone set to default]
[WARNING] [2024-05-28 10:55:49,880] [pharmacy_proj.custom_middleware.py] [Time zone set to default]
[WARNING] [2024-05-28 10:56:05,081] [pharmacy_proj.custom_middleware.py] [Time zone set to default]
[WARNING] [2024-05-28 10:56:05,125] [pharmacy_proj.custom_middleware.py] [Time zone set to default]
[WARNING] [2024-05-28 10:56:05,221] [pharmacy_proj.custom_middleware.py] [Time zone set to default]
[WARNING] [2024-05-28 10:56:17,650] [pharmacy_proj.custom_middleware.py] [Time zone set to default]
[WARNING] [2024-05-28 10:56:17,698] [pharmacy_proj.custom_middleware.py] [Time zone set to default]
[WARNING] [2024-05-28 10:56:17,812] [pharmacy_proj.custom_middleware.py] [Time zone set to default]
[WARNING] [2024-05-28 10:56:19,367] [pharmacy_proj.custom_middleware.py] [Time zone set to default]
[WARNING] [2024-05-28 10:56:19,480] [pharmacy_proj.custom_middleware.py] [Time zone set to default]
[WARNING] [2024-05-28 10:56:31,617] [pharmacy_proj.custom_middleware.py] [Time zone set to default]
[WARNING] [2024-05-28 10:56:31,663] [pharmacy_proj.custom_middleware.py] [Time zone set to default]
[WARNING] [2024-05-28 10:56:31,767] [pharmacy_proj.custom_middleware.py] [Time zone set to default]
[WARNING] [2024-05-28 10:56:48,528] [pharmacy_proj.custom_middleware.py] [Time zone set to default]
[WARNING] [2024-05-28 10:56:48,578] [pharmacy_proj.custom_middleware.py] [Time zone set to default]
[WARNING] [2024-05-28 10:56:48,684] [pharmacy_proj.custom_middleware.py] [Time zone set to default]
[WARNING] [2024-05-28 10:57:05,209] [pharmacy_proj.custom_middleware.py] [Time zone set to default]
[WARNING] [2024-05-28 10:57:05,259] [pharmacy_proj.custom_middleware.py] [Time zone set to default]
[WARNING] [2024-05-28 10:57:05,358] [pharmacy_proj.custom_middleware.py] [Time zone set to default]
[WARNING] [2024-05-28 10:57:14,377] [pharmacy_proj.custom_middleware.py] [Time zone set to default]
[WARNING] [2024-05-28 10:57:14,421] [pharmacy_proj.custom_middleware.py] [Time zone set to default]
[WARNING] [2024-05-28 10:57:14,515] [pharmacy_proj.custom_middleware.py] [Time zone set to default]
[WARNING] [2024-05-28 10:57:27,766] [pharmacy_proj.custom_middleware.py] [Time zone set to default]
[WARNING] [2024-05-28 10:57:27,816] [pharmacy_proj.custom_middleware.py] [Time zone set to default]
[WARNING] [2024-05-28 10:57:27,925] [pharmacy_proj.custom_middleware.py] [Time zone set to default]
[WARNING] [2024-05-28 10:57:32,631] [pharmacy_proj.custom_middleware.py] [Time zone set to default]
[WARNING] [2024-05-28 10:57:32,751] [pharmacy_proj.custom_middleware.py] [Time zone set to default]
[WARNING] [2024-05-28 10:57:35,757] [pharmacy_proj.custom_middleware.py] [Time zone set to default]
[WARNING] [2024-05-28 10:57:35,890] [pharmacy_proj.custom_middleware.py] [Time zone set to default]
[WARNING] [2024-05-28 10:58:43,618] [pharmacy_proj.custom_middleware.py] [Time zone set to default]
[WARNING] [2024-05-28 10:58:43,665] [pharmacy_proj.custom_middleware.py] [Time zone set to default]
[WARNING] [2024-05-28 10:58:43,833] [pharmacy_proj.custom_middleware.py] [Time zone set to default]
[WARNING] [2024-05-28 10:58:45,366] [pharmacy_proj.custom_middleware.py] [Time zone set to default]
[WARNING] [2024-05-28 10:58:45,481] [pharmacy_proj.custom_middleware.py] [Time zone set to default]
[WARNING] [2024-05-28 10:59:30,653] [pharmacy_proj.custom_middleware.py] [Time zone set to default]
[WARNING] [2024-05-28 10:59:30,702] [pharmacy_proj.custom_middleware.py] [Time zone set to default]
[WARNING] [2024-05-28 10:59:30,886] [pharmacy_proj.custom_middleware.py] [Time zone set to default]
[WARNING] [2024-05-28 10:59:32,801] [pharmacy_proj.custom_middleware.py] [Time zone set to default]
[WARNING] [2024-05-28 10:59:32,912] [pharmacy_proj.custom_middleware.py] [Time zone set to default]
[WARNING] [2024-05-28 11:00:12,952] [pharmacy_proj.custom_middleware.py] [Time zone set to default]
[WARNING] [2024-05-28 11:00:13,002] [pharmacy_proj.custom_middleware.py] [Time zone set to default]
[WARNING] [2024-05-28 11:00:13,154] [pharmacy_proj.custom_middleware.py] [Time zone set to default]
[WARNING] [2024-05-28 11:00:21,385] [pharmacy_proj.custom_middleware.py] [Time zone set to default]
[WARNING] [2024-05-28 11:00:21,498] [pharmacy_proj.custom_middleware.py] [Time zone set to default]
[WARNING] [2024-05-28 11:01:26,341] [pharmacy_proj.custom_middleware.py] [Time zone set to default]
[WARNING] [2024-05-28 11:01:26,383] [pharmacy_proj.custom_middleware.py] [Time zone set to default]
[WARNING] [2024-05-28 11:01:26,560] [pharmacy_proj.custom_middleware.py] [Time zone set to default]
[WARNING] [2024-05-28 11:01:28,447] [pharmacy_proj.custom_middleware.py] [Time zone set to default]
[WARNING] [2024-05-28 11:01:28,556] [pharmacy_proj.custom_middleware.py] [Time zone set to default]
[WARNING] [2024-05-28 11:02:12,628] [pharmacy_proj.custom_middleware.py] [Time zone set to default]
[WARNING] [2024-05-28 11:02:12,683] [pharmacy_proj.custom_middleware.py] [Time zone set to default]
[WARNING] [2024-05-28 11:02:12,847] [pharmacy_proj.custom_middleware.py] [Time zone set to default]
[WARNING] [2024-05-28 11:02:39,462] [pharmacy_proj.custom_middleware.py] [Time zone set to default]
[WARNING] [2024-05-28 11:02:39,599] [pharmacy_proj.custom_middleware.py] [Time zone set to default]
[WARNING] [2024-05-28 11:02:55,798] [pharmacy_proj.custom_middleware.py] [Time zone set to default]
[WARNING] [2024-05-28 11:02:55,898] [pharmacy_proj.custom_middleware.py] [Time zone set to default]
[WARNING] [2024-05-28 11:03:56,427] [pharmacy_proj.custom_middleware.py] [Time zone set to default]
[WARNING] [2024-05-28 11:03:56,567] [pharmacy_proj.custom_middleware.py] [Time zone set to default]
[WARNING] [2024-05-28 11:03:58,369] [pharmacy_proj.custom_middleware.py] [Time zone set to default]
[WARNING] [2024-05-28 11:03:58,408] [pharmacy_proj.custom_middleware.py] [Time zone set to default]
[WARNING] [2024-05-28 11:03:58,502] [pharmacy_proj.custom_middleware.py] [Time zone set to default]
[WARNING] [2024-05-28 11:04:03,523] [pharmacy_proj.custom_middleware.py] [Time zone set to default]
[WARNING] [2024-05-28 11:04:03,564] [pharmacy_proj.custom_middleware.py] [Time zone set to default]
[WARNING] [2024-05-28 11:04:03,656] [pharmacy_proj.custom_middleware.py] [Time zone set to default]
[WARNING] [2024-05-28 11:04:06,469] [pharmacy_proj.custom_middleware.py] [Time zone set to default]
[WARNING] [2024-05-28 11:04:06,511] [pharmacy_proj.custom_middleware.py] [Time zone set to default]
[WARNING] [2024-05-28 11:04:06,604] [pharmacy_proj.custom_middleware.py] [Time zone set to default]
[WARNING] [2024-05-28 11:04:09,952] [pharmacy_proj.custom_middleware.py] [Time zone set to default]
[WARNING] [2024-05-28 11:04:10,002] [pharmacy_proj.custom_middleware.py] [Time zone set to default]
[WARNING] [2024-05-28 11:04:10,116] [pharmacy_proj.custom_middleware.py] [Time zone set to default]
[WARNING] [2024-05-28 11:04:12,934] [pharmacy_proj.custom_middleware.py] [Time zone set to default]
[WARNING] [2024-05-28 11:04:12,979] [pharmacy_proj.custom_middleware.py] [Time zone set to default]
[WARNING] [2024-05-28 11:04:13,084] [pharmacy_proj.custom_middleware.py] [Time zone set to default]
[WARNING] [2024-05-28 11:04:15,557] [pharmacy_proj.custom_middleware.py] [Time zone set to default]
[WARNING] [2024-05-28 11:04:15,589] [pharmacy_proj.custom_middleware.py] [Time zone set to default]
[WARNING] [2024-05-28 11:04:15,676] [pharmacy_proj.custom_middleware.py] [Time zone set to default]
[WARNING] [2024-05-28 11:04:18,461] [pharmacy_proj.custom_middleware.py] [Time zone set to default]
[WARNING] [2024-05-28 11:04:18,510] [pharmacy_proj.custom_middleware.py] [Time zone set to default]
[WARNING] [2024-05-28 11:04:18,608] [pharmacy_proj.custom_middleware.py] [Time zone set to default]
[WARNING] [2024-05-28 11:04:20,968] [pharmacy_proj.custom_middleware.py] [Time zone set to default]
[WARNING] [2024-05-28 11:04:21,013] [pharmacy_proj.custom_middleware.py] [Time zone set to default]
[WARNING] [2024-05-28 11:04:21,112] [pharmacy_proj.custom_middleware.py] [Time zone set to default]
[WARNING] [2024-05-28 11:04:23,918] [pharmacy_proj.custom_middleware.py] [Time zone set to default]
[WARNING] [2024-05-28 11:04:23,967] [pharmacy_proj.custom_middleware.py] [Time zone set to default]
[WARNING] [2024-05-28 11:04:24,105] [pharmacy_proj.custom_middleware.py] [Time zone set to default]
[WARNING] [2024-05-28 11:04:28,283] [pharmacy_proj.custom_middleware.py] [Time zone set to default]
[WARNING] [2024-05-28 11:04:28,329] [pharmacy_proj.custom_middleware.py] [Time zone set to default]
[WARNING] [2024-05-28 11:04:28,423] [pharmacy_proj.custom_middleware.py] [Time zone set to default]
[WARNING] [2024-05-28 11:04:32,156] [pharmacy_proj.custom_middleware.py] [Time zone set to default]
[WARNING] [2024-05-28 11:04:32,263] [pharmacy_proj.custom_middleware.py] [Time zone set to default]
[WARNING] [2024-05-28 11:04:33,299] [pharmacy_proj.custom_middleware.py] [Time zone set to default]
[WARNING] [2024-05-28 11:04:33,404] [pharmacy_proj.custom_middleware.py] [Time zone set to default]
[WARNING] [2024-05-28 11:05:36,157] [pharmacy_proj.custom_middleware.py] [Time zone set to default]
[WARNING] [2024-05-28 11:05:36,206] [pharmacy_proj.custom_middleware.py] [Time zone set to default]
[WARNING] [2024-05-28 11:05:36,346] [pharmacy_proj.custom_middleware.py] [Time zone set to default]
[WARNING] [2024-05-28 11:05:59,200] [pharmacy_proj.custom_middleware.py] [Time zone set to default]
[WARNING] [2024-05-28 11:05:59,304] [pharmacy_proj.custom_middleware.py] [Time zone set to default]
[WARNING] [2024-05-28 11:06:00,304] [pharmacy_proj.custom_middleware.py] [Time zone set to default]
[WARNING] [2024-05-28 11:06:00,404] [pharmacy_proj.custom_middleware.py] [Time zone set to default]
[WARNING] [2024-05-28 11:06:45,168] [pharmacy_proj.custom_middleware.py] [Time zone set to default]
[WARNING] [2024-05-28 11:06:45,217] [pharmacy_proj.custom_middleware.py] [Time zone set to default]
[WARNING] [2024-05-28 11:06:45,335] [pharmacy_proj.custom_middleware.py] [Time zone set to default]
[WARNING] [2024-05-28 11:06:55,608] [pharmacy_proj.custom_middleware.py] [Time zone set to default]
[WARNING] [2024-05-28 11:06:55,723] [pharmacy_proj.custom_middleware.py] [Time zone set to default]
[WARNING] [2024-05-28 11:06:57,231] [pharmacy_proj.custom_middleware.py] [Time zone set to default]
[WARNING] [2024-05-28 11:06:57,328] [pharmacy_proj.custom_middleware.py] [Time zone set to default]
[WARNING] [2024-05-28 11:07:07,942] [pharmacy_proj.custom_middleware.py] [Time zone set to default]
[WARNING] [2024-05-28 11:07:07,993] [pharmacy_proj.custom_middleware.py] [Time zone set to default]
[WARNING] [2024-05-28 11:07:08,125] [pharmacy_proj.custom_middleware.py] [Time zone set to default]
[WARNING] [2024-05-28 11:07:10,014] [pharmacy_proj.custom_middleware.py] [Time zone set to default]
[WARNING] [2024-05-28 11:07:10,115] [pharmacy_proj.custom_middleware.py] [Time zone set to default]
[WARNING] [2024-05-28 11:07:20,667] [pharmacy_proj.custom_middleware.py] [Time zone set to default]
[WARNING] [2024-05-28 11:07:20,706] [pharmacy_proj.custom_middleware.py] [Time zone set to default]
[WARNING] [2024-05-28 11:07:20,813] [pharmacy_proj.custom_middleware.py] [Time zone set to default]
[WARNING] [2024-05-28 11:07:29,127] [pharmacy_proj.custom_middleware.py] [Time zone set to default]
[WARNING] [2024-05-28 11:07:29,220] [pharmacy_proj.custom_middleware.py] [Time zone set to default]
[WARNING] [2024-05-28 11:07:36,099] [pharmacy_proj.custom_middleware.py] [Time zone set to default]
[WARNING] [2024-05-28 11:07:36,149] [pharmacy_proj.custom_middleware.py] [Time zone set to default]
[WARNING] [2024-05-28 11:07:36,263] [pharmacy_proj.custom_middleware.py] [Time zone set to default]
[WARNING] [2024-05-28 11:07:48,811] [pharmacy_proj.custom_middleware.py] [Time zone set to default]
[WARNING] [2024-05-28 11:07:48,855] [pharmacy_proj.custom_middleware.py] [Time zone set to default]
[WARNING] [2024-05-28 11:07:48,966] [pharmacy_proj.custom_middleware.py] [Time zone set to default]
[WARNING] [2024-05-28 11:07:57,396] [pharmacy_proj.custom_middleware.py] [Time zone set to default]
[WARNING] [2024-05-28 11:07:57,440] [pharmacy_proj.custom_middleware.py] [Time zone set to default]
[WARNING] [2024-05-28 11:07:57,547] [pharmacy_proj.custom_middleware.py] [Time zone set to default]
[WARNING] [2024-05-28 11:08:05,021] [pharmacy_proj.custom_middleware.py] [Time zone set to default]
[WARNING] [2024-05-28 11:08:05,065] [pharmacy_proj.custom_middleware.py] [Time zone set to default]
[WARNING] [2024-05-28 11:08:05,159] [pharmacy_proj.custom_middleware.py] [Time zone set to default]
[WARNING] [2024-05-28 11:08:12,309] [pharmacy_proj.custom_middleware.py] [Time zone set to default]
[WARNING] [2024-05-28 11:08:12,353] [pharmacy_proj.custom_middleware.py] [Time zone set to default]
[WARNING] [2024-05-28 11:08:12,462] [pharmacy_proj.custom_middleware.py] [Time zone set to default]
[WARNING] [2024-05-28 11:08:18,151] [pharmacy_proj.custom_middleware.py] [Time zone set to default]
[WARNING] [2024-05-28 11:08:18,200] [pharmacy_proj.custom_middleware.py] [Time zone set to default]
[WARNING] [2024-05-28 11:08:18,308] [pharmacy_proj.custom_middleware.py] [Time zone set to default]
[WARNING] [2024-05-28 11:08:25,010] [pharmacy_proj.custom_middleware.py] [Time zone set to default]
[WARNING] [2024-05-28 11:08:25,048] [pharmacy_proj.custom_middleware.py] [Time zone set to default]
[WARNING] [2024-05-28 11:08:25,141] [pharmacy_proj.custom_middleware.py] [Time zone set to default]
[WARNING] [2024-05-28 11:08:36,012] [pharmacy_proj.custom_middleware.py] [Time zone set to default]
[WARNING] [2024-05-28 11:08:36,049] [pharmacy_proj.custom_middleware.py] [Time zone set to default]
[WARNING] [2024-05-28 11:08:36,157] [pharmacy_proj.custom_middleware.py] [Time zone set to default]
[WARNING] [2024-05-28 11:08:41,217] [pharmacy_proj.custom_middleware.py] [Time zone set to default]
[WARNING] [2024-05-28 11:08:41,321] [pharmacy_proj.custom_middleware.py] [Time zone set to default]
[WARNING] [2024-05-28 11:08:42,152] [pharmacy_proj.custom_middleware.py] [Time zone set to default]
[WARNING] [2024-05-28 11:08:42,257] [pharmacy_proj.custom_middleware.py] [Time zone set to default]
[WARNING] [2024-05-28 11:11:21,110] [pharmacy_proj.custom_middleware.py] [Time zone set to default]
[WARNING] [2024-05-28 11:11:21,272] [pharmacy_proj.custom_middleware.py] [Time zone set to default]
[WARNING] [2024-05-28 11:12:12,412] [pharmacy_proj.custom_middleware.py] [Time zone set to default]
[WARNING] [2024-05-28 11:12:12,477] [pharmacy_proj.custom_middleware.py] [Time zone set to default]
[WARNING] [2024-05-28 11:12:12,585] [pharmacy_proj.custom_middleware.py] [Time zone set to default]
[WARNING] [2024-05-28 11:13:31,736] [pharmacy_proj.custom_middleware.py] [Time zone set to default]
[WARNING] [2024-05-28 11:13:31,796] [pharmacy_proj.custom_middleware.py] [Time zone set to default]
[WARNING] [2024-05-28 11:13:31,944] [pharmacy_proj.custom_middleware.py] [Time zone set to default]
[WARNING] [2024-05-28 11:14:50,208] [pharmacy_proj.custom_middleware.py] [Time zone set to default]
[WARNING] [2024-05-28 11:14:50,272] [pharmacy_proj.custom_middleware.py] [Time zone set to default]
[WARNING] [2024-05-28 11:14:50,416] [pharmacy_proj.custom_middleware.py] [Time zone set to default]
[WARNING] [2024-05-28 11:16:09,080] [pharmacy_proj.custom_middleware.py] [Time zone set to default]
[WARNING] [2024-05-28 11:16:09,149] [pharmacy_proj.custom_middleware.py] [Time zone set to default]
[WARNING] [2024-05-28 11:16:09,280] [pharmacy_proj.custom_middleware.py] [Time zone set to default]
[WARNING] [2024-05-28 11:17:29,587] [pharmacy_proj.custom_middleware.py] [Time zone set to default]
[WARNING] [2024-05-28 11:17:29,652] [pharmacy_proj.custom_middleware.py] [Time zone set to default]
[WARNING] [2024-05-28 11:17:29,793] [pharmacy_proj.custom_middleware.py] [Time zone set to default]
[WARNING] [2024-05-28 11:18:40,296] [pharmacy_proj.custom_middleware.py] [Time zone set to default]
[WARNING] [2024-05-28 11:18:40,354] [pharmacy_proj.custom_middleware.py] [Time zone set to default]
[WARNING] [2024-05-28 11:18:40,473] [pharmacy_proj.custom_middleware.py] [Time zone set to default]
[WARNING] [2024-05-28 11:20:06,306] [pharmacy_proj.custom_middleware.py] [Time zone set to default]
[WARNING] [2024-05-28 11:20:06,363] [pharmacy_proj.custom_middleware.py] [Time zone set to default]
[WARNING] [2024-05-28 11:20:06,473] [pharmacy_proj.custom_middleware.py] [Time zone set to default]
[WARNING] [2024-05-28 11:20:58,708] [pharmacy_proj.custom_middleware.py] [Time zone set to default]
[WARNING] [2024-05-28 11:20:58,765] [pharmacy_proj.custom_middleware.py] [Time zone set to default]
[WARNING] [2024-05-28 11:20:58,923] [pharmacy_proj.custom_middleware.py] [Time zone set to default]
[WARNING] [2024-05-28 11:21:54,311] [pharmacy_proj.custom_middleware.py] [Time zone set to default]
[WARNING] [2024-05-28 11:21:54,367] [pharmacy_proj.custom_middleware.py] [Time zone set to default]
[WARNING] [2024-05-28 11:21:54,468] [pharmacy_proj.custom_middleware.py] [Time zone set to default]
[WARNING] [2024-05-28 11:23:25,151] [pharmacy_proj.custom_middleware.py] [Time zone set to default]
[WARNING] [2024-05-28 11:23:25,213] [pharmacy_proj.custom_middleware.py] [Time zone set to default]
[WARNING] [2024-05-28 11:23:25,388] [pharmacy_proj.custom_middleware.py] [Time zone set to default]
[WARNING] [2024-05-28 11:23:38,652] [pharmacy_proj.custom_middleware.py] [Time zone set to default]
[WARNING] [2024-05-28 11:23:38,766] [pharmacy_proj.custom_middleware.py] [Time zone set to default]
[WARNING] [2024-05-28 11:23:43,116] [pharmacy_proj.custom_middleware.py] [Time zone set to default]
[WARNING] [2024-05-28 11:23:43,317] [pharmacy_proj.custom_middleware.py] [Time zone set to default]
[WARNING] [2024-05-28 11:23:53,757] [pharmacy_proj.custom_middleware.py] [Time zone set to default]
[WARNING] [2024-05-28 11:23:53,821] [pharmacy_proj.custom_middleware.py] [Time zone set to default]
[WARNING] [2024-05-28 11:23:53,928] [pharmacy_proj.custom_middleware.py] [Time zone set to default]
[WARNING] [2024-05-28 11:23:58,872] [pharmacy_proj.custom_middleware.py] [Time zone set to default]
[WARNING] [2024-05-28 11:23:59,054] [pharmacy_proj.custom_middleware.py] [Time zone set to default]
[WARNING] [2024-05-28 11:24:47,781] [pharmacy_proj.custom_middleware.py] [Time zone set to default]
[WARNING] [2024-05-28 11:24:47,941] [pharmacy_proj.custom_middleware.py] [Time zone set to default]
[WARNING] [2024-05-28 11:24:51,143] [pharmacy_proj.custom_middleware.py] [Time zone set to default]
[WARNING] [2024-05-28 11:24:51,274] [pharmacy_proj.custom_middleware.py] [Time zone set to default]
[WARNING] [2024-05-28 11:25:39,074] [pharmacy_proj.custom_middleware.py] [Time zone set to default]
[WARNING] [2024-05-28 11:25:39,186] [pharmacy_proj.custom_middleware.py] [Time zone set to default]
[WARNING] [2024-05-28 11:25:40,377] [pharmacy_proj.custom_middleware.py] [Time zone set to default]
[WARNING] [2024-05-28 11:25:40,598] [pharmacy_proj.custom_middleware.py] [Time zone set to default]
[WARNING] [2024-05-28 11:25:41,672] [pharmacy_proj.custom_middleware.py] [Time zone set to default]
[WARNING] [2024-05-28 11:25:42,957] [pharmacy_proj.custom_middleware.py] [Time zone set to default]
[WARNING] [2024-05-28 11:25:44,578] [pharmacy_proj.custom_middleware.py] [Time zone set to default]
[WARNING] [2024-05-28 11:25:45,559] [pharmacy_proj.custom_middleware.py] [Time zone set to default]
[WARNING] [2024-05-28 11:26:01,643] [pharmacy_proj.custom_middleware.py] [Time zone set to default]
[WARNING] [2024-05-28 11:26:02,522] [pharmacy_proj.custom_middleware.py] [Time zone set to default]
[WARNING] [2024-05-28 11:26:02,695] [pharmacy_proj.custom_middleware.py] [Time zone set to default]
[WARNING] [2024-05-28 11:26:45,402] [pharmacy_proj.custom_middleware.py] [Time zone set to default]
[WARNING] [2024-05-28 11:26:45,462] [pharmacy_proj.custom_middleware.py] [Time zone set to default]
[WARNING] [2024-05-28 11:26:45,622] [pharmacy_proj.custom_middleware.py] [Time zone set to default]
[WARNING] [2024-05-28 11:26:48,214] [pharmacy_proj.custom_middleware.py] [Time zone set to default]
[WARNING] [2024-05-28 11:26:48,345] [pharmacy_proj.custom_middleware.py] [Time zone set to default]
[WARNING] [2024-05-28 11:26:49,369] [pharmacy_proj.custom_middleware.py] [Time zone set to default]
[WARNING] [2024-05-28 11:26:49,561] [pharmacy_proj.custom_middleware.py] [Time zone set to default]
[WARNING] [2024-05-28 11:27:47,668] [pharmacy_proj.custom_middleware.py] [Time zone set to default]
[WARNING] [2024-05-28 11:27:47,921] [pharmacy_proj.custom_middleware.py] [Time zone set to default]
[WARNING] [2024-05-28 11:27:53,598] [pharmacy_proj.custom_middleware.py] [Time zone set to default]
[WARNING] [2024-05-28 11:27:53,673] [pharmacy_proj.custom_middleware.py] [Time zone set to default]
[WARNING] [2024-05-28 11:27:53,850] [pharmacy_proj.custom_middleware.py] [Time zone set to default]
[WARNING] [2024-05-28 11:27:55,290] [pharmacy_proj.custom_middleware.py] [Time zone set to default]
[WARNING] [2024-05-28 11:27:55,489] [pharmacy_proj.custom_middleware.py] [Time zone set to default]
[WARNING] [2024-05-28 11:27:56,615] [pharmacy_proj.custom_middleware.py] [Time zone set to default]
[WARNING] [2024-05-28 11:27:58,316] [pharmacy_proj.custom_middleware.py] [Time zone set to default]
[WARNING] [2024-05-28 11:28:01,673] [pharmacy_proj.custom_middleware.py] [Time zone set to default]
[WARNING] [2024-05-28 11:28:11,207] [pharmacy_proj.custom_middleware.py] [Time zone set to default]
[WARNING] [2024-05-28 11:28:11,341] [pharmacy_proj.custom_middleware.py] [Time zone set to default]
[WARNING] [2024-05-28 11:28:31,737] [pharmacy_proj.custom_middleware.py] [Time zone set to default]
[WARNING] [2024-05-28 11:28:31,870] [pharmacy_proj.custom_middleware.py] [Time zone set to default]
[WARNING] [2024-05-28 11:28:34,075] [pharmacy_proj.custom_middleware.py] [Time zone set to default]
[WARNING] [2024-05-28 11:28:34,176] [pharmacy_proj.custom_middleware.py] [Time zone set to default]
[WARNING] [2024-05-28 11:28:39,059] [pharmacy_proj.custom_middleware.py] [Time zone set to default]
[WARNING] [2024-05-28 11:28:39,168] [pharmacy_proj.custom_middleware.py] [Time zone set to default]
[WARNING] [2024-05-28 11:28:39,998] [pharmacy_proj.custom_middleware.py] [Time zone set to default]
[WARNING] [2024-05-28 11:28:40,149] [pharmacy_proj.custom_middleware.py] [Time zone set to default]
[WARNING] [2024-05-28 11:28:40,586] [pharmacy_proj.custom_middleware.py] [Time zone set to default]
[WARNING] [2024-05-28 11:28:40,694] [pharmacy_proj.custom_middleware.py] [Time zone set to default]
[WARNING] [2024-05-28 11:28:43,587] [pharmacy_proj.custom_middleware.py] [Time zone set to default]
[WARNING] [2024-05-28 11:28:43,704] [pharmacy_proj.custom_middleware.py] [Time zone set to default]
[WARNING] [2024-05-28 11:28:44,145] [pharmacy_proj.custom_middleware.py] [Time zone set to default]
[WARNING] [2024-05-28 11:28:44,243] [pharmacy_proj.custom_middleware.py] [Time zone set to default]
[WARNING] [2024-05-28 11:28:46,701] [pharmacy_proj.custom_middleware.py] [Time zone set to default]
[WARNING] [2024-05-28 11:28:46,825] [pharmacy_proj.custom_middleware.py] [Time zone set to default]
[WARNING] [2024-05-28 11:29:04,710] [pharmacy_proj.custom_middleware.py] [Time zone set to default]
[WARNING] [2024-05-28 11:29:04,728] [pharmacy_proj.custom_middleware.py] [Time zone set to default]
[INFO] [2024-05-28 11:29:04,732] [pharmacy_app.views.py] [login_view is called]
[WARNING] [2024-05-28 11:29:06,617] [pharmacy_proj.custom_middleware.py] [Time zone set to default]
[INFO] [2024-05-28 11:29:06,618] [pharmacy_app.views.py] [login_view is called]
[WARNING] [2024-05-28 11:29:07,723] [pharmacy_proj.custom_middleware.py] [Time zone set to default]
[WARNING] [2024-05-28 11:29:07,740] [pharmacy_proj.custom_middleware.py] [Time zone set to default]
[INFO] [2024-05-28 11:29:07,741] [pharmacy_app.views.py] [login_view is called]
[WARNING] [2024-05-28 11:29:08,348] [pharmacy_proj.custom_middleware.py] [Time zone set to default]
[WARNING] [2024-05-28 11:29:08,371] [pharmacy_proj.custom_middleware.py] [Time zone set to default]
[INFO] [2024-05-28 11:29:08,371] [pharmacy_app.views.py] [login_view is called]
[WARNING] [2024-05-28 11:29:08,876] [pharmacy_proj.custom_middleware.py] [Time zone set to default]
[WARNING] [2024-05-28 11:29:08,890] [pharmacy_proj.custom_middleware.py] [Time zone set to default]
[INFO] [2024-05-28 11:29:08,890] [pharmacy_app.views.py] [login_view is called]
[WARNING] [2024-05-28 11:29:09,119] [pharmacy_proj.custom_middleware.py] [Time zone set to default]
[INFO] [2024-05-28 11:29:09,123] [pharmacy_app.views.py] [login_view is called]
[WARNING] [2024-05-28 11:29:10,048] [pharmacy_proj.custom_middleware.py] [Time zone set to default]
[INFO] [2024-05-28 11:29:10,050] [pharmacy_app.views.py] [register_view is called]
[WARNING] [2024-05-28 11:30:31,100] [pharmacy_proj.custom_middleware.py] [Time zone set to default]
[INFO] [2024-05-28 11:30:31,100] [pharmacy_app.views.py] [register_view is called]
[INFO] [2024-05-28 11:30:31,117] [pharmacy_app.views.py] [Form is valid]
[WARNING] [2024-05-28 11:30:31,120] [pharmacy_app.views.py] [The user who registers has a unique username]
[WARNING] [2024-05-28 11:30:32,201] [pharmacy_proj.custom_middleware.py] [Time zone set to default]
[INFO] [2024-05-28 11:30:32,201] [pharmacy_app.views.py] [login_view is called]
[WARNING] [2024-05-28 11:30:38,892] [pharmacy_proj.custom_middleware.py] [Time zone set to default]
[INFO] [2024-05-28 11:30:38,893] [pharmacy_app.views.py] [login_view is called]
[INFO] [2024-05-28 11:30:39,602] [pharmacy_app.views.py] [Form is valid]
[WARNING] [2024-05-28 11:30:40,386] [pharmacy_proj.custom_middleware.py] [Europe/Malta time zone is activated]
[INFO] [2024-05-28 11:30:40,403] [pharmacy_app.views.py] [home_view is called]
[INFO] [2024-05-28 11:30:40,405] [pharmacy_app.views.py] [User is client or not authenticated]
[WARNING] [2024-05-28 11:30:40,520] [pharmacy_proj.custom_middleware.py] [Europe/Malta time zone is activated]
[WARNING] [2024-05-28 11:30:46,510] [pharmacy_proj.custom_middleware.py] [Europe/Malta time zone is activated]
[INFO] [2024-05-28 11:30:46,513] [pharmacy_app.views.py] [info_view is called]
[INFO] [2024-05-28 11:30:46,515] [pharmacy_app.views.py] [There is company info in database]
[WARNING] [2024-05-28 11:30:48,209] [pharmacy_proj.custom_middleware.py] [Europe/Malta time zone is activated]
[INFO] [2024-05-28 11:30:48,209] [pharmacy_app.views.py] [shop_view is called]
[INFO] [2024-05-28 11:30:48,214] [pharmacy_app.views.py] [Form is valid]
[WARNING] [2024-05-28 11:30:48,362] [pharmacy_proj.custom_middleware.py] [Europe/Malta time zone is activated]
[WARNING] [2024-05-28 11:30:48,365] [pharmacy_proj.custom_middleware.py] [Europe/Malta time zone is activated]
[WARNING] [2024-05-28 11:30:48,430] [pharmacy_proj.custom_middleware.py] [Europe/Malta time zone is activated]
[WARNING] [2024-05-28 11:30:48,443] [pharmacy_proj.custom_middleware.py] [Europe/Malta time zone is activated]
[WARNING] [2024-05-28 11:30:48,486] [pharmacy_proj.custom_middleware.py] [Europe/Malta time zone is activated]
[WARNING] [2024-05-28 11:30:48,490] [pharmacy_proj.custom_middleware.py] [Europe/Malta time zone is activated]
[WARNING] [2024-05-28 11:30:48,534] [pharmacy_proj.custom_middleware.py] [Europe/Malta time zone is activated]
[WARNING] [2024-05-28 11:30:48,546] [pharmacy_proj.custom_middleware.py] [Europe/Malta time zone is activated]
[WARNING] [2024-05-28 11:30:48,596] [pharmacy_proj.custom_middleware.py] [Europe/Malta time zone is activated]
[WARNING] [2024-05-28 11:31:00,605] [pharmacy_proj.custom_middleware.py] [Europe/Malta time zone is activated]
[INFO] [2024-05-28 11:31:00,605] [pharmacy_app.views.py] [news_view is called]
[WARNING] [2024-05-28 11:31:01,490] [pharmacy_proj.custom_middleware.py] [Europe/Malta time zone is activated]
[INFO] [2024-05-28 11:31:01,490] [pharmacy_app.views.py] [info_view is called]
[INFO] [2024-05-28 11:31:01,490] [pharmacy_app.views.py] [There is company info in database]
[WARNING] [2024-05-28 11:31:02,456] [pharmacy_proj.custom_middleware.py] [Europe/Malta time zone is activated]
[INFO] [2024-05-28 11:31:02,461] [pharmacy_app.views.py] [news_view is called]
[WARNING] [2024-05-28 11:31:02,946] [pharmacy_proj.custom_middleware.py] [Europe/Malta time zone is activated]
[INFO] [2024-05-28 11:31:02,946] [pharmacy_app.views.py] [home_view is called]
[INFO] [2024-05-28 11:31:02,950] [pharmacy_app.views.py] [User is client or not authenticated]
[WARNING] [2024-05-28 11:31:03,615] [pharmacy_proj.custom_middleware.py] [Europe/Malta time zone is activated]
[INFO] [2024-05-28 11:31:03,615] [pharmacy_app.views.py] [news_view is called]
[WARNING] [2024-05-28 11:31:04,396] [pharmacy_proj.custom_middleware.py] [Europe/Malta time zone is activated]
[INFO] [2024-05-28 11:31:04,397] [pharmacy_app.views.py] [home_view is called]
[INFO] [2024-05-28 11:31:04,398] [pharmacy_app.views.py] [User is client or not authenticated]
[WARNING] [2024-05-28 11:31:07,089] [pharmacy_proj.custom_middleware.py] [Europe/Malta time zone is activated]
[INFO] [2024-05-28 11:31:07,089] [pharmacy_app.views.py] [news_view is called]
[WARNING] [2024-05-28 11:31:14,809] [pharmacy_proj.custom_middleware.py] [Time zone set to default]
[WARNING] [2024-05-28 11:31:14,964] [pharmacy_proj.custom_middleware.py] [Time zone set to default]
[WARNING] [2024-05-28 11:31:17,798] [pharmacy_proj.custom_middleware.py] [Time zone set to default]
[WARNING] [2024-05-28 11:31:18,001] [pharmacy_proj.custom_middleware.py] [Time zone set to default]
[WARNING] [2024-05-28 11:31:22,694] [pharmacy_proj.custom_middleware.py] [Time zone set to default]
[WARNING] [2024-05-28 11:31:22,753] [pharmacy_proj.custom_middleware.py] [Time zone set to default]
[WARNING] [2024-05-28 11:31:22,867] [pharmacy_proj.custom_middleware.py] [Time zone set to default]
[WARNING] [2024-05-28 11:31:24,881] [pharmacy_proj.custom_middleware.py] [Europe/Malta time zone is activated]
[INFO] [2024-05-28 11:31:24,881] [pharmacy_app.views.py] [news_view is called]
[WARNING] [2024-05-28 11:31:24,961] [pharmacy_proj.custom_middleware.py] [Europe/Malta time zone is activated]
[WARNING] [2024-05-28 11:31:26,016] [pharmacy_proj.custom_middleware.py] [Europe/Malta time zone is activated]
[INFO] [2024-05-28 11:31:26,017] [pharmacy_app.views.py] [home_view is called]
[INFO] [2024-05-28 11:31:26,020] [pharmacy_app.views.py] [User is client or not authenticated]
[WARNING] [2024-05-28 11:31:28,023] [pharmacy_proj.custom_middleware.py] [Europe/Malta time zone is activated]
[INFO] [2024-05-28 11:31:28,025] [pharmacy_app.views.py] [news_view is called]
[WARNING] [2024-05-28 11:31:30,789] [pharmacy_proj.custom_middleware.py] [Europe/Malta time zone is activated]
[INFO] [2024-05-28 11:31:30,792] [pharmacy_app.views.py] [questions_view is called]
[WARNING] [2024-05-28 11:31:36,410] [pharmacy_proj.custom_middleware.py] [Europe/Malta time zone is activated]
[INFO] [2024-05-28 11:31:36,410] [pharmacy_app.views.py] [time_view is called]
[WARNING] [2024-05-28 11:31:41,386] [pharmacy_proj.custom_middleware.py] [Europe/Malta time zone is activated]
[INFO] [2024-05-28 11:31:41,386] [pharmacy_app.views.py] [time_view is called]
[INFO] [2024-05-28 11:31:41,386] [pharmacy_app.views.py] [User is authenticated]
[INFO] [2024-05-28 11:31:41,391] [pharmacy_app.views.py] [User is client]
[WARNING] [2024-05-28 11:31:42,803] [pharmacy_proj.custom_middleware.py] [America/Shiprock time zone is activated]
[INFO] [2024-05-28 11:31:42,803] [pharmacy_app.views.py] [questions_view is called]
[WARNING] [2024-05-28 11:31:45,919] [pharmacy_proj.custom_middleware.py] [America/Shiprock time zone is activated]
[INFO] [2024-05-28 11:31:45,920] [pharmacy_app.views.py] [time_view is called]
[WARNING] [2024-05-28 11:32:02,908] [pharmacy_proj.custom_middleware.py] [America/Shiprock time zone is activated]
[INFO] [2024-05-28 11:32:02,911] [pharmacy_app.views.py] [time_view is called]
[INFO] [2024-05-28 11:32:02,911] [pharmacy_app.views.py] [User is authenticated]
[INFO] [2024-05-28 11:32:02,914] [pharmacy_app.views.py] [User is client]
[WARNING] [2024-05-28 11:32:04,483] [pharmacy_proj.custom_middleware.py] [Europe/Sarajevo time zone is activated]
[INFO] [2024-05-28 11:32:04,483] [pharmacy_app.views.py] [news_view is called]
[WARNING] [2024-05-28 11:32:05,174] [pharmacy_proj.custom_middleware.py] [Europe/Sarajevo time zone is activated]
[INFO] [2024-05-28 11:32:05,181] [pharmacy_app.views.py] [info_view is called]
[INFO] [2024-05-28 11:32:05,181] [pharmacy_app.views.py] [There is company info in database]
[WARNING] [2024-05-28 11:32:06,482] [pharmacy_proj.custom_middleware.py] [Europe/Sarajevo time zone is activated]
[INFO] [2024-05-28 11:32:06,482] [pharmacy_app.views.py] [shop_view is called]
[INFO] [2024-05-28 11:32:06,484] [pharmacy_app.views.py] [Form is valid]
[WARNING] [2024-05-28 11:32:06,607] [pharmacy_proj.custom_middleware.py] [Europe/Sarajevo time zone is activated]
[WARNING] [2024-05-28 11:32:06,610] [pharmacy_proj.custom_middleware.py] [Europe/Sarajevo time zone is activated]
[WARNING] [2024-05-28 11:32:06,644] [pharmacy_proj.custom_middleware.py] [Europe/Sarajevo time zone is activated]
[WARNING] [2024-05-28 11:32:06,647] [pharmacy_proj.custom_middleware.py] [Europe/Sarajevo time zone is activated]
[WARNING] [2024-05-28 11:32:07,166] [pharmacy_proj.custom_middleware.py] [Europe/Sarajevo time zone is activated]
[INFO] [2024-05-28 11:32:07,166] [pharmacy_app.views.py] [questions_view is called]
[WARNING] [2024-05-28 11:32:08,049] [pharmacy_proj.custom_middleware.py] [Europe/Sarajevo time zone is activated]
[INFO] [2024-05-28 11:32:08,049] [pharmacy_app.views.py] [contacts_view is called]
[WARNING] [2024-05-28 11:32:08,172] [pharmacy_proj.custom_middleware.py] [Europe/Sarajevo time zone is activated]
[WARNING] [2024-05-28 11:32:08,198] [pharmacy_proj.custom_middleware.py] [Europe/Sarajevo time zone is activated]
[WARNING] [2024-05-28 11:32:10,769] [pharmacy_proj.custom_middleware.py] [Europe/Sarajevo time zone is activated]
[INFO] [2024-05-28 11:32:10,770] [pharmacy_app.views.py] [shop_view is called]
[INFO] [2024-05-28 11:32:10,772] [pharmacy_app.views.py] [Form is valid]
[WARNING] [2024-05-28 11:32:10,914] [pharmacy_proj.custom_middleware.py] [Europe/Sarajevo time zone is activated]
[WARNING] [2024-05-28 11:32:14,833] [pharmacy_proj.custom_middleware.py] [Europe/Sarajevo time zone is activated]
[INFO] [2024-05-28 11:32:14,833] [pharmacy_app.views.py] [shop_view is called]
[INFO] [2024-05-28 11:32:14,833] [pharmacy_app.views.py] [Form is valid]
[INFO] [2024-05-28 11:32:14,833] [pharmacy_app.views.py] [Request has sort_by parameter]
[WARNING] [2024-05-28 11:32:14,956] [pharmacy_proj.custom_middleware.py] [Europe/Sarajevo time zone is activated]
[WARNING] [2024-05-28 11:32:24,199] [pharmacy_proj.custom_middleware.py] [Europe/Sarajevo time zone is activated]
[INFO] [2024-05-28 11:32:24,199] [pharmacy_app.views.py] [shop_view is called]
[INFO] [2024-05-28 11:32:24,199] [pharmacy_app.views.py] [Form is valid]
[INFO] [2024-05-28 11:32:24,199] [pharmacy_app.views.py] [Request has search parameter]
[INFO] [2024-05-28 11:32:24,199] [pharmacy_app.views.py] [Request has sort_by parameter]
[WARNING] [2024-05-28 11:32:26,592] [pharmacy_proj.custom_middleware.py] [Europe/Sarajevo time zone is activated]
[INFO] [2024-05-28 11:32:26,595] [pharmacy_app.views.py] [questions_view is called]
[WARNING] [2024-05-28 11:32:26,912] [pharmacy_proj.custom_middleware.py] [Europe/Sarajevo time zone is activated]
[INFO] [2024-05-28 11:32:26,914] [pharmacy_app.views.py] [contacts_view is called]
[WARNING] [2024-05-28 11:32:36,790] [pharmacy_proj.custom_middleware.py] [Europe/Sarajevo time zone is activated]
[INFO] [2024-05-28 11:32:36,794] [pharmacy_app.views.py] [vacancies_view is called]
[WARNING] [2024-05-28 11:32:40,285] [pharmacy_proj.custom_middleware.py] [Europe/Sarajevo time zone is activated]
[INFO] [2024-05-28 11:32:40,286] [pharmacy_app.views.py] [reviews_view is called]
[WARNING] [2024-05-28 11:32:40,806] [pharmacy_proj.custom_middleware.py] [Europe/Sarajevo time zone is activated]
[INFO] [2024-05-28 11:32:40,806] [pharmacy_app.views.py] [promo_view is called]
[WARNING] [2024-05-28 11:32:45,721] [pharmacy_proj.custom_middleware.py] [Europe/Sarajevo time zone is activated]
[INFO] [2024-05-28 11:32:45,722] [pharmacy_app.views.py] [cat_fact_api_view is called]
[WARNING] [2024-05-28 11:32:47,706] [pharmacy_proj.custom_middleware.py] [Europe/Sarajevo time zone is activated]
[INFO] [2024-05-28 11:32:47,706] [pharmacy_app.views.py] [activity_api_view is called]
[ERROR] [2024-05-28 11:32:48,559] [pharmacy_app.views.py] [Error fetching activity: 503 Server Error: Service Unavailable for url: https://www.boredapi.com/api/activity]
[WARNING] [2024-05-28 11:33:00,163] [pharmacy_proj.custom_middleware.py] [Europe/Sarajevo time zone is activated]
[INFO] [2024-05-28 11:33:00,166] [pharmacy_app.views.py] [reviews_view is called]
[WARNING] [2024-05-28 11:33:01,726] [pharmacy_proj.custom_middleware.py] [Europe/Sarajevo time zone is activated]
[INFO] [2024-05-28 11:33:01,729] [pharmacy_app.views.py] [review_create_view is called]
[WARNING] [2024-05-28 11:34:38,009] [pharmacy_proj.custom_middleware.py] [Europe/Sarajevo time zone is activated]
[INFO] [2024-05-28 11:34:38,011] [pharmacy_app.views.py] [review_create_view is called]
[INFO] [2024-05-28 11:34:38,011] [pharmacy_app.views.py] [Form is valid]
[WARNING] [2024-05-28 11:34:38,057] [pharmacy_proj.custom_middleware.py] [Europe/Sarajevo time zone is activated]
[INFO] [2024-05-28 11:34:38,057] [pharmacy_app.views.py] [reviews_view is called]
[WARNING] [2024-05-28 11:35:03,430] [pharmacy_proj.custom_middleware.py] [Europe/Sarajevo time zone is activated]
[INFO] [2024-05-28 11:35:03,430] [pharmacy_app.views.py] [review_create_view is called]
[WARNING] [2024-05-28 11:35:10,467] [pharmacy_proj.custom_middleware.py] [Europe/Sarajevo time zone is activated]
[INFO] [2024-05-28 11:35:10,467] [pharmacy_app.views.py] [review_create_view is called]
[INFO] [2024-05-28 11:35:10,470] [pharmacy_app.views.py] [Form is valid]
[WARNING] [2024-05-28 11:35:10,521] [pharmacy_proj.custom_middleware.py] [Europe/Sarajevo time zone is activated]
[INFO] [2024-05-28 11:35:10,523] [pharmacy_app.views.py] [reviews_view is called]
[WARNING] [2024-05-28 11:35:45,359] [pharmacy_proj.custom_middleware.py] [Europe/Sarajevo time zone is activated]
[INFO] [2024-05-28 11:35:45,359] [pharmacy_app.views.py] [review_create_view is called]
[WARNING] [2024-05-28 11:35:50,228] [pharmacy_proj.custom_middleware.py] [Europe/Sarajevo time zone is activated]
[INFO] [2024-05-28 11:35:50,228] [pharmacy_app.views.py] [review_create_view is called]
[INFO] [2024-05-28 11:35:50,228] [pharmacy_app.views.py] [Form is valid]
[WARNING] [2024-05-28 11:35:50,276] [pharmacy_proj.custom_middleware.py] [Europe/Sarajevo time zone is activated]
[INFO] [2024-05-28 11:35:50,276] [pharmacy_app.views.py] [reviews_view is called]
[WARNING] [2024-05-28 11:36:41,507] [pharmacy_proj.custom_middleware.py] [Time zone set to default]
[WARNING] [2024-05-28 11:36:41,656] [pharmacy_proj.custom_middleware.py] [Time zone set to default]
[WARNING] [2024-05-28 11:37:00,412] [pharmacy_proj.custom_middleware.py] [Time zone set to default]
[WARNING] [2024-05-28 11:37:00,547] [pharmacy_proj.custom_middleware.py] [Time zone set to default]
[WARNING] [2024-05-28 11:37:08,453] [pharmacy_proj.custom_middleware.py] [Time zone set to default]
[WARNING] [2024-05-28 11:37:08,584] [pharmacy_proj.custom_middleware.py] [Time zone set to default]
[WARNING] [2024-05-28 11:37:15,317] [pharmacy_proj.custom_middleware.py] [Time zone set to default]
[WARNING] [2024-05-28 11:37:15,359] [pharmacy_proj.custom_middleware.py] [Time zone set to default]
[WARNING] [2024-05-28 11:37:15,484] [pharmacy_proj.custom_middleware.py] [Time zone set to default]
[WARNING] [2024-05-28 11:37:30,814] [pharmacy_proj.custom_middleware.py] [Time zone set to default]
[WARNING] [2024-05-28 11:37:30,935] [pharmacy_proj.custom_middleware.py] [Time zone set to default]
[WARNING] [2024-05-28 11:37:39,484] [pharmacy_proj.custom_middleware.py] [Europe/Sarajevo time zone is activated]
[INFO] [2024-05-28 11:37:39,484] [pharmacy_app.views.py] [logout_view is called]
[WARNING] [2024-05-28 11:37:39,514] [pharmacy_proj.custom_middleware.py] [Time zone set to default]
[INFO] [2024-05-28 11:37:39,517] [pharmacy_app.views.py] [login_view is called]
[WARNING] [2024-05-28 11:37:45,651] [pharmacy_proj.custom_middleware.py] [Time zone set to default]
[INFO] [2024-05-28 11:37:45,651] [pharmacy_app.views.py] [login_view is called]
[INFO] [2024-05-28 11:37:46,506] [pharmacy_app.views.py] [Form is valid]
[WARNING] [2024-05-28 11:37:47,365] [pharmacy_proj.custom_middleware.py] [Europe/Minsk time zone is activated]
[INFO] [2024-05-28 11:37:47,365] [pharmacy_app.views.py] [home_view is called]
[INFO] [2024-05-28 11:37:47,372] [pharmacy_app.views.py] [User is client or not authenticated]
[WARNING] [2024-05-28 11:37:47,500] [pharmacy_proj.custom_middleware.py] [Europe/Minsk time zone is activated]
[WARNING] [2024-05-28 11:38:00,263] [pharmacy_proj.custom_middleware.py] [Europe/Minsk time zone is activated]
[INFO] [2024-05-28 11:38:00,270] [pharmacy_app.views.py] [reviews_view is called]
[WARNING] [2024-05-28 11:38:07,097] [pharmacy_proj.custom_middleware.py] [Europe/Minsk time zone is activated]
[INFO] [2024-05-28 11:38:07,098] [pharmacy_app.views.py] [review_create_view is called]
[WARNING] [2024-05-28 11:38:35,867] [pharmacy_proj.custom_middleware.py] [Europe/Minsk time zone is activated]
[INFO] [2024-05-28 11:38:35,867] [pharmacy_app.views.py] [review_create_view is called]
[INFO] [2024-05-28 11:38:35,867] [pharmacy_app.views.py] [Form is valid]
[WARNING] [2024-05-28 11:38:35,929] [pharmacy_proj.custom_middleware.py] [Europe/Minsk time zone is activated]
[INFO] [2024-05-28 11:38:35,929] [pharmacy_app.views.py] [reviews_view is called]
[WARNING] [2024-05-28 11:38:54,507] [pharmacy_proj.custom_middleware.py] [Europe/Minsk time zone is activated]
[INFO] [2024-05-28 11:38:54,507] [pharmacy_app.views.py] [logout_view is called]
[WARNING] [2024-05-28 11:38:54,537] [pharmacy_proj.custom_middleware.py] [Time zone set to default]
[INFO] [2024-05-28 11:38:54,538] [pharmacy_app.views.py] [login_view is called]
[WARNING] [2024-05-28 11:39:03,612] [pharmacy_proj.custom_middleware.py] [Time zone set to default]
[INFO] [2024-05-28 11:39:03,613] [pharmacy_app.views.py] [login_view is called]
[INFO] [2024-05-28 11:39:04,419] [pharmacy_app.views.py] [Form is valid]
[WARNING] [2024-05-28 11:39:05,402] [pharmacy_proj.custom_middleware.py] [Europe/Istanbul time zone is activated]
[INFO] [2024-05-28 11:39:05,419] [pharmacy_app.views.py] [home_view is called]
[INFO] [2024-05-28 11:39:05,421] [pharmacy_app.views.py] [User is client or not authenticated]
[WARNING] [2024-05-28 11:39:08,430] [pharmacy_proj.custom_middleware.py] [Europe/Istanbul time zone is activated]
[INFO] [2024-05-28 11:39:08,430] [pharmacy_app.views.py] [reviews_view is called]
[WARNING] [2024-05-28 11:39:19,052] [pharmacy_proj.custom_middleware.py] [Europe/Istanbul time zone is activated]
[INFO] [2024-05-28 11:39:19,052] [pharmacy_app.views.py] [review_create_view is called]
[WARNING] [2024-05-28 11:39:30,604] [pharmacy_proj.custom_middleware.py] [Europe/Istanbul time zone is activated]
[INFO] [2024-05-28 11:39:30,604] [pharmacy_app.views.py] [review_create_view is called]
[INFO] [2024-05-28 11:39:30,604] [pharmacy_app.views.py] [Form is valid]
[WARNING] [2024-05-28 11:39:30,649] [pharmacy_proj.custom_middleware.py] [Europe/Istanbul time zone is activated]
[INFO] [2024-05-28 11:39:30,649] [pharmacy_app.views.py] [reviews_view is called]
[WARNING] [2024-05-28 11:40:17,439] [pharmacy_proj.custom_middleware.py] [Europe/Istanbul time zone is activated]
[INFO] [2024-05-28 11:40:17,439] [pharmacy_app.views.py] [questions_view is called]
[WARNING] [2024-05-28 11:40:21,343] [pharmacy_proj.custom_middleware.py] [Europe/Istanbul time zone is activated]
[INFO] [2024-05-28 11:40:21,347] [pharmacy_app.views.py] [contacts_view is called]
[WARNING] [2024-05-28 11:40:21,484] [pharmacy_proj.custom_middleware.py] [Europe/Istanbul time zone is activated]
[WARNING] [2024-05-28 11:40:21,484] [pharmacy_proj.custom_middleware.py] [Europe/Istanbul time zone is activated]
[WARNING] [2024-05-28 11:40:25,381] [pharmacy_proj.custom_middleware.py] [Europe/Istanbul time zone is activated]
[INFO] [2024-05-28 11:40:25,381] [pharmacy_app.views.py] [promo_view is called]
[WARNING] [2024-05-28 11:40:29,038] [pharmacy_proj.custom_middleware.py] [Europe/Istanbul time zone is activated]
[INFO] [2024-05-28 11:40:29,038] [pharmacy_app.views.py] [activity_api_view is called]
[ERROR] [2024-05-28 11:40:29,946] [pharmacy_app.views.py] [Error fetching activity: 503 Server Error: Service Unavailable for url: https://www.boredapi.com/api/activity]
[WARNING] [2024-05-28 11:40:31,483] [pharmacy_proj.custom_middleware.py] [Europe/Istanbul time zone is activated]
[INFO] [2024-05-28 11:40:31,483] [pharmacy_app.views.py] [cat_fact_api_view is called]
[WARNING] [2024-05-28 11:40:33,216] [pharmacy_proj.custom_middleware.py] [Europe/Istanbul time zone is activated]
[INFO] [2024-05-28 11:40:33,216] [pharmacy_app.views.py] [promo_view is called]
[WARNING] [2024-05-28 11:40:34,305] [pharmacy_proj.custom_middleware.py] [Europe/Istanbul time zone is activated]
[INFO] [2024-05-28 11:40:34,305] [pharmacy_app.views.py] [reviews_view is called]
[WARNING] [2024-05-28 11:40:37,320] [pharmacy_proj.custom_middleware.py] [Europe/Istanbul time zone is activated]
[INFO] [2024-05-28 11:40:37,325] [pharmacy_app.views.py] [vacancies_view is called]
[WARNING] [2024-05-28 11:40:38,990] [pharmacy_proj.custom_middleware.py] [Europe/Istanbul time zone is activated]
[INFO] [2024-05-28 11:40:38,990] [pharmacy_app.views.py] [contacts_view is called]
[WARNING] [2024-05-28 11:40:39,713] [pharmacy_proj.custom_middleware.py] [Europe/Istanbul time zone is activated]
[INFO] [2024-05-28 11:40:39,713] [pharmacy_app.views.py] [questions_view is called]
[WARNING] [2024-05-28 11:40:43,013] [pharmacy_proj.custom_middleware.py] [Europe/Istanbul time zone is activated]
[INFO] [2024-05-28 11:40:43,020] [pharmacy_app.views.py] [contacts_view is called]
[WARNING] [2024-05-28 11:40:48,472] [pharmacy_proj.custom_middleware.py] [Europe/Istanbul time zone is activated]
[INFO] [2024-05-28 11:40:48,472] [pharmacy_app.views.py] [shop_view is called]
[INFO] [2024-05-28 11:40:48,475] [pharmacy_app.views.py] [Form is valid]
[WARNING] [2024-05-28 11:40:48,606] [pharmacy_proj.custom_middleware.py] [Europe/Istanbul time zone is activated]
[WARNING] [2024-05-28 11:40:48,606] [pharmacy_proj.custom_middleware.py] [Europe/Istanbul time zone is activated]
[WARNING] [2024-05-28 11:40:48,646] [pharmacy_proj.custom_middleware.py] [Europe/Istanbul time zone is activated]
[WARNING] [2024-05-28 11:40:48,647] [pharmacy_proj.custom_middleware.py] [Europe/Istanbul time zone is activated]
[WARNING] [2024-05-28 11:40:48,687] [pharmacy_proj.custom_middleware.py] [Europe/Istanbul time zone is activated]
[WARNING] [2024-05-28 11:40:48,690] [pharmacy_proj.custom_middleware.py] [Europe/Istanbul time zone is activated]
[WARNING] [2024-05-28 11:40:48,743] [pharmacy_proj.custom_middleware.py] [Europe/Istanbul time zone is activated]
[WARNING] [2024-05-28 11:40:48,768] [pharmacy_proj.custom_middleware.py] [Europe/Istanbul time zone is activated]
[WARNING] [2024-05-28 11:40:48,793] [pharmacy_proj.custom_middleware.py] [Europe/Istanbul time zone is activated]
[WARNING] [2024-05-28 11:40:48,802] [pharmacy_proj.custom_middleware.py] [Europe/Istanbul time zone is activated]
[WARNING] [2024-05-28 11:40:52,795] [pharmacy_proj.custom_middleware.py] [Europe/Istanbul time zone is activated]
[INFO] [2024-05-28 11:40:52,796] [pharmacy_app.views.py] [reviews_view is called]
[WARNING] [2024-05-28 11:40:55,584] [pharmacy_proj.custom_middleware.py] [Europe/Istanbul time zone is activated]
[INFO] [2024-05-28 11:40:55,586] [pharmacy_app.views.py] [contacts_view is called]
[WARNING] [2024-05-28 11:40:56,545] [pharmacy_proj.custom_middleware.py] [Europe/Istanbul time zone is activated]
[INFO] [2024-05-28 11:40:56,545] [pharmacy_app.views.py] [questions_view is called]
[WARNING] [2024-05-28 11:40:57,088] [pharmacy_proj.custom_middleware.py] [Europe/Istanbul time zone is activated]
[INFO] [2024-05-28 11:40:57,094] [pharmacy_app.views.py] [shop_view is called]
[INFO] [2024-05-28 11:40:57,094] [pharmacy_app.views.py] [Form is valid]
[WARNING] [2024-05-28 11:40:58,663] [pharmacy_proj.custom_middleware.py] [Europe/Istanbul time zone is activated]
[INFO] [2024-05-28 11:40:58,663] [pharmacy_app.views.py] [shop_order_view is called]
[WARNING] [2024-05-28 11:41:18,050] [pharmacy_proj.custom_middleware.py] [Europe/Istanbul time zone is activated]
[INFO] [2024-05-28 11:41:18,051] [pharmacy_app.views.py] [shop_order_view is called]
[INFO] [2024-05-28 11:41:18,054] [pharmacy_app.views.py] [Form is valid]
[WARNING] [2024-05-28 11:41:18,110] [pharmacy_proj.custom_middleware.py] [Europe/Istanbul time zone is activated]
[INFO] [2024-05-28 11:41:18,110] [pharmacy_app.views.py] [user_view is called]
[INFO] [2024-05-28 11:41:18,113] [pharmacy_app.views.py] [User is client]
[WARNING] [2024-05-28 11:41:44,569] [pharmacy_proj.custom_middleware.py] [Europe/Istanbul time zone is activated]
[INFO] [2024-05-28 11:41:44,569] [pharmacy_app.views.py] [shop_view is called]
[INFO] [2024-05-28 11:41:44,569] [pharmacy_app.views.py] [Form is valid]
[WARNING] [2024-05-28 11:44:06,509] [pharmacy_proj.custom_middleware.py] [Europe/Istanbul time zone is activated]
[INFO] [2024-05-28 11:44:06,519] [pharmacy_app.views.py] [shop_order_view is called]
[WARNING] [2024-05-28 11:44:06,640] [pharmacy_proj.custom_middleware.py] [Europe/Istanbul time zone is activated]
[WARNING] [2024-05-28 11:44:18,998] [pharmacy_proj.custom_middleware.py] [Europe/Istanbul time zone is activated]
[INFO] [2024-05-28 11:44:18,999] [pharmacy_app.views.py] [shop_order_view is called]
[INFO] [2024-05-28 11:44:18,999] [pharmacy_app.views.py] [Form is valid]
[WARNING] [2024-05-28 11:44:19,060] [pharmacy_proj.custom_middleware.py] [Europe/Istanbul time zone is activated]
[INFO] [2024-05-28 11:44:19,063] [pharmacy_app.views.py] [user_view is called]
[INFO] [2024-05-28 11:44:19,065] [pharmacy_app.views.py] [User is client]
[WARNING] [2024-05-28 11:44:19,186] [pharmacy_proj.custom_middleware.py] [Europe/Istanbul time zone is activated]
[WARNING] [2024-05-28 11:44:44,588] [pharmacy_proj.custom_middleware.py] [Europe/Istanbul time zone is activated]
[INFO] [2024-05-28 11:44:44,588] [pharmacy_app.views.py] [shop_view is called]
[INFO] [2024-05-28 11:44:44,588] [pharmacy_app.views.py] [Form is valid]
[WARNING] [2024-05-28 11:44:44,742] [pharmacy_proj.custom_middleware.py] [Europe/Istanbul time zone is activated]
[WARNING] [2024-05-28 11:44:44,746] [pharmacy_proj.custom_middleware.py] [Europe/Istanbul time zone is activated]
[WARNING] [2024-05-28 11:44:44,815] [pharmacy_proj.custom_middleware.py] [Europe/Istanbul time zone is activated]
[WARNING] [2024-05-28 11:44:44,823] [pharmacy_proj.custom_middleware.py] [Europe/Istanbul time zone is activated]
[WARNING] [2024-05-28 11:44:44,860] [pharmacy_proj.custom_middleware.py] [Europe/Istanbul time zone is activated]
[WARNING] [2024-05-28 11:44:44,868] [pharmacy_proj.custom_middleware.py] [Europe/Istanbul time zone is activated]
[WARNING] [2024-05-28 11:44:44,901] [pharmacy_proj.custom_middleware.py] [Europe/Istanbul time zone is activated]
[WARNING] [2024-05-28 11:44:44,908] [pharmacy_proj.custom_middleware.py] [Europe/Istanbul time zone is activated]
[WARNING] [2024-05-28 11:44:47,146] [pharmacy_proj.custom_middleware.py] [Europe/Istanbul time zone is activated]
[INFO] [2024-05-28 11:44:47,148] [pharmacy_app.views.py] [shop_order_view is called]
[WARNING] [2024-05-28 11:44:55,696] [pharmacy_proj.custom_middleware.py] [Europe/Istanbul time zone is activated]
[INFO] [2024-05-28 11:44:55,699] [pharmacy_app.views.py] [shop_order_view is called]
[INFO] [2024-05-28 11:44:55,704] [pharmacy_app.views.py] [Form is valid]
[WARNING] [2024-05-28 11:44:55,763] [pharmacy_proj.custom_middleware.py] [Europe/Istanbul time zone is activated]
[INFO] [2024-05-28 11:44:55,765] [pharmacy_app.views.py] [user_view is called]
[INFO] [2024-05-28 11:44:55,765] [pharmacy_app.views.py] [User is client]
[WARNING] [2024-05-28 11:45:00,414] [pharmacy_proj.custom_middleware.py] [Europe/Istanbul time zone is activated]
[INFO] [2024-05-28 11:45:00,415] [pharmacy_app.views.py] [home_view is called]
[INFO] [2024-05-28 11:45:00,418] [pharmacy_app.views.py] [User is client or not authenticated]
[WARNING] [2024-05-28 11:45:02,262] [pharmacy_proj.custom_middleware.py] [Europe/Istanbul time zone is activated]
[INFO] [2024-05-28 11:45:02,265] [pharmacy_app.views.py] [logout_view is called]
[WARNING] [2024-05-28 11:45:02,293] [pharmacy_proj.custom_middleware.py] [Time zone set to default]
[INFO] [2024-05-28 11:45:02,294] [pharmacy_app.views.py] [login_view is called]
[WARNING] [2024-05-28 11:45:10,794] [pharmacy_proj.custom_middleware.py] [Time zone set to default]
[INFO] [2024-05-28 11:45:10,794] [pharmacy_app.views.py] [login_view is called]
[INFO] [2024-05-28 11:45:11,727] [pharmacy_app.views.py] [Form is valid]
[WARNING] [2024-05-28 11:45:12,529] [pharmacy_proj.custom_middleware.py] [Europe/Minsk time zone is activated]
[INFO] [2024-05-28 11:45:12,535] [pharmacy_app.views.py] [home_view is called]
[INFO] [2024-05-28 11:45:12,537] [pharmacy_app.views.py] [User is client or not authenticated]
[WARNING] [2024-05-28 11:45:13,780] [pharmacy_proj.custom_middleware.py] [Europe/Minsk time zone is activated]
[INFO] [2024-05-28 11:45:13,781] [pharmacy_app.views.py] [user_view is called]
[INFO] [2024-05-28 11:45:13,783] [pharmacy_app.views.py] [User is client]
[WARNING] [2024-05-28 11:45:15,683] [pharmacy_proj.custom_middleware.py] [Europe/Minsk time zone is activated]
[INFO] [2024-05-28 11:45:15,685] [pharmacy_app.views.py] [shop_view is called]
[INFO] [2024-05-28 11:45:15,685] [pharmacy_app.views.py] [Form is valid]
[WARNING] [2024-05-28 11:45:17,760] [pharmacy_proj.custom_middleware.py] [Europe/Minsk time zone is activated]
[INFO] [2024-05-28 11:45:17,762] [pharmacy_app.views.py] [shop_order_view is called]
[WARNING] [2024-05-28 11:45:27,005] [pharmacy_proj.custom_middleware.py] [Europe/Minsk time zone is activated]
[INFO] [2024-05-28 11:45:27,009] [pharmacy_app.views.py] [shop_order_view is called]
[WARNING] [2024-05-28 11:45:27,013] [pharmacy_app.views.py] [Form has invalid data]
[WARNING] [2024-05-28 11:45:30,212] [pharmacy_proj.custom_middleware.py] [Europe/Minsk time zone is activated]
[INFO] [2024-05-28 11:45:30,218] [pharmacy_app.views.py] [shop_order_view is called]
[INFO] [2024-05-28 11:45:30,218] [pharmacy_app.views.py] [Form is valid]
[WARNING] [2024-05-28 11:45:30,272] [pharmacy_proj.custom_middleware.py] [Europe/Minsk time zone is activated]
[INFO] [2024-05-28 11:45:30,272] [pharmacy_app.views.py] [user_view is called]
[INFO] [2024-05-28 11:45:30,275] [pharmacy_app.views.py] [User is client]
[WARNING] [2024-05-28 11:45:57,061] [pharmacy_proj.custom_middleware.py] [Europe/Minsk time zone is activated]
[INFO] [2024-05-28 11:45:57,063] [pharmacy_app.views.py] [shop_view is called]
[INFO] [2024-05-28 11:45:57,064] [pharmacy_app.views.py] [Form is valid]
[WARNING] [2024-05-28 11:46:00,134] [pharmacy_proj.custom_middleware.py] [Europe/Minsk time zone is activated]
[INFO] [2024-05-28 11:46:00,134] [pharmacy_app.views.py] [shop_order_view is called]
[WARNING] [2024-05-28 11:46:07,406] [pharmacy_proj.custom_middleware.py] [Europe/Minsk time zone is activated]
[INFO] [2024-05-28 11:46:07,409] [pharmacy_app.views.py] [shop_order_view is called]
[INFO] [2024-05-28 11:46:07,411] [pharmacy_app.views.py] [Form is valid]
[WARNING] [2024-05-28 11:46:07,458] [pharmacy_proj.custom_middleware.py] [Europe/Minsk time zone is activated]
[INFO] [2024-05-28 11:46:07,463] [pharmacy_app.views.py] [user_view is called]
[INFO] [2024-05-28 11:46:07,465] [pharmacy_app.views.py] [User is client]
[WARNING] [2024-05-28 11:46:09,632] [pharmacy_proj.custom_middleware.py] [Europe/Minsk time zone is activated]
[INFO] [2024-05-28 11:46:09,638] [pharmacy_app.views.py] [shop_view is called]
[INFO] [2024-05-28 11:46:09,640] [pharmacy_app.views.py] [Form is valid]
[WARNING] [2024-05-28 11:46:14,158] [pharmacy_proj.custom_middleware.py] [Europe/Minsk time zone is activated]
[INFO] [2024-05-28 11:46:14,160] [pharmacy_app.views.py] [shop_order_view is called]
[WARNING] [2024-05-28 11:46:38,429] [pharmacy_proj.custom_middleware.py] [Europe/Minsk time zone is activated]
[INFO] [2024-05-28 11:46:38,436] [pharmacy_app.views.py] [shop_order_view is called]
[WARNING] [2024-05-28 11:46:38,436] [pharmacy_app.views.py] [Form has invalid data]
[WARNING] [2024-05-28 11:46:42,627] [pharmacy_proj.custom_middleware.py] [Europe/Minsk time zone is activated]
[INFO] [2024-05-28 11:46:42,627] [pharmacy_app.views.py] [shop_order_view is called]
[WARNING] [2024-05-28 11:46:42,635] [pharmacy_app.views.py] [Form has invalid data]
[WARNING] [2024-05-28 11:46:45,269] [pharmacy_proj.custom_middleware.py] [Time zone set to default]
[WARNING] [2024-05-28 11:46:45,410] [pharmacy_proj.custom_middleware.py] [Time zone set to default]
[WARNING] [2024-05-28 11:46:50,927] [pharmacy_proj.custom_middleware.py] [Europe/Minsk time zone is activated]
[INFO] [2024-05-28 11:46:50,929] [pharmacy_app.views.py] [shop_order_view is called]
[INFO] [2024-05-28 11:46:50,935] [pharmacy_app.views.py] [Form is valid]
[WARNING] [2024-05-28 11:46:50,979] [pharmacy_proj.custom_middleware.py] [Europe/Minsk time zone is activated]
[INFO] [2024-05-28 11:46:50,979] [pharmacy_app.views.py] [user_view is called]
[INFO] [2024-05-28 11:46:50,983] [pharmacy_app.views.py] [User is client]
[WARNING] [2024-05-28 11:46:53,228] [pharmacy_proj.custom_middleware.py] [Europe/Minsk time zone is activated]
[INFO] [2024-05-28 11:46:53,230] [pharmacy_app.views.py] [logout_view is called]
[WARNING] [2024-05-28 11:46:53,261] [pharmacy_proj.custom_middleware.py] [Time zone set to default]
[INFO] [2024-05-28 11:46:53,261] [pharmacy_app.views.py] [login_view is called]
[WARNING] [2024-05-28 11:46:54,899] [pharmacy_proj.custom_middleware.py] [Time zone set to default]
[WARNING] [2024-05-28 11:46:55,006] [pharmacy_proj.custom_middleware.py] [Time zone set to default]
[WARNING] [2024-05-28 11:47:05,825] [pharmacy_proj.custom_middleware.py] [Time zone set to default]
[INFO] [2024-05-28 11:47:05,825] [pharmacy_app.views.py] [login_view is called]
[INFO] [2024-05-28 11:47:06,756] [pharmacy_app.views.py] [Form is valid]
[WARNING] [2024-05-28 11:47:07,736] [pharmacy_proj.custom_middleware.py] [Europe/Sarajevo time zone is activated]
[INFO] [2024-05-28 11:47:07,736] [pharmacy_app.views.py] [home_view is called]
[INFO] [2024-05-28 11:47:07,739] [pharmacy_app.views.py] [User is client or not authenticated]
[WARNING] [2024-05-28 11:47:14,284] [pharmacy_proj.custom_middleware.py] [Europe/Sarajevo time zone is activated]
[INFO] [2024-05-28 11:47:14,288] [pharmacy_app.views.py] [user_view is called]
[INFO] [2024-05-28 11:47:14,289] [pharmacy_app.views.py] [User is client]
[WARNING] [2024-05-28 11:47:16,094] [pharmacy_proj.custom_middleware.py] [Europe/Sarajevo time zone is activated]
[INFO] [2024-05-28 11:47:16,094] [pharmacy_app.views.py] [shop_view is called]
[INFO] [2024-05-28 11:47:16,098] [pharmacy_app.views.py] [Form is valid]
[WARNING] [2024-05-28 11:47:16,237] [pharmacy_proj.custom_middleware.py] [Europe/Sarajevo time zone is activated]
[WARNING] [2024-05-28 11:47:16,240] [pharmacy_proj.custom_middleware.py] [Europe/Sarajevo time zone is activated]
[WARNING] [2024-05-28 11:47:16,300] [pharmacy_proj.custom_middleware.py] [Europe/Sarajevo time zone is activated]
[WARNING] [2024-05-28 11:47:16,301] [pharmacy_proj.custom_middleware.py] [Europe/Sarajevo time zone is activated]
[WARNING] [2024-05-28 11:47:16,330] [pharmacy_proj.custom_middleware.py] [Europe/Sarajevo time zone is activated]
[WARNING] [2024-05-28 11:47:20,204] [pharmacy_proj.custom_middleware.py] [Europe/Sarajevo time zone is activated]
[INFO] [2024-05-28 11:47:20,206] [pharmacy_app.views.py] [shop_order_view is called]
[WARNING] [2024-05-28 11:47:34,530] [pharmacy_proj.custom_middleware.py] [Europe/Sarajevo time zone is activated]
[INFO] [2024-05-28 11:47:34,537] [pharmacy_app.views.py] [shop_order_view is called]
[INFO] [2024-05-28 11:47:34,541] [pharmacy_app.views.py] [Form is valid]
[WARNING] [2024-05-28 11:47:34,589] [pharmacy_proj.custom_middleware.py] [Europe/Sarajevo time zone is activated]
[INFO] [2024-05-28 11:47:34,589] [pharmacy_app.views.py] [user_view is called]
[INFO] [2024-05-28 11:47:34,592] [pharmacy_app.views.py] [User is client]
[WARNING] [2024-05-28 11:47:35,850] [pharmacy_proj.custom_middleware.py] [Europe/Sarajevo time zone is activated]
[INFO] [2024-05-28 11:47:35,850] [pharmacy_app.views.py] [shop_view is called]
[INFO] [2024-05-28 11:47:35,850] [pharmacy_app.views.py] [Form is valid]
[WARNING] [2024-05-28 11:47:35,985] [pharmacy_proj.custom_middleware.py] [Europe/Sarajevo time zone is activated]
[WARNING] [2024-05-28 11:47:35,990] [pharmacy_proj.custom_middleware.py] [Europe/Sarajevo time zone is activated]
[WARNING] [2024-05-28 11:47:35,990] [pharmacy_proj.custom_middleware.py] [Europe/Sarajevo time zone is activated]
[WARNING] [2024-05-28 11:47:35,995] [pharmacy_proj.custom_middleware.py] [Europe/Sarajevo time zone is activated]
[WARNING] [2024-05-28 11:47:38,761] [pharmacy_proj.custom_middleware.py] [Europe/Sarajevo time zone is activated]
[INFO] [2024-05-28 11:47:38,765] [pharmacy_app.views.py] [shop_order_view is called]
[WARNING] [2024-05-28 11:47:46,664] [pharmacy_proj.custom_middleware.py] [Europe/Sarajevo time zone is activated]
[INFO] [2024-05-28 11:47:46,669] [pharmacy_app.views.py] [shop_order_view is called]
[INFO] [2024-05-28 11:47:46,672] [pharmacy_app.views.py] [Form is valid]
[WARNING] [2024-05-28 11:47:46,714] [pharmacy_proj.custom_middleware.py] [Europe/Sarajevo time zone is activated]
[INFO] [2024-05-28 11:47:46,714] [pharmacy_app.views.py] [user_view is called]
[INFO] [2024-05-28 11:47:46,719] [pharmacy_app.views.py] [User is client]
[WARNING] [2024-05-28 11:47:51,567] [pharmacy_proj.custom_middleware.py] [Europe/Sarajevo time zone is activated]
[INFO] [2024-05-28 11:47:51,568] [pharmacy_app.views.py] [shop_view is called]
[INFO] [2024-05-28 11:47:51,570] [pharmacy_app.views.py] [Form is valid]
[WARNING] [2024-05-28 11:47:51,706] [pharmacy_proj.custom_middleware.py] [Europe/Sarajevo time zone is activated]
[WARNING] [2024-05-28 11:47:54,289] [pharmacy_proj.custom_middleware.py] [Europe/Sarajevo time zone is activated]
[INFO] [2024-05-28 11:47:54,289] [pharmacy_app.views.py] [shop_order_view is called]
[WARNING] [2024-05-28 11:48:07,910] [pharmacy_proj.custom_middleware.py] [Europe/Sarajevo time zone is activated]
[INFO] [2024-05-28 11:48:07,910] [pharmacy_app.views.py] [shop_order_view is called]
[INFO] [2024-05-28 11:48:07,917] [pharmacy_app.views.py] [Form is valid]
[WARNING] [2024-05-28 11:48:07,966] [pharmacy_proj.custom_middleware.py] [Europe/Sarajevo time zone is activated]
[INFO] [2024-05-28 11:48:07,967] [pharmacy_app.views.py] [user_view is called]
[INFO] [2024-05-28 11:48:07,967] [pharmacy_app.views.py] [User is client]
[WARNING] [2024-05-28 11:48:10,261] [pharmacy_proj.custom_middleware.py] [Europe/Sarajevo time zone is activated]
[INFO] [2024-05-28 11:48:10,261] [pharmacy_app.views.py] [user_view is called]
[INFO] [2024-05-28 11:48:10,263] [pharmacy_app.views.py] [User is client]
[WARNING] [2024-05-28 11:48:11,550] [pharmacy_proj.custom_middleware.py] [Europe/Sarajevo time zone is activated]
[INFO] [2024-05-28 11:48:11,551] [pharmacy_app.views.py] [user_view is called]
[INFO] [2024-05-28 11:48:11,551] [pharmacy_app.views.py] [User is client]
[WARNING] [2024-05-28 11:49:10,896] [pharmacy_proj.custom_middleware.py] [Europe/Sarajevo time zone is activated]
[INFO] [2024-05-28 11:49:10,897] [pharmacy_app.views.py] [logout_view is called]
[WARNING] [2024-05-28 11:49:10,930] [pharmacy_proj.custom_middleware.py] [Time zone set to default]
[INFO] [2024-05-28 11:49:10,931] [pharmacy_app.views.py] [login_view is called]
[WARNING] [2024-05-28 11:49:13,687] [pharmacy_proj.custom_middleware.py] [Time zone set to default]
[WARNING] [2024-05-28 11:49:13,800] [pharmacy_proj.custom_middleware.py] [Time zone set to default]
[WARNING] [2024-05-28 11:49:27,208] [pharmacy_proj.custom_middleware.py] [Time zone set to default]
[INFO] [2024-05-28 11:49:27,209] [pharmacy_app.views.py] [login_view is called]
[INFO] [2024-05-28 11:49:28,058] [pharmacy_app.views.py] [Form is valid]
[WARNING] [2024-05-28 11:49:28,848] [pharmacy_proj.custom_middleware.py] [Europe/Helsinki time zone is activated]
[INFO] [2024-05-28 11:49:28,862] [pharmacy_app.views.py] [home_view is called]
[WARNING] [2024-05-28 11:49:31,119] [pharmacy_proj.custom_middleware.py] [Europe/Helsinki time zone is activated]
[WARNING] [2024-05-28 11:49:51,048] [pharmacy_proj.custom_middleware.py] [Europe/Helsinki time zone is activated]
[INFO] [2024-05-28 11:49:51,050] [pharmacy_app.views.py] [user_view is called]
[INFO] [2024-05-28 11:49:51,053] [pharmacy_app.views.py] [User is employee]
[WARNING] [2024-05-28 11:49:51,248] [pharmacy_proj.custom_middleware.py] [Europe/Helsinki time zone is activated]
[WARNING] [2024-05-28 11:49:51,259] [pharmacy_proj.custom_middleware.py] [Europe/Helsinki time zone is activated]
[INFO] [2024-05-28 11:53:20,610] [django.utils.autoreload.py] [C:\253501_LYAMTSEV_14\IGI\LR5\pharmacy_proj\pharmacy_app\views.py changed, reloading.]
[INFO] [2024-05-28 12:31:25,790] [django.utils.autoreload.py] [Watching for file changes with StatReloader]
[WARNING] [2024-05-28 12:31:31,641] [pharmacy_proj.custom_middleware.py] [Time zone set to default]
[INFO] [2024-05-28 12:31:31,641] [pharmacy_app.views.py] [default_view is called]
[WARNING] [2024-05-28 12:31:31,702] [pharmacy_proj.custom_middleware.py] [Time zone set to default]
[INFO] [2024-05-28 12:31:31,702] [pharmacy_app.views.py] [home_view is called]
[ERROR] [2024-05-28 12:31:33,054] [django.request.py] [Internal Server Error: /home/]
Traceback (most recent call last):
  File "C:\253501_LYAMTSEV_14\IGI\LR5\.venv\Lib\site-packages\django\core\handlers\exception.py", line 55, in inner
    response = get_response(request)
               ^^^^^^^^^^^^^^^^^^^^^
  File "C:\253501_LYAMTSEV_14\IGI\LR5\.venv\Lib\site-packages\django\core\handlers\base.py", line 197, in _get_response
    response = wrapped_callback(request, *callback_args, **callback_kwargs)
               ^^^^^^^^^^^^^^^^^^^^^^^^^^^^^^^^^^^^^^^^^^^^^^^^^^^^^^^^^^^^
  File "C:\253501_LYAMTSEV_14\IGI\LR5\pharmacy_proj\pharmacy_app\views.py", line 508, in home_view
    ax.set_xticks(len(medications))
  File "C:\253501_LYAMTSEV_14\IGI\LR5\.venv\Lib\site-packages\matplotlib\axes\_base.py", line 74, in wrapper
    return get_method(self)(*args, **kwargs)
           ^^^^^^^^^^^^^^^^^^^^^^^^^^^^^^^^^
  File "C:\253501_LYAMTSEV_14\IGI\LR5\.venv\Lib\site-packages\matplotlib\axis.py", line 2172, in set_ticks
    result = self._set_tick_locations(ticks, minor=minor)
             ^^^^^^^^^^^^^^^^^^^^^^^^^^^^^^^^^^^^^^^^^^^^
  File "C:\253501_LYAMTSEV_14\IGI\LR5\.venv\Lib\site-packages\matplotlib\axis.py", line 2113, in _set_tick_locations
    locator = mticker.FixedLocator(ticks)  # validate ticks early.
              ^^^^^^^^^^^^^^^^^^^^^^^^^^^
  File "C:\253501_LYAMTSEV_14\IGI\LR5\.venv\Lib\site-packages\matplotlib\ticker.py", line 1722, in __init__
    _api.check_shape((None,), locs=self.locs)
  File "C:\253501_LYAMTSEV_14\IGI\LR5\.venv\Lib\site-packages\matplotlib\_api\__init__.py", line 161, in check_shape
    raise ValueError(
ValueError: 'locs' must be 1D with shape (N,), but your input has shape ()
[WARNING] [2024-05-28 12:31:33,641] [pharmacy_proj.custom_middleware.py] [Time zone set to default]
[WARNING] [2024-05-28 12:31:33,685] [django.request.py] [Not Found: /favicon.ico]
[INFO] [2024-05-28 12:32:07,417] [django.utils.autoreload.py] [C:\253501_LYAMTSEV_14\IGI\LR5\pharmacy_proj\pharmacy_app\views.py changed, reloading.]
[INFO] [2024-05-28 12:32:10,378] [django.utils.autoreload.py] [Watching for file changes with StatReloader]
[WARNING] [2024-05-28 12:32:13,877] [pharmacy_proj.custom_middleware.py] [Time zone set to default]
[INFO] [2024-05-28 12:32:13,877] [pharmacy_app.views.py] [default_view is called]
[WARNING] [2024-05-28 12:32:13,924] [pharmacy_proj.custom_middleware.py] [Time zone set to default]
[INFO] [2024-05-28 12:32:13,924] [pharmacy_app.views.py] [home_view is called]
[WARNING] [2024-05-28 12:32:14,995] [pharmacy_proj.custom_middleware.py] [Time zone set to default]
[INFO] [2024-05-28 12:32:53,417] [django.utils.autoreload.py] [C:\253501_LYAMTSEV_14\IGI\LR5\pharmacy_proj\pharmacy_app\views.py changed, reloading.]
[INFO] [2024-05-28 12:32:56,291] [django.utils.autoreload.py] [Watching for file changes with StatReloader]
[WARNING] [2024-05-28 12:33:00,099] [pharmacy_proj.custom_middleware.py] [Time zone set to default]
[INFO] [2024-05-28 12:33:00,101] [pharmacy_app.views.py] [default_view is called]
[WARNING] [2024-05-28 12:33:00,165] [pharmacy_proj.custom_middleware.py] [Time zone set to default]
[INFO] [2024-05-28 12:33:00,165] [pharmacy_app.views.py] [home_view is called]
[WARNING] [2024-05-28 12:33:01,249] [pharmacy_proj.custom_middleware.py] [Time zone set to default]
[INFO] [2024-05-28 12:34:32,650] [django.utils.autoreload.py] [C:\253501_LYAMTSEV_14\IGI\LR5\pharmacy_proj\pharmacy_app\views.py changed, reloading.]
[INFO] [2024-05-28 12:34:35,427] [django.utils.autoreload.py] [Watching for file changes with StatReloader]
[WARNING] [2024-05-28 12:34:39,792] [pharmacy_proj.custom_middleware.py] [Time zone set to default]
[INFO] [2024-05-28 12:34:39,792] [pharmacy_app.views.py] [default_view is called]
[WARNING] [2024-05-28 12:34:39,865] [pharmacy_proj.custom_middleware.py] [Time zone set to default]
[INFO] [2024-05-28 12:34:39,865] [pharmacy_app.views.py] [home_view is called]
[ERROR] [2024-05-28 12:34:40,617] [django.request.py] [Internal Server Error: /home/]
Traceback (most recent call last):
  File "C:\253501_LYAMTSEV_14\IGI\LR5\.venv\Lib\site-packages\django\core\handlers\exception.py", line 55, in inner
    response = get_response(request)
               ^^^^^^^^^^^^^^^^^^^^^
  File "C:\253501_LYAMTSEV_14\IGI\LR5\.venv\Lib\site-packages\django\core\handlers\base.py", line 197, in _get_response
    response = wrapped_callback(request, *callback_args, **callback_kwargs)
               ^^^^^^^^^^^^^^^^^^^^^^^^^^^^^^^^^^^^^^^^^^^^^^^^^^^^^^^^^^^^
  File "C:\253501_LYAMTSEV_14\IGI\LR5\pharmacy_proj\pharmacy_app\views.py", line 507, in home_view
    ax.xticks(fontsize=8)
    ^^^^^^^^^
AttributeError: 'Axes' object has no attribute 'xticks'
[INFO] [2024-05-28 12:35:20,210] [django.utils.autoreload.py] [C:\253501_LYAMTSEV_14\IGI\LR5\pharmacy_proj\pharmacy_app\views.py changed, reloading.]
[INFO] [2024-05-28 12:35:22,989] [django.utils.autoreload.py] [Watching for file changes with StatReloader]
[WARNING] [2024-05-28 12:35:26,608] [pharmacy_proj.custom_middleware.py] [Time zone set to default]
[INFO] [2024-05-28 12:35:26,608] [pharmacy_app.views.py] [default_view is called]
[WARNING] [2024-05-28 12:35:26,684] [pharmacy_proj.custom_middleware.py] [Time zone set to default]
[INFO] [2024-05-28 12:35:26,684] [pharmacy_app.views.py] [home_view is called]
[ERROR] [2024-05-28 12:35:27,426] [django.request.py] [Internal Server Error: /home/]
Traceback (most recent call last):
  File "C:\253501_LYAMTSEV_14\IGI\LR5\.venv\Lib\site-packages\django\core\handlers\exception.py", line 55, in inner
    response = get_response(request)
               ^^^^^^^^^^^^^^^^^^^^^
  File "C:\253501_LYAMTSEV_14\IGI\LR5\.venv\Lib\site-packages\django\core\handlers\base.py", line 197, in _get_response
    response = wrapped_callback(request, *callback_args, **callback_kwargs)
               ^^^^^^^^^^^^^^^^^^^^^^^^^^^^^^^^^^^^^^^^^^^^^^^^^^^^^^^^^^^^
  File "C:\253501_LYAMTSEV_14\IGI\LR5\pharmacy_proj\pharmacy_app\views.py", line 508, in home_view
    ax.set_xticks(fontsize=4)
  File "C:\253501_LYAMTSEV_14\IGI\LR5\.venv\Lib\site-packages\matplotlib\axes\_base.py", line 74, in wrapper
    return get_method(self)(*args, **kwargs)
           ^^^^^^^^^^^^^^^^^^^^^^^^^^^^^^^^^
TypeError: Axis.set_ticks() missing 1 required positional argument: 'ticks'
[INFO] [2024-05-28 12:35:41,356] [django.utils.autoreload.py] [C:\253501_LYAMTSEV_14\IGI\LR5\pharmacy_proj\pharmacy_app\views.py changed, reloading.]
[INFO] [2024-05-28 12:35:44,241] [django.utils.autoreload.py] [Watching for file changes with StatReloader]
[WARNING] [2024-05-28 12:35:47,725] [pharmacy_proj.custom_middleware.py] [Time zone set to default]
[INFO] [2024-05-28 12:35:47,725] [pharmacy_app.views.py] [default_view is called]
[WARNING] [2024-05-28 12:35:47,808] [pharmacy_proj.custom_middleware.py] [Time zone set to default]
[INFO] [2024-05-28 12:35:47,811] [pharmacy_app.views.py] [home_view is called]
[ERROR] [2024-05-28 12:35:48,558] [django.request.py] [Internal Server Error: /home/]
Traceback (most recent call last):
  File "C:\253501_LYAMTSEV_14\IGI\LR5\.venv\Lib\site-packages\django\core\handlers\exception.py", line 55, in inner
    response = get_response(request)
               ^^^^^^^^^^^^^^^^^^^^^
  File "C:\253501_LYAMTSEV_14\IGI\LR5\.venv\Lib\site-packages\django\core\handlers\base.py", line 197, in _get_response
    response = wrapped_callback(request, *callback_args, **callback_kwargs)
               ^^^^^^^^^^^^^^^^^^^^^^^^^^^^^^^^^^^^^^^^^^^^^^^^^^^^^^^^^^^^
  File "C:\253501_LYAMTSEV_14\IGI\LR5\pharmacy_proj\pharmacy_app\views.py", line 508, in home_view
    ax.set_xticks(medications, fontsize=4)
  File "C:\253501_LYAMTSEV_14\IGI\LR5\.venv\Lib\site-packages\matplotlib\axes\_base.py", line 74, in wrapper
    return get_method(self)(*args, **kwargs)
           ^^^^^^^^^^^^^^^^^^^^^^^^^^^^^^^^^
  File "C:\253501_LYAMTSEV_14\IGI\LR5\.venv\Lib\site-packages\matplotlib\axis.py", line 2168, in set_ticks
    raise ValueError(
ValueError: Incorrect use of keyword argument 'fontsize'. Keyword arguments other than 'minor' modify the text labels and can only be used if 'labels' are passed as well.
[INFO] [2024-05-28 12:36:07,062] [django.utils.autoreload.py] [C:\253501_LYAMTSEV_14\IGI\LR5\pharmacy_proj\pharmacy_app\views.py changed, reloading.]
[INFO] [2024-05-28 12:36:10,012] [django.utils.autoreload.py] [Watching for file changes with StatReloader]
[WARNING] [2024-05-28 12:36:13,385] [pharmacy_proj.custom_middleware.py] [Time zone set to default]
[INFO] [2024-05-28 12:36:13,385] [pharmacy_app.views.py] [default_view is called]
[WARNING] [2024-05-28 12:36:13,466] [pharmacy_proj.custom_middleware.py] [Time zone set to default]
[INFO] [2024-05-28 12:36:13,469] [pharmacy_app.views.py] [home_view is called]
[ERROR] [2024-05-28 12:36:14,216] [django.request.py] [Internal Server Error: /home/]
Traceback (most recent call last):
  File "C:\253501_LYAMTSEV_14\IGI\LR5\.venv\Lib\site-packages\matplotlib\axis.py", line 1804, in convert_units
    ret = self.converter.convert(x, self.units, self)
          ^^^^^^^^^^^^^^^^^^^^^^^^^^^^^^^^^^^^^^^^^^^
  File "C:\253501_LYAMTSEV_14\IGI\LR5\.venv\Lib\site-packages\matplotlib\category.py", line 57, in convert
    unit.update(values)
  File "C:\253501_LYAMTSEV_14\IGI\LR5\.venv\Lib\site-packages\matplotlib\category.py", line 216, in update
    _api.check_isinstance((str, bytes), value=val)
  File "C:\253501_LYAMTSEV_14\IGI\LR5\.venv\Lib\site-packages\matplotlib\_api\__init__.py", line 91, in check_isinstance
    raise TypeError(
TypeError: 'value' must be an instance of str or bytes, not a pharmacy_app.models.Medication

The above exception was the direct cause of the following exception:

Traceback (most recent call last):
  File "C:\253501_LYAMTSEV_14\IGI\LR5\.venv\Lib\site-packages\django\core\handlers\exception.py", line 55, in inner
    response = get_response(request)
               ^^^^^^^^^^^^^^^^^^^^^
  File "C:\253501_LYAMTSEV_14\IGI\LR5\.venv\Lib\site-packages\django\core\handlers\base.py", line 197, in _get_response
    response = wrapped_callback(request, *callback_args, **callback_kwargs)
               ^^^^^^^^^^^^^^^^^^^^^^^^^^^^^^^^^^^^^^^^^^^^^^^^^^^^^^^^^^^^
  File "C:\253501_LYAMTSEV_14\IGI\LR5\pharmacy_proj\pharmacy_app\views.py", line 508, in home_view
    ax.set_xticks(medications)
  File "C:\253501_LYAMTSEV_14\IGI\LR5\.venv\Lib\site-packages\matplotlib\axes\_base.py", line 74, in wrapper
    return get_method(self)(*args, **kwargs)
           ^^^^^^^^^^^^^^^^^^^^^^^^^^^^^^^^^
  File "C:\253501_LYAMTSEV_14\IGI\LR5\.venv\Lib\site-packages\matplotlib\axis.py", line 2172, in set_ticks
    result = self._set_tick_locations(ticks, minor=minor)
             ^^^^^^^^^^^^^^^^^^^^^^^^^^^^^^^^^^^^^^^^^^^^
  File "C:\253501_LYAMTSEV_14\IGI\LR5\.venv\Lib\site-packages\matplotlib\axis.py", line 2112, in _set_tick_locations
    ticks = self.convert_units(ticks)
            ^^^^^^^^^^^^^^^^^^^^^^^^^
  File "C:\253501_LYAMTSEV_14\IGI\LR5\.venv\Lib\site-packages\matplotlib\axis.py", line 1806, in convert_units
    raise munits.ConversionError('Failed to convert value(s) to axis '
matplotlib.units.ConversionError: Failed to convert value(s) to axis units: [<Medication: Amoxicillin>, <Medication: Atorvastatin>, <Medication: Ibuprofen>, <Medication: Metformin>, <Medication: Vitamin D3>, <Medication: Fluoxetine>, <Medication: Albuterol Inhaler>, <Medication: Omeprazole>, <Medication: Hydrocortisone Cream>, <Medication: Compounded Pain Cream>]
[INFO] [2024-05-28 12:36:30,424] [django.utils.autoreload.py] [C:\253501_LYAMTSEV_14\IGI\LR5\pharmacy_proj\pharmacy_app\views.py changed, reloading.]
[INFO] [2024-05-28 12:36:33,243] [django.utils.autoreload.py] [Watching for file changes with StatReloader]
[WARNING] [2024-05-28 12:36:36,477] [pharmacy_proj.custom_middleware.py] [Time zone set to default]
[INFO] [2024-05-28 12:36:36,477] [pharmacy_app.views.py] [default_view is called]
[WARNING] [2024-05-28 12:36:36,537] [pharmacy_proj.custom_middleware.py] [Time zone set to default]
[INFO] [2024-05-28 12:36:36,538] [pharmacy_app.views.py] [home_view is called]
[ERROR] [2024-05-28 12:36:37,243] [django.request.py] [Internal Server Error: /home/]
Traceback (most recent call last):
  File "C:\253501_LYAMTSEV_14\IGI\LR5\.venv\Lib\site-packages\django\core\handlers\exception.py", line 55, in inner
    response = get_response(request)
               ^^^^^^^^^^^^^^^^^^^^^
  File "C:\253501_LYAMTSEV_14\IGI\LR5\.venv\Lib\site-packages\django\core\handlers\base.py", line 197, in _get_response
    response = wrapped_callback(request, *callback_args, **callback_kwargs)
               ^^^^^^^^^^^^^^^^^^^^^^^^^^^^^^^^^^^^^^^^^^^^^^^^^^^^^^^^^^^^
  File "C:\253501_LYAMTSEV_14\IGI\LR5\pharmacy_proj\pharmacy_app\views.py", line 509, in home_view
    ax.xticks(fontsize=4)
    ^^^^^^^^^
AttributeError: 'Axes' object has no attribute 'xticks'
[INFO] [2024-05-28 12:36:51,150] [django.utils.autoreload.py] [C:\253501_LYAMTSEV_14\IGI\LR5\pharmacy_proj\pharmacy_app\views.py changed, reloading.]
[INFO] [2024-05-28 12:36:53,846] [django.utils.autoreload.py] [Watching for file changes with StatReloader]
[WARNING] [2024-05-28 12:36:57,743] [pharmacy_proj.custom_middleware.py] [Time zone set to default]
[INFO] [2024-05-28 12:36:57,750] [pharmacy_app.views.py] [home_view is called]
[ERROR] [2024-05-28 12:36:58,396] [django.request.py] [Internal Server Error: /home/]
Traceback (most recent call last):
  File "C:\253501_LYAMTSEV_14\IGI\LR5\.venv\Lib\site-packages\django\core\handlers\exception.py", line 55, in inner
    response = get_response(request)
               ^^^^^^^^^^^^^^^^^^^^^
  File "C:\253501_LYAMTSEV_14\IGI\LR5\.venv\Lib\site-packages\django\core\handlers\base.py", line 197, in _get_response
    response = wrapped_callback(request, *callback_args, **callback_kwargs)
               ^^^^^^^^^^^^^^^^^^^^^^^^^^^^^^^^^^^^^^^^^^^^^^^^^^^^^^^^^^^^
  File "C:\253501_LYAMTSEV_14\IGI\LR5\pharmacy_proj\pharmacy_app\views.py", line 508, in home_view
    ax.set_xticks([medication.name for medication in medications], fontsize=20)
  File "C:\253501_LYAMTSEV_14\IGI\LR5\.venv\Lib\site-packages\matplotlib\axes\_base.py", line 74, in wrapper
    return get_method(self)(*args, **kwargs)
           ^^^^^^^^^^^^^^^^^^^^^^^^^^^^^^^^^
  File "C:\253501_LYAMTSEV_14\IGI\LR5\.venv\Lib\site-packages\matplotlib\axis.py", line 2168, in set_ticks
    raise ValueError(
ValueError: Incorrect use of keyword argument 'fontsize'. Keyword arguments other than 'minor' modify the text labels and can only be used if 'labels' are passed as well.
[INFO] [2024-05-28 12:37:30,466] [django.utils.autoreload.py] [C:\253501_LYAMTSEV_14\IGI\LR5\pharmacy_proj\pharmacy_app\views.py changed, reloading.]
[INFO] [2024-05-28 12:37:33,273] [django.utils.autoreload.py] [Watching for file changes with StatReloader]
[INFO] [2024-05-28 12:37:37,862] [django.utils.autoreload.py] [C:\253501_LYAMTSEV_14\IGI\LR5\pharmacy_proj\pharmacy_app\views.py changed, reloading.]
[INFO] [2024-05-28 12:37:39,337] [django.utils.autoreload.py] [Watching for file changes with StatReloader]
[INFO] [2024-05-28 12:37:56,396] [django.utils.autoreload.py] [C:\253501_LYAMTSEV_14\IGI\LR5\pharmacy_proj\pharmacy_app\views.py changed, reloading.]
[INFO] [2024-05-28 12:37:57,912] [django.utils.autoreload.py] [Watching for file changes with StatReloader]
[WARNING] [2024-05-28 12:38:02,055] [pharmacy_proj.custom_middleware.py] [Time zone set to default]
[INFO] [2024-05-28 12:38:02,055] [pharmacy_app.views.py] [default_view is called]
[WARNING] [2024-05-28 12:38:02,119] [pharmacy_proj.custom_middleware.py] [Time zone set to default]
[INFO] [2024-05-28 12:38:02,121] [pharmacy_app.views.py] [home_view is called]
[WARNING] [2024-05-28 12:38:03,260] [pharmacy_proj.custom_middleware.py] [Time zone set to default]
[INFO] [2024-05-28 12:38:09,628] [django.utils.autoreload.py] [C:\253501_LYAMTSEV_14\IGI\LR5\pharmacy_proj\pharmacy_app\views.py changed, reloading.]
[INFO] [2024-05-28 12:38:12,834] [django.utils.autoreload.py] [Watching for file changes with StatReloader]
[WARNING] [2024-05-28 12:38:16,216] [pharmacy_proj.custom_middleware.py] [Time zone set to default]
[INFO] [2024-05-28 12:38:16,216] [pharmacy_app.views.py] [default_view is called]
[WARNING] [2024-05-28 12:38:16,299] [pharmacy_proj.custom_middleware.py] [Time zone set to default]
[INFO] [2024-05-28 12:38:16,301] [pharmacy_app.views.py] [home_view is called]
[WARNING] [2024-05-28 12:38:17,376] [pharmacy_proj.custom_middleware.py] [Time zone set to default]
[INFO] [2024-05-28 12:38:26,645] [django.utils.autoreload.py] [C:\253501_LYAMTSEV_14\IGI\LR5\pharmacy_proj\pharmacy_app\views.py changed, reloading.]
[INFO] [2024-05-28 12:38:29,436] [django.utils.autoreload.py] [Watching for file changes with StatReloader]
[WARNING] [2024-05-28 12:38:32,967] [pharmacy_proj.custom_middleware.py] [Time zone set to default]
[INFO] [2024-05-28 12:38:32,967] [pharmacy_app.views.py] [default_view is called]
[WARNING] [2024-05-28 12:38:33,026] [pharmacy_proj.custom_middleware.py] [Time zone set to default]
[INFO] [2024-05-28 12:38:33,029] [pharmacy_app.views.py] [home_view is called]
[WARNING] [2024-05-28 12:38:34,051] [pharmacy_proj.custom_middleware.py] [Time zone set to default]
[INFO] [2024-05-28 12:38:40,967] [django.utils.autoreload.py] [C:\253501_LYAMTSEV_14\IGI\LR5\pharmacy_proj\pharmacy_app\views.py changed, reloading.]
[INFO] [2024-05-28 12:38:43,768] [django.utils.autoreload.py] [Watching for file changes with StatReloader]
[WARNING] [2024-05-28 12:38:47,064] [pharmacy_proj.custom_middleware.py] [Time zone set to default]
[INFO] [2024-05-28 12:38:47,064] [pharmacy_app.views.py] [default_view is called]
[WARNING] [2024-05-28 12:38:47,128] [pharmacy_proj.custom_middleware.py] [Time zone set to default]
[INFO] [2024-05-28 12:38:47,131] [pharmacy_app.views.py] [home_view is called]
[WARNING] [2024-05-28 12:38:48,142] [pharmacy_proj.custom_middleware.py] [Time zone set to default]
[INFO] [2024-05-28 12:40:51,943] [django.utils.autoreload.py] [C:\253501_LYAMTSEV_14\IGI\LR5\pharmacy_proj\pharmacy_app\views.py changed, reloading.]
[INFO] [2024-05-28 12:40:54,669] [django.utils.autoreload.py] [Watching for file changes with StatReloader]
[WARNING] [2024-05-28 12:40:58,012] [pharmacy_proj.custom_middleware.py] [Time zone set to default]
[INFO] [2024-05-28 12:40:58,012] [pharmacy_app.views.py] [default_view is called]
[WARNING] [2024-05-28 12:40:58,067] [pharmacy_proj.custom_middleware.py] [Time zone set to default]
[INFO] [2024-05-28 12:40:58,067] [pharmacy_app.views.py] [home_view is called]
[WARNING] [2024-05-28 12:40:59,150] [pharmacy_proj.custom_middleware.py] [Time zone set to default]
[INFO] [2024-05-28 12:41:04,944] [django.utils.autoreload.py] [C:\253501_LYAMTSEV_14\IGI\LR5\pharmacy_proj\pharmacy_app\views.py changed, reloading.]
[INFO] [2024-05-28 12:41:07,700] [django.utils.autoreload.py] [Watching for file changes with StatReloader]
[WARNING] [2024-05-28 12:41:10,923] [pharmacy_proj.custom_middleware.py] [Time zone set to default]
[INFO] [2024-05-28 12:41:10,924] [pharmacy_app.views.py] [default_view is called]
[WARNING] [2024-05-28 12:41:10,977] [pharmacy_proj.custom_middleware.py] [Time zone set to default]
[INFO] [2024-05-28 12:41:10,977] [pharmacy_app.views.py] [home_view is called]
[WARNING] [2024-05-28 12:41:12,030] [pharmacy_proj.custom_middleware.py] [Time zone set to default]
[INFO] [2024-05-28 12:41:38,329] [django.utils.autoreload.py] [C:\253501_LYAMTSEV_14\IGI\LR5\pharmacy_proj\pharmacy_app\views.py changed, reloading.]
[INFO] [2024-05-28 12:41:41,172] [django.utils.autoreload.py] [Watching for file changes with StatReloader]
[INFO] [2024-05-28 12:42:40,237] [django.utils.autoreload.py] [C:\253501_LYAMTSEV_14\IGI\LR5\pharmacy_proj\pharmacy_app\views.py changed, reloading.]
[INFO] [2024-05-28 12:42:41,773] [django.utils.autoreload.py] [Watching for file changes with StatReloader]
[WARNING] [2024-05-28 12:42:45,181] [pharmacy_proj.custom_middleware.py] [Time zone set to default]
[INFO] [2024-05-28 12:42:45,181] [pharmacy_app.views.py] [default_view is called]
[WARNING] [2024-05-28 12:42:45,243] [pharmacy_proj.custom_middleware.py] [Time zone set to default]
[INFO] [2024-05-28 12:42:45,243] [pharmacy_app.views.py] [home_view is called]
[WARNING] [2024-05-28 12:42:46,413] [pharmacy_proj.custom_middleware.py] [Time zone set to default]
[INFO] [2024-05-28 12:43:56,895] [django.utils.autoreload.py] [C:\253501_LYAMTSEV_14\IGI\LR5\pharmacy_proj\pharmacy_app\views.py changed, reloading.]
[INFO] [2024-05-28 12:43:59,853] [django.utils.autoreload.py] [Watching for file changes with StatReloader]
[WARNING] [2024-05-28 12:44:03,483] [pharmacy_proj.custom_middleware.py] [Time zone set to default]
[INFO] [2024-05-28 12:44:03,484] [pharmacy_app.views.py] [default_view is called]
[WARNING] [2024-05-28 12:44:03,549] [pharmacy_proj.custom_middleware.py] [Time zone set to default]
[INFO] [2024-05-28 12:44:03,551] [pharmacy_app.views.py] [home_view is called]
[ERROR] [2024-05-28 12:44:04,464] [django.request.py] [Internal Server Error: /home/]
Traceback (most recent call last):
  File "C:\253501_LYAMTSEV_14\IGI\LR5\.venv\Lib\site-packages\django\core\handlers\exception.py", line 55, in inner
    response = get_response(request)
               ^^^^^^^^^^^^^^^^^^^^^
  File "C:\253501_LYAMTSEV_14\IGI\LR5\.venv\Lib\site-packages\django\core\handlers\base.py", line 197, in _get_response
    response = wrapped_callback(request, *callback_args, **callback_kwargs)
               ^^^^^^^^^^^^^^^^^^^^^^^^^^^^^^^^^^^^^^^^^^^^^^^^^^^^^^^^^^^^
  File "C:\253501_LYAMTSEV_14\IGI\LR5\pharmacy_proj\pharmacy_app\views.py", line 511, in home_view
    fig.savefig(os.path.join(MEDIA_ROOT, 'chart.png'), bbox_inches='tight', figsize=(12,8))
  File "C:\253501_LYAMTSEV_14\IGI\LR5\.venv\Lib\site-packages\matplotlib\figure.py", line 3388, in savefig
    self.canvas.print_figure(fname, **kwargs)
  File "C:\253501_LYAMTSEV_14\IGI\LR5\.venv\Lib\site-packages\matplotlib\backend_bases.py", line 2218, in print_figure
    result = print_method(
             ^^^^^^^^^^^^^
  File "C:\253501_LYAMTSEV_14\IGI\LR5\.venv\Lib\site-packages\matplotlib\backend_bases.py", line 2068, in <lambda>
    print_method = functools.wraps(meth)(lambda *args, **kwargs: meth(
                                                                 ^^^^^
TypeError: FigureCanvasAgg.print_png() got an unexpected keyword argument 'figsize'
[INFO] [2024-05-28 12:45:13,999] [django.utils.autoreload.py] [C:\253501_LYAMTSEV_14\IGI\LR5\pharmacy_proj\pharmacy_app\views.py changed, reloading.]
[INFO] [2024-05-28 12:45:16,878] [django.utils.autoreload.py] [Watching for file changes with StatReloader]
[WARNING] [2024-05-28 12:45:20,267] [pharmacy_proj.custom_middleware.py] [Time zone set to default]
[INFO] [2024-05-28 12:45:20,267] [pharmacy_app.views.py] [default_view is called]
[WARNING] [2024-05-28 12:45:20,338] [pharmacy_proj.custom_middleware.py] [Time zone set to default]
[INFO] [2024-05-28 12:45:20,339] [pharmacy_app.views.py] [home_view is called]
[WARNING] [2024-05-28 12:45:21,576] [pharmacy_proj.custom_middleware.py] [Time zone set to default]
[INFO] [2024-05-28 12:45:35,132] [django.utils.autoreload.py] [C:\253501_LYAMTSEV_14\IGI\LR5\pharmacy_proj\pharmacy_app\views.py changed, reloading.]
[INFO] [2024-05-28 12:45:37,995] [django.utils.autoreload.py] [Watching for file changes with StatReloader]
[WARNING] [2024-05-28 12:45:41,930] [pharmacy_proj.custom_middleware.py] [Time zone set to default]
[INFO] [2024-05-28 12:45:41,930] [pharmacy_app.views.py] [default_view is called]
[WARNING] [2024-05-28 12:45:42,000] [pharmacy_proj.custom_middleware.py] [Time zone set to default]
[INFO] [2024-05-28 12:45:42,000] [pharmacy_app.views.py] [home_view is called]
[WARNING] [2024-05-28 12:45:43,166] [pharmacy_proj.custom_middleware.py] [Time zone set to default]
[INFO] [2024-05-28 12:47:21,473] [django.utils.autoreload.py] [Watching for file changes with StatReloader]
[WARNING] [2024-05-28 12:47:31,136] [pharmacy_proj.custom_middleware.py] [Time zone set to default]
[INFO] [2024-05-28 12:47:31,136] [pharmacy_app.views.py] [default_view is called]
[WARNING] [2024-05-28 12:47:31,194] [pharmacy_proj.custom_middleware.py] [Time zone set to default]
[INFO] [2024-05-28 12:47:31,202] [pharmacy_app.views.py] [home_view is called]
[WARNING] [2024-05-28 12:47:32,495] [pharmacy_proj.custom_middleware.py] [Time zone set to default]
[WARNING] [2024-05-28 12:48:32,947] [pharmacy_proj.custom_middleware.py] [Time zone set to default]
[INFO] [2024-05-28 12:48:32,949] [pharmacy_app.views.py] [news_view is called]
[WARNING] [2024-05-28 12:48:33,051] [pharmacy_proj.custom_middleware.py] [Time zone set to default]
[WARNING] [2024-05-28 12:49:33,459] [pharmacy_proj.custom_middleware.py] [Time zone set to default]
[WARNING] [2024-05-28 12:49:33,494] [pharmacy_proj.custom_middleware.py] [Time zone set to default]
[INFO] [2024-05-28 12:49:33,494] [pharmacy_app.views.py] [login_view is called]
[WARNING] [2024-05-28 12:49:33,494] [pharmacy_app.views.py] [User is already authenticated]
[WARNING] [2024-05-28 12:49:33,542] [pharmacy_proj.custom_middleware.py] [Time zone set to default]
[INFO] [2024-05-28 12:49:33,542] [pharmacy_app.views.py] [home_view is called]
[WARNING] [2024-05-28 12:49:34,368] [pharmacy_proj.custom_middleware.py] [Time zone set to default]
[WARNING] [2024-05-28 12:49:40,140] [pharmacy_proj.custom_middleware.py] [Time zone set to default]
[INFO] [2024-05-28 12:49:40,140] [pharmacy_app.views.py] [shop_view is called]
[INFO] [2024-05-28 12:49:40,142] [pharmacy_app.views.py] [Form is valid]
[WARNING] [2024-05-28 12:49:40,439] [pharmacy_proj.custom_middleware.py] [Time zone set to default]
[WARNING] [2024-05-28 12:49:40,439] [pharmacy_proj.custom_middleware.py] [Time zone set to default]
[WARNING] [2024-05-28 12:49:40,489] [pharmacy_proj.custom_middleware.py] [Time zone set to default]
[WARNING] [2024-05-28 12:49:40,506] [pharmacy_proj.custom_middleware.py] [Time zone set to default]
[WARNING] [2024-05-28 12:49:40,516] [pharmacy_proj.custom_middleware.py] [Time zone set to default]
[WARNING] [2024-05-28 12:49:40,523] [pharmacy_proj.custom_middleware.py] [Time zone set to default]
[WARNING] [2024-05-28 12:49:40,531] [pharmacy_proj.custom_middleware.py] [Time zone set to default]
[WARNING] [2024-05-28 12:49:40,531] [pharmacy_proj.custom_middleware.py] [Time zone set to default]
[WARNING] [2024-05-28 12:49:40,593] [pharmacy_proj.custom_middleware.py] [Time zone set to default]
[WARNING] [2024-05-28 12:49:49,273] [pharmacy_proj.custom_middleware.py] [Time zone set to default]
[INFO] [2024-05-28 12:49:49,273] [pharmacy_app.views.py] [user_view is called]
[WARNING] [2024-05-28 12:49:49,325] [pharmacy_proj.custom_middleware.py] [Time zone set to default]
[WARNING] [2024-05-28 12:50:12,264] [pharmacy_proj.custom_middleware.py] [Time zone set to default]
[INFO] [2024-05-28 12:50:12,267] [pharmacy_app.views.py] [shop_view is called]
[INFO] [2024-05-28 12:50:12,270] [pharmacy_app.views.py] [Form is valid]
[INFO] [2024-05-28 12:50:12,270] [pharmacy_app.views.py] [Request has sort_by parameter]
[WARNING] [2024-05-28 12:50:48,965] [pharmacy_proj.custom_middleware.py] [Time zone set to default]
[INFO] [2024-05-28 12:50:48,965] [pharmacy_app.views.py] [shop_view is called]
[INFO] [2024-05-28 12:50:48,967] [pharmacy_app.views.py] [Form is valid]
[INFO] [2024-05-28 12:50:48,967] [pharmacy_app.views.py] [Request has search parameter]
[INFO] [2024-05-28 12:50:48,968] [pharmacy_app.views.py] [Request has sort_by parameter]
[WARNING] [2024-05-28 12:50:53,108] [pharmacy_proj.custom_middleware.py] [Time zone set to default]
[INFO] [2024-05-28 12:50:53,108] [pharmacy_app.views.py] [questions_view is called]
[WARNING] [2024-05-28 12:50:55,066] [pharmacy_proj.custom_middleware.py] [Time zone set to default]
[INFO] [2024-05-28 12:50:55,066] [pharmacy_app.views.py] [contacts_view is called]
[WARNING] [2024-05-28 12:50:55,152] [pharmacy_proj.custom_middleware.py] [Time zone set to default]
[WARNING] [2024-05-28 12:50:55,154] [pharmacy_proj.custom_middleware.py] [Time zone set to default]
[WARNING] [2024-05-28 12:50:57,010] [pharmacy_proj.custom_middleware.py] [Time zone set to default]
[INFO] [2024-05-28 12:50:57,013] [pharmacy_app.views.py] [vacancies_view is called]
[WARNING] [2024-05-28 12:50:59,391] [pharmacy_proj.custom_middleware.py] [Time zone set to default]
[INFO] [2024-05-28 12:50:59,392] [pharmacy_app.views.py] [reviews_view is called]
[WARNING] [2024-05-28 12:51:04,120] [pharmacy_proj.custom_middleware.py] [Time zone set to default]
[INFO] [2024-05-28 12:51:04,120] [pharmacy_app.views.py] [review_create_view is called]
[WARNING] [2024-05-28 12:51:35,171] [pharmacy_proj.custom_middleware.py] [Time zone set to default]
[INFO] [2024-05-28 12:51:35,173] [pharmacy_app.views.py] [review_create_view is called]
[INFO] [2024-05-28 12:51:35,173] [pharmacy_app.views.py] [Form is valid]
[WARNING] [2024-05-28 12:51:35,218] [pharmacy_proj.custom_middleware.py] [Time zone set to default]
[INFO] [2024-05-28 12:51:35,218] [pharmacy_app.views.py] [reviews_view is called]
[WARNING] [2024-05-28 12:51:52,451] [pharmacy_proj.custom_middleware.py] [Time zone set to default]
[INFO] [2024-05-28 12:51:52,457] [pharmacy_app.views.py] [promo_view is called]
[WARNING] [2024-05-28 12:52:03,537] [pharmacy_proj.custom_middleware.py] [Time zone set to default]
[INFO] [2024-05-28 12:52:03,537] [pharmacy_app.views.py] [cat_fact_api_view is called]
[WARNING] [2024-05-28 12:52:21,708] [pharmacy_proj.custom_middleware.py] [Time zone set to default]
[INFO] [2024-05-28 12:52:21,708] [pharmacy_app.views.py] [logout_view is called]
[WARNING] [2024-05-28 12:52:21,766] [pharmacy_proj.custom_middleware.py] [Time zone set to default]
[INFO] [2024-05-28 12:52:21,766] [pharmacy_app.views.py] [login_view is called]
[WARNING] [2024-05-28 12:52:32,747] [pharmacy_proj.custom_middleware.py] [Time zone set to default]
[INFO] [2024-05-28 12:52:32,747] [pharmacy_app.views.py] [login_view is called]
[WARNING] [2024-05-28 12:52:33,539] [pharmacy_app.views.py] [Form has invalid data]
[WARNING] [2024-05-28 12:52:42,647] [pharmacy_proj.custom_middleware.py] [Time zone set to default]
[INFO] [2024-05-28 12:52:42,647] [pharmacy_app.views.py] [login_view is called]
[INFO] [2024-05-28 12:52:43,405] [pharmacy_app.views.py] [Form is valid]
[WARNING] [2024-05-28 12:52:44,150] [pharmacy_proj.custom_middleware.py] [Europe/Minsk time zone is activated]
[INFO] [2024-05-28 12:52:44,171] [pharmacy_app.views.py] [home_view is called]
[INFO] [2024-05-28 12:52:44,175] [pharmacy_app.views.py] [User is client or not authenticated]
[WARNING] [2024-05-28 12:52:44,279] [pharmacy_proj.custom_middleware.py] [Europe/Minsk time zone is activated]
[WARNING] [2024-05-28 12:52:46,142] [pharmacy_proj.custom_middleware.py] [Europe/Minsk time zone is activated]
[INFO] [2024-05-28 12:52:46,142] [pharmacy_app.views.py] [shop_view is called]
[INFO] [2024-05-28 12:52:46,142] [pharmacy_app.views.py] [Form is valid]
[WARNING] [2024-05-28 12:52:46,246] [pharmacy_proj.custom_middleware.py] [Europe/Minsk time zone is activated]
[WARNING] [2024-05-28 12:52:46,267] [pharmacy_proj.custom_middleware.py] [Europe/Minsk time zone is activated]
[WARNING] [2024-05-28 12:52:46,304] [pharmacy_proj.custom_middleware.py] [Europe/Minsk time zone is activated]
[WARNING] [2024-05-28 12:52:46,317] [pharmacy_proj.custom_middleware.py] [Europe/Minsk time zone is activated]
[WARNING] [2024-05-28 12:52:46,332] [pharmacy_proj.custom_middleware.py] [Europe/Minsk time zone is activated]
[WARNING] [2024-05-28 12:52:46,337] [pharmacy_proj.custom_middleware.py] [Europe/Minsk time zone is activated]
[WARNING] [2024-05-28 12:52:46,337] [pharmacy_proj.custom_middleware.py] [Europe/Minsk time zone is activated]
[WARNING] [2024-05-28 12:52:46,337] [pharmacy_proj.custom_middleware.py] [Europe/Minsk time zone is activated]
[WARNING] [2024-05-28 12:52:46,396] [pharmacy_proj.custom_middleware.py] [Europe/Minsk time zone is activated]
[WARNING] [2024-05-28 12:53:08,144] [pharmacy_proj.custom_middleware.py] [Europe/Minsk time zone is activated]
[INFO] [2024-05-28 12:53:08,155] [pharmacy_app.views.py] [shop_order_view is called]
[WARNING] [2024-05-28 12:53:20,292] [pharmacy_proj.custom_middleware.py] [Europe/Minsk time zone is activated]
[INFO] [2024-05-28 12:53:20,301] [pharmacy_app.views.py] [shop_order_view is called]
[INFO] [2024-05-28 12:53:20,301] [pharmacy_app.views.py] [Form is valid]
[WARNING] [2024-05-28 12:53:20,354] [pharmacy_proj.custom_middleware.py] [Europe/Minsk time zone is activated]
[INFO] [2024-05-28 12:53:20,355] [pharmacy_app.views.py] [user_view is called]
[INFO] [2024-05-28 12:53:20,355] [pharmacy_app.views.py] [User is client]
[WARNING] [2024-05-28 12:54:08,555] [pharmacy_proj.custom_middleware.py] [Europe/Minsk time zone is activated]
[INFO] [2024-05-28 12:54:08,555] [pharmacy_app.views.py] [user_view is called]
[INFO] [2024-05-28 12:54:08,555] [pharmacy_app.views.py] [User is client]
[WARNING] [2024-05-28 12:54:10,887] [pharmacy_proj.custom_middleware.py] [Europe/Minsk time zone is activated]
[INFO] [2024-05-28 12:54:10,889] [pharmacy_app.views.py] [logout_view is called]
[WARNING] [2024-05-28 12:54:10,914] [pharmacy_proj.custom_middleware.py] [Time zone set to default]
[INFO] [2024-05-28 12:54:10,917] [pharmacy_app.views.py] [login_view is called]
[WARNING] [2024-05-28 12:54:16,366] [pharmacy_proj.custom_middleware.py] [Time zone set to default]
[INFO] [2024-05-28 12:54:16,366] [pharmacy_app.views.py] [login_view is called]
[INFO] [2024-05-28 12:54:17,176] [pharmacy_app.views.py] [Form is valid]
[WARNING] [2024-05-28 12:54:18,062] [pharmacy_proj.custom_middleware.py] [Time zone set to default]
[INFO] [2024-05-28 12:54:18,063] [pharmacy_app.views.py] [home_view is called]
[WARNING] [2024-05-28 12:54:18,807] [pharmacy_proj.custom_middleware.py] [Time zone set to default]
[WARNING] [2024-05-28 12:54:20,245] [pharmacy_proj.custom_middleware.py] [Time zone set to default]
[INFO] [2024-05-28 12:54:20,245] [pharmacy_app.views.py] [user_view is called]
[WARNING] [2024-05-28 12:54:20,284] [pharmacy_proj.custom_middleware.py] [Time zone set to default]
[WARNING] [2024-05-28 12:54:20,339] [pharmacy_proj.custom_middleware.py] [Time zone set to default]
[WARNING] [2024-05-28 12:54:21,138] [pharmacy_proj.custom_middleware.py] [Time zone set to default]
[INFO] [2024-05-28 12:54:21,138] [pharmacy_app.views.py] [logout_view is called]
[WARNING] [2024-05-28 12:54:21,164] [pharmacy_proj.custom_middleware.py] [Time zone set to default]
[INFO] [2024-05-28 12:54:21,164] [pharmacy_app.views.py] [login_view is called]
[WARNING] [2024-05-28 12:54:23,442] [pharmacy_proj.custom_middleware.py] [Time zone set to default]
[WARNING] [2024-05-28 12:54:23,454] [pharmacy_proj.custom_middleware.py] [Time zone set to default]
[WARNING] [2024-05-28 12:54:31,369] [pharmacy_proj.custom_middleware.py] [Time zone set to default]
[WARNING] [2024-05-28 12:54:32,169] [pharmacy_proj.custom_middleware.py] [Time zone set to default]
[WARNING] [2024-05-28 12:54:32,431] [pharmacy_proj.custom_middleware.py] [Time zone set to default]
[WARNING] [2024-05-28 12:55:33,663] [pharmacy_proj.custom_middleware.py] [Time zone set to default]
[WARNING] [2024-05-28 12:55:33,698] [django.security.csrf.py] [Forbidden (CSRF token from POST incorrect.): /login/]
[WARNING] [2024-05-28 12:55:36,166] [pharmacy_proj.custom_middleware.py] [Time zone set to default]
[INFO] [2024-05-28 12:55:36,170] [pharmacy_app.views.py] [login_view is called]
[WARNING] [2024-05-28 12:55:36,170] [pharmacy_app.views.py] [User is already authenticated]
[WARNING] [2024-05-28 12:55:36,212] [pharmacy_proj.custom_middleware.py] [Time zone set to default]
[INFO] [2024-05-28 12:55:36,213] [pharmacy_app.views.py] [home_view is called]
[WARNING] [2024-05-28 12:55:36,953] [pharmacy_proj.custom_middleware.py] [Time zone set to default]
[WARNING] [2024-05-28 12:55:38,582] [pharmacy_proj.custom_middleware.py] [Time zone set to default]
[INFO] [2024-05-28 12:55:38,582] [pharmacy_app.views.py] [logout_view is called]
[WARNING] [2024-05-28 12:55:38,606] [pharmacy_proj.custom_middleware.py] [Time zone set to default]
[INFO] [2024-05-28 12:55:38,606] [pharmacy_app.views.py] [login_view is called]
[WARNING] [2024-05-28 12:55:46,769] [pharmacy_proj.custom_middleware.py] [Time zone set to default]
[INFO] [2024-05-28 12:55:46,770] [pharmacy_app.views.py] [login_view is called]
[INFO] [2024-05-28 12:55:47,589] [pharmacy_app.views.py] [Form is valid]
[WARNING] [2024-05-28 12:55:48,356] [pharmacy_proj.custom_middleware.py] [Europe/Helsinki time zone is activated]
[INFO] [2024-05-28 12:55:48,361] [pharmacy_app.views.py] [home_view is called]
[WARNING] [2024-05-28 12:55:49,012] [pharmacy_proj.custom_middleware.py] [Europe/Helsinki time zone is activated]
[WARNING] [2024-05-28 12:55:52,627] [pharmacy_proj.custom_middleware.py] [Europe/Helsinki time zone is activated]
[INFO] [2024-05-28 12:55:52,628] [pharmacy_app.views.py] [user_view is called]
[INFO] [2024-05-28 12:55:52,631] [pharmacy_app.views.py] [User is employee]
[WARNING] [2024-05-28 12:55:52,820] [pharmacy_proj.custom_middleware.py] [Europe/Helsinki time zone is activated]
[WARNING] [2024-05-28 12:55:52,828] [pharmacy_proj.custom_middleware.py] [Europe/Helsinki time zone is activated]
[WARNING] [2024-05-28 12:55:52,829] [pharmacy_proj.custom_middleware.py] [Europe/Helsinki time zone is activated]
[WARNING] [2024-05-28 12:55:52,836] [pharmacy_proj.custom_middleware.py] [Europe/Helsinki time zone is activated]
[WARNING] [2024-05-28 12:55:52,846] [pharmacy_proj.custom_middleware.py] [Europe/Helsinki time zone is activated]
[WARNING] [2024-05-28 12:55:52,854] [pharmacy_proj.custom_middleware.py] [Europe/Helsinki time zone is activated]
[WARNING] [2024-05-28 12:55:52,924] [pharmacy_proj.custom_middleware.py] [Europe/Helsinki time zone is activated]
[WARNING] [2024-05-28 12:55:52,937] [pharmacy_proj.custom_middleware.py] [Europe/Helsinki time zone is activated]
[WARNING] [2024-05-28 12:56:16,616] [pharmacy_proj.custom_middleware.py] [Europe/Helsinki time zone is activated]
[INFO] [2024-05-28 12:56:16,616] [pharmacy_app.views.py] [logout_view is called]
[WARNING] [2024-05-28 12:56:16,659] [pharmacy_proj.custom_middleware.py] [Time zone set to default]
[INFO] [2024-05-28 12:56:16,659] [pharmacy_app.views.py] [login_view is called]
[WARNING] [2024-05-28 12:56:18,333] [pharmacy_proj.custom_middleware.py] [Time zone set to default]
[INFO] [2024-05-28 12:56:18,333] [pharmacy_app.views.py] [register_view is called]
[INFO] [2024-05-28 12:56:55,810] [django.utils.autoreload.py] [C:\253501_LYAMTSEV_14\IGI\LR5\pharmacy_proj\pharmacy_app\views.py changed, reloading.]
[INFO] [2024-05-28 12:56:58,695] [django.utils.autoreload.py] [Watching for file changes with StatReloader]
[WARNING] [2024-05-28 12:57:10,318] [pharmacy_proj.custom_middleware.py] [Time zone set to default]
[INFO] [2024-05-28 12:57:10,318] [pharmacy_app.views.py] [time_view is called]
[WARNING] [2024-05-28 12:58:55,709] [pharmacy_proj.custom_middleware.py] [Time zone set to default]
[INFO] [2024-05-28 12:58:55,709] [pharmacy_app.views.py] [vacancies_view is called]
[WARNING] [2024-05-28 13:00:51,510] [pharmacy_proj.custom_middleware.py] [Time zone set to default]
[INFO] [2024-05-28 13:00:51,510] [pharmacy_app.views.py] [home_view is called]
[INFO] [2024-05-28 13:00:51,510] [pharmacy_app.views.py] [User is client or not authenticated]
[WARNING] [2024-05-28 13:00:51,587] [pharmacy_proj.custom_middleware.py] [Time zone set to default]
[WARNING] [2024-05-28 13:00:52,708] [pharmacy_proj.custom_middleware.py] [Time zone set to default]
[INFO] [2024-05-28 13:00:52,708] [pharmacy_app.views.py] [news_view is called]
[WARNING] [2024-05-28 13:00:52,772] [pharmacy_proj.custom_middleware.py] [Time zone set to default]
[WARNING] [2024-05-28 13:00:54,026] [pharmacy_proj.custom_middleware.py] [Time zone set to default]
[WARNING] [2024-05-28 13:00:54,041] [pharmacy_proj.custom_middleware.py] [Time zone set to default]
[INFO] [2024-05-28 13:00:54,041] [pharmacy_app.views.py] [login_view is called]
[WARNING] [2024-05-28 13:00:58,866] [pharmacy_proj.custom_middleware.py] [Time zone set to default]
[INFO] [2024-05-28 13:00:58,867] [pharmacy_app.views.py] [login_view is called]
[WARNING] [2024-05-28 13:01:04,359] [pharmacy_proj.custom_middleware.py] [Time zone set to default]
[INFO] [2024-05-28 13:01:04,362] [pharmacy_app.views.py] [login_view is called]
[INFO] [2024-05-28 13:01:05,187] [pharmacy_app.views.py] [Form is valid]
[WARNING] [2024-05-28 13:01:06,062] [pharmacy_proj.custom_middleware.py] [Time zone set to default]
[INFO] [2024-05-28 13:01:06,062] [pharmacy_app.views.py] [home_view is called]
[WARNING] [2024-05-28 13:01:07,178] [pharmacy_proj.custom_middleware.py] [Time zone set to default]
[WARNING] [2024-05-28 13:01:09,605] [pharmacy_proj.custom_middleware.py] [Time zone set to default]
[INFO] [2024-05-28 13:01:09,606] [pharmacy_app.views.py] [shop_view is called]
[INFO] [2024-05-28 13:01:09,607] [pharmacy_app.views.py] [Form is valid]
[WARNING] [2024-05-28 13:01:09,731] [pharmacy_proj.custom_middleware.py] [Time zone set to default]
[WARNING] [2024-05-28 13:01:09,753] [pharmacy_proj.custom_middleware.py] [Time zone set to default]
[WARNING] [2024-05-28 13:01:09,804] [pharmacy_proj.custom_middleware.py] [Time zone set to default]
[WARNING] [2024-05-28 13:01:09,817] [pharmacy_proj.custom_middleware.py] [Time zone set to default]
[WARNING] [2024-05-28 13:01:09,817] [pharmacy_proj.custom_middleware.py] [Time zone set to default]
[WARNING] [2024-05-28 13:01:09,842] [pharmacy_proj.custom_middleware.py] [Time zone set to default]
[WARNING] [2024-05-28 13:01:09,853] [pharmacy_proj.custom_middleware.py] [Time zone set to default]
[WARNING] [2024-05-28 13:01:09,878] [pharmacy_proj.custom_middleware.py] [Time zone set to default]
[WARNING] [2024-05-28 13:01:09,887] [pharmacy_proj.custom_middleware.py] [Time zone set to default]
[INFO] [2024-05-28 13:04:42,493] [django.utils.autoreload.py] [C:\253501_LYAMTSEV_14\IGI\LR5\pharmacy_proj\pharmacy_app\views.py changed, reloading.]
[INFO] [2024-05-28 13:04:45,340] [django.utils.autoreload.py] [Watching for file changes with StatReloader]
[INFO] [2024-05-28 13:08:29,582] [django.utils.autoreload.py] [C:\253501_LYAMTSEV_14\IGI\LR5\pharmacy_proj\pharmacy_app\views.py changed, reloading.]
[INFO] [2024-05-28 13:08:31,098] [django.utils.autoreload.py] [Watching for file changes with StatReloader]
[INFO] [2024-05-28 13:11:11,851] [django.utils.autoreload.py] [Watching for file changes with StatReloader]
[ERROR] [2024-05-28 13:11:14,300] [django.request.py] [Internal Server Error: /shop/]
Traceback (most recent call last):
  File "C:\253501_LYAMTSEV_14\IGI\LR5\.venv\Lib\site-packages\django\core\handlers\exception.py", line 55, in inner
    response = get_response(request)
               ^^^^^^^^^^^^^^^^^^^^^
  File "C:\253501_LYAMTSEV_14\IGI\LR5\pharmacy_proj\pharmacy_proj\custom_middleware.py", line 17, in __call__
    if is_in_groups('Client')(request.user):
       ^^^^^^^^^^^^^^^^^^^^^^^^^^^^^^^^^^^^
  File "C:\253501_LYAMTSEV_14\IGI\LR5\pharmacy_proj\pharmacy_app\usefuls.py", line 7, in is_in_groups_inner
    return any([user.groups.filter(name=group).exists() for group in groups] + f)
               ~~~~~~~~~~~~~~~~~~~~~~~~~~~~~~~~~~~~~~~~~~~~~~~~~~~~~~~~~~~~~~^~~
TypeError: can only concatenate list (not "bool") to list
[INFO] [2024-05-28 13:11:46,041] [django.utils.autoreload.py] [C:\253501_LYAMTSEV_14\IGI\LR5\pharmacy_proj\pharmacy_app\usefuls.py changed, reloading.]
[INFO] [2024-05-28 13:11:47,689] [django.utils.autoreload.py] [Watching for file changes with StatReloader]
[ERROR] [2024-05-28 13:11:51,070] [django.request.py] [Internal Server Error: /]
Traceback (most recent call last):
  File "C:\253501_LYAMTSEV_14\IGI\LR5\.venv\Lib\site-packages\django\core\handlers\exception.py", line 55, in inner
    response = get_response(request)
               ^^^^^^^^^^^^^^^^^^^^^
  File "C:\253501_LYAMTSEV_14\IGI\LR5\pharmacy_proj\pharmacy_proj\custom_middleware.py", line 17, in __call__
    if is_in_groups('Client')(request.user):
       ^^^^^^^^^^^^^^^^^^^^^^^^^^^^^^^^^^^^
  File "C:\253501_LYAMTSEV_14\IGI\LR5\pharmacy_proj\pharmacy_app\usefuls.py", line 7, in is_in_groups_inner
    return any([user.groups.filter(name=group).exists() for group in groups].append(f))
           ^^^^^^^^^^^^^^^^^^^^^^^^^^^^^^^^^^^^^^^^^^^^^^^^^^^^^^^^^^^^^^^^^^^^^^^^^^^^
TypeError: 'NoneType' object is not iterable
[INFO] [2024-05-28 13:12:35,211] [django.utils.autoreload.py] [C:\253501_LYAMTSEV_14\IGI\LR5\pharmacy_proj\pharmacy_app\usefuls.py changed, reloading.]
[INFO] [2024-05-28 13:12:36,929] [django.utils.autoreload.py] [Watching for file changes with StatReloader]
[ERROR] [2024-05-28 13:12:40,612] [django.request.py] [Internal Server Error: /]
Traceback (most recent call last):
  File "C:\253501_LYAMTSEV_14\IGI\LR5\.venv\Lib\site-packages\django\core\handlers\exception.py", line 55, in inner
    response = get_response(request)
               ^^^^^^^^^^^^^^^^^^^^^
  File "C:\253501_LYAMTSEV_14\IGI\LR5\pharmacy_proj\pharmacy_proj\custom_middleware.py", line 17, in __call__
    if is_in_groups('Client')(request.user):
       ^^^^^^^^^^^^^^^^^^^^^^^^^^^^^^^^^^^^
  File "C:\253501_LYAMTSEV_14\IGI\LR5\pharmacy_proj\pharmacy_app\usefuls.py", line 9, in is_in_groups_inner
    return any([user.groups.filter(name=group).exists() for group in groups], f)
           ^^^^^^^^^^^^^^^^^^^^^^^^^^^^^^^^^^^^^^^^^^^^^^^^^^^^^^^^^^^^^^^^^^^^^
TypeError: any() takes exactly one argument (2 given)
[INFO] [2024-05-28 13:13:12,383] [django.utils.autoreload.py] [C:\253501_LYAMTSEV_14\IGI\LR5\pharmacy_proj\pharmacy_app\usefuls.py changed, reloading.]
[INFO] [2024-05-28 13:13:14,054] [django.utils.autoreload.py] [Watching for file changes with StatReloader]
[WARNING] [2024-05-28 13:13:17,468] [pharmacy_proj.custom_middleware.py] [Time zone set to default]
[INFO] [2024-05-28 13:13:17,468] [pharmacy_app.views.py] [default_view is called]
[WARNING] [2024-05-28 13:13:17,526] [pharmacy_proj.custom_middleware.py] [Time zone set to default]
[INFO] [2024-05-28 13:13:17,530] [pharmacy_app.views.py] [home_view is called]
[WARNING] [2024-05-28 13:13:18,792] [pharmacy_proj.custom_middleware.py] [Time zone set to default]
[WARNING] [2024-05-28 13:13:21,581] [pharmacy_proj.custom_middleware.py] [Time zone set to default]
[INFO] [2024-05-28 13:13:21,581] [pharmacy_app.views.py] [shop_view is called]
[INFO] [2024-05-28 13:13:21,590] [pharmacy_app.views.py] [Form is valid]
[WARNING] [2024-05-28 13:13:21,750] [pharmacy_proj.custom_middleware.py] [Time zone set to default]
[WARNING] [2024-05-28 13:13:21,760] [pharmacy_proj.custom_middleware.py] [Time zone set to default]
[WARNING] [2024-05-28 13:13:21,788] [pharmacy_proj.custom_middleware.py] [Time zone set to default]
[WARNING] [2024-05-28 13:13:21,811] [pharmacy_proj.custom_middleware.py] [Time zone set to default]
[WARNING] [2024-05-28 13:13:21,835] [pharmacy_proj.custom_middleware.py] [Time zone set to default]
[WARNING] [2024-05-28 13:13:21,835] [pharmacy_proj.custom_middleware.py] [Time zone set to default]
[WARNING] [2024-05-28 13:13:21,839] [pharmacy_proj.custom_middleware.py] [Time zone set to default]
[WARNING] [2024-05-28 13:13:21,845] [pharmacy_proj.custom_middleware.py] [Time zone set to default]
[WARNING] [2024-05-28 13:13:21,850] [pharmacy_proj.custom_middleware.py] [Time zone set to default]
[WARNING] [2024-05-28 13:13:21,899] [pharmacy_proj.custom_middleware.py] [Time zone set to default]
[WARNING] [2024-05-28 13:13:25,874] [pharmacy_proj.custom_middleware.py] [Time zone set to default]
[WARNING] [2024-05-28 13:13:25,922] [pharmacy_proj.custom_middleware.py] [Time zone set to default]
[INFO] [2024-05-28 13:13:25,922] [pharmacy_app.views.py] [shop_view is called]
[INFO] [2024-05-28 13:13:25,927] [pharmacy_app.views.py] [Form is valid]
[WARNING] [2024-05-28 13:13:32,641] [pharmacy_proj.custom_middleware.py] [Time zone set to default]
[WARNING] [2024-05-28 13:13:32,691] [pharmacy_proj.custom_middleware.py] [Time zone set to default]
[INFO] [2024-05-28 13:13:32,691] [pharmacy_app.views.py] [shop_view is called]
[INFO] [2024-05-28 13:13:32,695] [pharmacy_app.views.py] [Form is valid]
[WARNING] [2024-05-28 13:13:37,140] [pharmacy_proj.custom_middleware.py] [Time zone set to default]
[INFO] [2024-05-28 13:13:37,140] [pharmacy_app.views.py] [news_view is called]
[INFO] [2024-05-28 13:25:13,503] [django.utils.autoreload.py] [Watching for file changes with StatReloader]
[WARNING] [2024-05-28 13:25:21,033] [pharmacy_proj.custom_middleware.py] [Time zone set to default]
[INFO] [2024-05-28 13:25:21,033] [pharmacy_app.views.py] [questions_view is called]
[WARNING] [2024-05-28 13:25:23,001] [pharmacy_proj.custom_middleware.py] [Time zone set to default]
[INFO] [2024-05-28 13:25:23,003] [pharmacy_app.views.py] [shop_view is called]
[INFO] [2024-05-28 13:25:23,003] [pharmacy_app.views.py] [Form is valid]
[WARNING] [2024-05-28 13:25:23,166] [pharmacy_proj.custom_middleware.py] [Time zone set to default]
[WARNING] [2024-05-28 13:25:23,201] [pharmacy_proj.custom_middleware.py] [Time zone set to default]
[WARNING] [2024-05-28 13:25:23,216] [pharmacy_proj.custom_middleware.py] [Time zone set to default]
[WARNING] [2024-05-28 13:25:23,218] [pharmacy_proj.custom_middleware.py] [Time zone set to default]
[WARNING] [2024-05-28 13:25:23,232] [pharmacy_proj.custom_middleware.py] [Time zone set to default]
[WARNING] [2024-05-28 13:25:23,249] [pharmacy_proj.custom_middleware.py] [Time zone set to default]
[WARNING] [2024-05-28 13:25:23,302] [pharmacy_proj.custom_middleware.py] [Time zone set to default]
[INFO] [2024-05-28 13:25:51,721] [django.utils.autoreload.py] [Watching for file changes with StatReloader]
[WARNING] [2024-05-28 13:25:56,223] [pharmacy_proj.custom_middleware.py] [Time zone set to default]
[INFO] [2024-05-28 13:25:56,223] [pharmacy_app.views.py] [shop_view is called]
[INFO] [2024-05-28 13:25:56,227] [pharmacy_app.views.py] [Form is valid]
[WARNING] [2024-05-28 13:25:56,404] [pharmacy_proj.custom_middleware.py] [Time zone set to default]
[WARNING] [2024-05-28 13:25:57,629] [pharmacy_proj.custom_middleware.py] [Time zone set to default]
[ERROR] [2024-05-28 13:25:57,725] [django.request.py] [Internal Server Error: /shop/update/1]
Traceback (most recent call last):
  File "C:\253501_LYAMTSEV_14\IGI\LR5\.venv\Lib\site-packages\django\core\handlers\exception.py", line 55, in inner
    response = get_response(request)
               ^^^^^^^^^^^^^^^^^^^^^
  File "C:\253501_LYAMTSEV_14\IGI\LR5\.venv\Lib\site-packages\django\core\handlers\base.py", line 197, in _get_response
    response = wrapped_callback(request, *callback_args, **callback_kwargs)
               ^^^^^^^^^^^^^^^^^^^^^^^^^^^^^^^^^^^^^^^^^^^^^^^^^^^^^^^^^^^^
  File "C:\253501_LYAMTSEV_14\IGI\LR5\.venv\Lib\site-packages\django\contrib\auth\decorators.py", line 23, in _wrapper_view
    return view_func(request, *args, **kwargs)
           ^^^^^^^^^^^^^^^^^^^^^^^^^^^^^^^^^^^
  File "C:\253501_LYAMTSEV_14\IGI\LR5\.venv\Lib\site-packages\django\contrib\auth\decorators.py", line 23, in _wrapper_view
    return view_func(request, *args, **kwargs)
           ^^^^^^^^^^^^^^^^^^^^^^^^^^^^^^^^^^^
  File "C:\253501_LYAMTSEV_14\IGI\LR5\pharmacy_proj\pharmacy_app\views.py", line 642, in shop_medication_update_view
    return redirect('pharmacy:shop_medication_update')
           ^^^^^^^^^^^^^^^^^^^^^^^^^^^^^^^^^^^^^^^^^^^
  File "C:\253501_LYAMTSEV_14\IGI\LR5\.venv\Lib\site-packages\django\shortcuts.py", line 49, in redirect
    return redirect_class(resolve_url(to, *args, **kwargs))
                          ^^^^^^^^^^^^^^^^^^^^^^^^^^^^^^^^
  File "C:\253501_LYAMTSEV_14\IGI\LR5\.venv\Lib\site-packages\django\shortcuts.py", line 180, in resolve_url
    return reverse(to, args=args, kwargs=kwargs)
           ^^^^^^^^^^^^^^^^^^^^^^^^^^^^^^^^^^^^^
  File "C:\253501_LYAMTSEV_14\IGI\LR5\.venv\Lib\site-packages\django\urls\base.py", line 88, in reverse
    return resolver._reverse_with_prefix(view, prefix, *args, **kwargs)
           ^^^^^^^^^^^^^^^^^^^^^^^^^^^^^^^^^^^^^^^^^^^^^^^^^^^^^^^^^^^^
  File "C:\253501_LYAMTSEV_14\IGI\LR5\.venv\Lib\site-packages\django\urls\resolvers.py", line 851, in _reverse_with_prefix
    raise NoReverseMatch(msg)
django.urls.exceptions.NoReverseMatch: Reverse for 'shop_medication_update' with no arguments not found. 1 pattern(s) tried: ['shop/update/(?P<id>\\d+)$']
[INFO] [2024-05-28 13:28:10,366] [django.utils.autoreload.py] [Watching for file changes with StatReloader]
[WARNING] [2024-05-28 13:28:22,369] [pharmacy_proj.custom_middleware.py] [Time zone set to default]
[INFO] [2024-05-28 13:28:22,369] [pharmacy_app.views.py] [default_view is called]
[WARNING] [2024-05-28 13:28:22,434] [pharmacy_proj.custom_middleware.py] [Time zone set to default]
[INFO] [2024-05-28 13:28:22,434] [pharmacy_app.views.py] [home_view is called]
[WARNING] [2024-05-28 13:28:23,707] [pharmacy_proj.custom_middleware.py] [Time zone set to default]
[WARNING] [2024-05-28 13:28:25,823] [pharmacy_proj.custom_middleware.py] [Time zone set to default]
[INFO] [2024-05-28 13:28:25,823] [pharmacy_app.views.py] [shop_view is called]
[INFO] [2024-05-28 13:28:25,823] [pharmacy_app.views.py] [Form is valid]
[WARNING] [2024-05-28 13:28:27,336] [pharmacy_proj.custom_middleware.py] [Time zone set to default]
[ERROR] [2024-05-28 13:28:27,402] [django.request.py] [Internal Server Error: /shop/update/1]
Traceback (most recent call last):
  File "C:\253501_LYAMTSEV_14\IGI\LR5\.venv\Lib\site-packages\django\core\handlers\exception.py", line 55, in inner
    response = get_response(request)
               ^^^^^^^^^^^^^^^^^^^^^
  File "C:\253501_LYAMTSEV_14\IGI\LR5\.venv\Lib\site-packages\django\core\handlers\base.py", line 197, in _get_response
    response = wrapped_callback(request, *callback_args, **callback_kwargs)
               ^^^^^^^^^^^^^^^^^^^^^^^^^^^^^^^^^^^^^^^^^^^^^^^^^^^^^^^^^^^^
  File "C:\253501_LYAMTSEV_14\IGI\LR5\.venv\Lib\site-packages\django\contrib\auth\decorators.py", line 23, in _wrapper_view
    return view_func(request, *args, **kwargs)
           ^^^^^^^^^^^^^^^^^^^^^^^^^^^^^^^^^^^
  File "C:\253501_LYAMTSEV_14\IGI\LR5\.venv\Lib\site-packages\django\contrib\auth\decorators.py", line 23, in _wrapper_view
    return view_func(request, *args, **kwargs)
           ^^^^^^^^^^^^^^^^^^^^^^^^^^^^^^^^^^^
  File "C:\253501_LYAMTSEV_14\IGI\LR5\pharmacy_proj\pharmacy_app\views.py", line 642, in shop_medication_update_view
    return redirect('pharmacy:shop_medication_update')
           ^^^^^^^^^^^^^^^^^^^^^^^^^^^^^^^^^^^^^^^^^^^
  File "C:\253501_LYAMTSEV_14\IGI\LR5\.venv\Lib\site-packages\django\shortcuts.py", line 49, in redirect
    return redirect_class(resolve_url(to, *args, **kwargs))
                          ^^^^^^^^^^^^^^^^^^^^^^^^^^^^^^^^
  File "C:\253501_LYAMTSEV_14\IGI\LR5\.venv\Lib\site-packages\django\shortcuts.py", line 180, in resolve_url
    return reverse(to, args=args, kwargs=kwargs)
           ^^^^^^^^^^^^^^^^^^^^^^^^^^^^^^^^^^^^^
  File "C:\253501_LYAMTSEV_14\IGI\LR5\.venv\Lib\site-packages\django\urls\base.py", line 88, in reverse
    return resolver._reverse_with_prefix(view, prefix, *args, **kwargs)
           ^^^^^^^^^^^^^^^^^^^^^^^^^^^^^^^^^^^^^^^^^^^^^^^^^^^^^^^^^^^^
  File "C:\253501_LYAMTSEV_14\IGI\LR5\.venv\Lib\site-packages\django\urls\resolvers.py", line 851, in _reverse_with_prefix
    raise NoReverseMatch(msg)
django.urls.exceptions.NoReverseMatch: Reverse for 'shop_medication_update' with no arguments not found. 1 pattern(s) tried: ['shop/update/(?P<id>\\d+)$']
[INFO] [2024-05-28 13:29:20,559] [django.utils.autoreload.py] [C:\253501_LYAMTSEV_14\IGI\LR5\pharmacy_proj\pharmacy_app\views.py changed, reloading.]
[INFO] [2024-05-28 13:29:23,328] [django.utils.autoreload.py] [Watching for file changes with StatReloader]
[INFO] [2024-05-28 13:31:02,132] [django.utils.autoreload.py] [Watching for file changes with StatReloader]
[WARNING] [2024-05-28 13:31:05,660] [pharmacy_proj.custom_middleware.py] [Time zone set to default]
[INFO] [2024-05-28 13:31:05,660] [pharmacy_app.views.py] [default_view is called]
[WARNING] [2024-05-28 13:31:05,723] [pharmacy_proj.custom_middleware.py] [Time zone set to default]
[INFO] [2024-05-28 13:31:05,723] [pharmacy_app.views.py] [home_view is called]
[WARNING] [2024-05-28 13:31:06,911] [pharmacy_proj.custom_middleware.py] [Time zone set to default]
[WARNING] [2024-05-28 13:31:08,663] [pharmacy_proj.custom_middleware.py] [Time zone set to default]
[INFO] [2024-05-28 13:31:08,664] [pharmacy_app.views.py] [shop_view is called]
[INFO] [2024-05-28 13:31:08,666] [pharmacy_app.views.py] [Form is valid]
[WARNING] [2024-05-28 13:31:10,174] [pharmacy_proj.custom_middleware.py] [Time zone set to default]
[ERROR] [2024-05-28 13:31:10,415] [django.request.py] [Internal Server Error: /shop/update/1]
Traceback (most recent call last):
  File "C:\253501_LYAMTSEV_14\IGI\LR5\.venv\Lib\site-packages\django\core\handlers\exception.py", line 55, in inner
    response = get_response(request)
               ^^^^^^^^^^^^^^^^^^^^^
  File "C:\253501_LYAMTSEV_14\IGI\LR5\.venv\Lib\site-packages\django\core\handlers\base.py", line 197, in _get_response
    response = wrapped_callback(request, *callback_args, **callback_kwargs)
               ^^^^^^^^^^^^^^^^^^^^^^^^^^^^^^^^^^^^^^^^^^^^^^^^^^^^^^^^^^^^
  File "C:\253501_LYAMTSEV_14\IGI\LR5\.venv\Lib\site-packages\django\contrib\auth\decorators.py", line 23, in _wrapper_view
    return view_func(request, *args, **kwargs)
           ^^^^^^^^^^^^^^^^^^^^^^^^^^^^^^^^^^^
  File "C:\253501_LYAMTSEV_14\IGI\LR5\.venv\Lib\site-packages\django\contrib\auth\decorators.py", line 23, in _wrapper_view
    return view_func(request, *args, **kwargs)
           ^^^^^^^^^^^^^^^^^^^^^^^^^^^^^^^^^^^
  File "C:\253501_LYAMTSEV_14\IGI\LR5\pharmacy_proj\pharmacy_app\views.py", line 642, in shop_medication_update_view
    return render(request, 'shop_update.html', {'form': form})
           ^^^^^^^^^^^^^^^^^^^^^^^^^^^^^^^^^^^^^^^^^^^^^^^^^^^
  File "C:\253501_LYAMTSEV_14\IGI\LR5\.venv\Lib\site-packages\django\shortcuts.py", line 25, in render
    content = loader.render_to_string(template_name, context, request, using=using)
              ^^^^^^^^^^^^^^^^^^^^^^^^^^^^^^^^^^^^^^^^^^^^^^^^^^^^^^^^^^^^^^^^^^^^^
  File "C:\253501_LYAMTSEV_14\IGI\LR5\.venv\Lib\site-packages\django\template\loader.py", line 62, in render_to_string
    return template.render(context, request)
           ^^^^^^^^^^^^^^^^^^^^^^^^^^^^^^^^^
  File "C:\253501_LYAMTSEV_14\IGI\LR5\.venv\Lib\site-packages\django\template\backends\django.py", line 61, in render
    return self.template.render(context)
           ^^^^^^^^^^^^^^^^^^^^^^^^^^^^^
  File "C:\253501_LYAMTSEV_14\IGI\LR5\.venv\Lib\site-packages\django\template\base.py", line 171, in render
    return self._render(context)
           ^^^^^^^^^^^^^^^^^^^^^
  File "C:\253501_LYAMTSEV_14\IGI\LR5\.venv\Lib\site-packages\django\template\base.py", line 163, in _render
    return self.nodelist.render(context)
           ^^^^^^^^^^^^^^^^^^^^^^^^^^^^^
  File "C:\253501_LYAMTSEV_14\IGI\LR5\.venv\Lib\site-packages\django\template\base.py", line 1000, in render
    return SafeString("".join([node.render_annotated(context) for node in self]))
                              ^^^^^^^^^^^^^^^^^^^^^^^^^^^^^^^^^^^^^^^^^^^^^^^^^
  File "C:\253501_LYAMTSEV_14\IGI\LR5\.venv\Lib\site-packages\django\template\base.py", line 1000, in <listcomp>
    return SafeString("".join([node.render_annotated(context) for node in self]))
                               ^^^^^^^^^^^^^^^^^^^^^^^^^^^^^^
  File "C:\253501_LYAMTSEV_14\IGI\LR5\.venv\Lib\site-packages\django\template\base.py", line 961, in render_annotated
    return self.render(context)
           ^^^^^^^^^^^^^^^^^^^^
  File "C:\253501_LYAMTSEV_14\IGI\LR5\.venv\Lib\site-packages\django\template\loader_tags.py", line 159, in render
    return compiled_parent._render(context)
           ^^^^^^^^^^^^^^^^^^^^^^^^^^^^^^^^
  File "C:\253501_LYAMTSEV_14\IGI\LR5\.venv\Lib\site-packages\django\template\base.py", line 163, in _render
    return self.nodelist.render(context)
           ^^^^^^^^^^^^^^^^^^^^^^^^^^^^^
  File "C:\253501_LYAMTSEV_14\IGI\LR5\.venv\Lib\site-packages\django\template\base.py", line 1000, in render
    return SafeString("".join([node.render_annotated(context) for node in self]))
                              ^^^^^^^^^^^^^^^^^^^^^^^^^^^^^^^^^^^^^^^^^^^^^^^^^
  File "C:\253501_LYAMTSEV_14\IGI\LR5\.venv\Lib\site-packages\django\template\base.py", line 1000, in <listcomp>
    return SafeString("".join([node.render_annotated(context) for node in self]))
                               ^^^^^^^^^^^^^^^^^^^^^^^^^^^^^^
  File "C:\253501_LYAMTSEV_14\IGI\LR5\.venv\Lib\site-packages\django\template\base.py", line 961, in render_annotated
    return self.render(context)
           ^^^^^^^^^^^^^^^^^^^^
  File "C:\253501_LYAMTSEV_14\IGI\LR5\.venv\Lib\site-packages\django\template\loader_tags.py", line 65, in render
    result = block.nodelist.render(context)
             ^^^^^^^^^^^^^^^^^^^^^^^^^^^^^^
  File "C:\253501_LYAMTSEV_14\IGI\LR5\.venv\Lib\site-packages\django\template\base.py", line 1000, in render
    return SafeString("".join([node.render_annotated(context) for node in self]))
                              ^^^^^^^^^^^^^^^^^^^^^^^^^^^^^^^^^^^^^^^^^^^^^^^^^
  File "C:\253501_LYAMTSEV_14\IGI\LR5\.venv\Lib\site-packages\django\template\base.py", line 1000, in <listcomp>
    return SafeString("".join([node.render_annotated(context) for node in self]))
                               ^^^^^^^^^^^^^^^^^^^^^^^^^^^^^^
  File "C:\253501_LYAMTSEV_14\IGI\LR5\.venv\Lib\site-packages\django\template\base.py", line 961, in render_annotated
    return self.render(context)
           ^^^^^^^^^^^^^^^^^^^^
  File "C:\253501_LYAMTSEV_14\IGI\LR5\.venv\Lib\site-packages\django\template\base.py", line 1059, in render
    output = self.filter_expression.resolve(context)
             ^^^^^^^^^^^^^^^^^^^^^^^^^^^^^^^^^^^^^^^
  File "C:\253501_LYAMTSEV_14\IGI\LR5\.venv\Lib\site-packages\django\template\base.py", line 710, in resolve
    obj = self.var.resolve(context)
          ^^^^^^^^^^^^^^^^^^^^^^^^^
  File "C:\253501_LYAMTSEV_14\IGI\LR5\.venv\Lib\site-packages\django\template\base.py", line 842, in resolve
    value = self._resolve_lookup(context)
            ^^^^^^^^^^^^^^^^^^^^^^^^^^^^^
  File "C:\253501_LYAMTSEV_14\IGI\LR5\.venv\Lib\site-packages\django\template\base.py", line 909, in _resolve_lookup
    current = current()
              ^^^^^^^^^
  File "C:\253501_LYAMTSEV_14\IGI\LR5\.venv\Lib\site-packages\django\forms\utils.py", line 91, in as_table
    return self.render(self.template_name_table)
           ^^^^^^^^^^^^^^^^^^^^^^^^^^^^^^^^^^^^^
  File "C:\253501_LYAMTSEV_14\IGI\LR5\.venv\Lib\site-packages\django\forms\utils.py", line 54, in render
    context = context or self.get_context()
                         ^^^^^^^^^^^^^^^^^^
  File "C:\253501_LYAMTSEV_14\IGI\LR5\.venv\Lib\site-packages\django\forms\forms.py", line 225, in get_context
    top_errors = self.non_field_errors().copy()
                 ^^^^^^^^^^^^^^^^^^^^^^^
  File "C:\253501_LYAMTSEV_14\IGI\LR5\.venv\Lib\site-packages\django\forms\forms.py", line 252, in non_field_errors
    return self.errors.get(
           ^^^^^^^^^^^
  File "C:\253501_LYAMTSEV_14\IGI\LR5\.venv\Lib\site-packages\django\forms\forms.py", line 192, in errors
    self.full_clean()
  File "C:\253501_LYAMTSEV_14\IGI\LR5\.venv\Lib\site-packages\django\forms\forms.py", line 327, in full_clean
    self._clean_fields()
  File "C:\253501_LYAMTSEV_14\IGI\LR5\.venv\Lib\site-packages\django\forms\forms.py", line 334, in _clean_fields
    value = bf.initial if field.disabled else bf.data
                                              ^^^^^^^
  File "C:\253501_LYAMTSEV_14\IGI\LR5\.venv\Lib\site-packages\django\forms\boundfield.py", line 136, in data
    return self.form._widget_data_value(self.field.widget, self.html_name)
           ^^^^^^^^^^^^^^^^^^^^^^^^^^^^^^^^^^^^^^^^^^^^^^^^^^^^^^^^^^^^^^^
  File "C:\253501_LYAMTSEV_14\IGI\LR5\.venv\Lib\site-packages\django\forms\forms.py", line 216, in _widget_data_value
    return widget.value_from_datadict(self.data, self.files, html_name)
           ^^^^^^^^^^^^^^^^^^^^^^^^^^^^^^^^^^^^^^^^^^^^^^^^^^^^^^^^^^^^
  File "C:\253501_LYAMTSEV_14\IGI\LR5\.venv\Lib\site-packages\django\forms\widgets.py", line 295, in value_from_datadict
    return data.get(name)
           ^^^^^^^^
AttributeError: 'Medication' object has no attribute 'get'
[INFO] [2024-05-28 13:32:53,500] [django.utils.autoreload.py] [C:\253501_LYAMTSEV_14\IGI\LR5\pharmacy_proj\pharmacy_app\views.py changed, reloading.]
[INFO] [2024-05-28 13:32:56,351] [django.utils.autoreload.py] [Watching for file changes with StatReloader]
[WARNING] [2024-05-28 13:32:59,777] [pharmacy_proj.custom_middleware.py] [Time zone set to default]
[INFO] [2024-05-28 13:32:59,778] [pharmacy_app.views.py] [default_view is called]
[WARNING] [2024-05-28 13:32:59,879] [pharmacy_proj.custom_middleware.py] [Time zone set to default]
[INFO] [2024-05-28 13:32:59,880] [pharmacy_app.views.py] [home_view is called]
[WARNING] [2024-05-28 13:33:01,021] [pharmacy_proj.custom_middleware.py] [Time zone set to default]
[WARNING] [2024-05-28 13:33:02,576] [pharmacy_proj.custom_middleware.py] [Time zone set to default]
[INFO] [2024-05-28 13:33:02,576] [pharmacy_app.views.py] [shop_view is called]
[INFO] [2024-05-28 13:33:02,576] [pharmacy_app.views.py] [Form is valid]
[WARNING] [2024-05-28 13:33:03,788] [pharmacy_proj.custom_middleware.py] [Time zone set to default]
[WARNING] [2024-05-28 13:33:22,249] [pharmacy_proj.custom_middleware.py] [Time zone set to default]
[WARNING] [2024-05-28 13:33:22,252] [django.security.csrf.py] [Forbidden (CSRF token missing.): /shop/update/1]
[WARNING] [2024-05-28 13:33:26,543] [pharmacy_proj.custom_middleware.py] [Time zone set to default]
[WARNING] [2024-05-28 13:33:26,549] [django.security.csrf.py] [Forbidden (CSRF token missing.): /shop/update/1]
[WARNING] [2024-05-28 13:34:00,215] [pharmacy_proj.custom_middleware.py] [Time zone set to default]
[WARNING] [2024-05-28 13:34:00,220] [django.security.csrf.py] [Forbidden (CSRF token missing.): /shop/update/1]
[INFO] [2024-05-28 13:34:11,089] [django.utils.autoreload.py] [Watching for file changes with StatReloader]
[WARNING] [2024-05-28 13:34:14,614] [pharmacy_proj.custom_middleware.py] [Time zone set to default]
[INFO] [2024-05-28 13:34:14,614] [pharmacy_app.views.py] [default_view is called]
[WARNING] [2024-05-28 13:34:14,669] [pharmacy_proj.custom_middleware.py] [Time zone set to default]
[INFO] [2024-05-28 13:34:14,671] [pharmacy_app.views.py] [home_view is called]
[WARNING] [2024-05-28 13:34:15,823] [pharmacy_proj.custom_middleware.py] [Time zone set to default]
[WARNING] [2024-05-28 13:34:17,050] [pharmacy_proj.custom_middleware.py] [Time zone set to default]
[INFO] [2024-05-28 13:34:17,050] [pharmacy_app.views.py] [shop_view is called]
[INFO] [2024-05-28 13:34:17,050] [pharmacy_app.views.py] [Form is valid]
[WARNING] [2024-05-28 13:34:20,189] [pharmacy_proj.custom_middleware.py] [Time zone set to default]
[WARNING] [2024-05-28 13:34:23,102] [pharmacy_proj.custom_middleware.py] [Time zone set to default]
[ERROR] [2024-05-28 13:34:23,190] [django.request.py] [Internal Server Error: /shop/update/1]
Traceback (most recent call last):
  File "C:\253501_LYAMTSEV_14\IGI\LR5\.venv\Lib\site-packages\django\core\handlers\exception.py", line 55, in inner
    response = get_response(request)
               ^^^^^^^^^^^^^^^^^^^^^
  File "C:\253501_LYAMTSEV_14\IGI\LR5\.venv\Lib\site-packages\django\core\handlers\base.py", line 197, in _get_response
    response = wrapped_callback(request, *callback_args, **callback_kwargs)
               ^^^^^^^^^^^^^^^^^^^^^^^^^^^^^^^^^^^^^^^^^^^^^^^^^^^^^^^^^^^^
  File "C:\253501_LYAMTSEV_14\IGI\LR5\.venv\Lib\site-packages\django\contrib\auth\decorators.py", line 23, in _wrapper_view
    return view_func(request, *args, **kwargs)
           ^^^^^^^^^^^^^^^^^^^^^^^^^^^^^^^^^^^
  File "C:\253501_LYAMTSEV_14\IGI\LR5\.venv\Lib\site-packages\django\contrib\auth\decorators.py", line 23, in _wrapper_view
    return view_func(request, *args, **kwargs)
           ^^^^^^^^^^^^^^^^^^^^^^^^^^^^^^^^^^^
  File "C:\253501_LYAMTSEV_14\IGI\LR5\pharmacy_proj\pharmacy_app\views.py", line 633, in shop_medication_update_view
    if form.is_valid():
       ^^^^^^^^^^^^^^^
  File "C:\253501_LYAMTSEV_14\IGI\LR5\.venv\Lib\site-packages\django\forms\forms.py", line 197, in is_valid
    return self.is_bound and not self.errors
                                 ^^^^^^^^^^^
  File "C:\253501_LYAMTSEV_14\IGI\LR5\.venv\Lib\site-packages\django\forms\forms.py", line 192, in errors
    self.full_clean()
  File "C:\253501_LYAMTSEV_14\IGI\LR5\.venv\Lib\site-packages\django\forms\forms.py", line 327, in full_clean
    self._clean_fields()
  File "C:\253501_LYAMTSEV_14\IGI\LR5\.venv\Lib\site-packages\django\forms\forms.py", line 334, in _clean_fields
    value = bf.initial if field.disabled else bf.data
                                              ^^^^^^^
  File "C:\253501_LYAMTSEV_14\IGI\LR5\.venv\Lib\site-packages\django\forms\boundfield.py", line 136, in data
    return self.form._widget_data_value(self.field.widget, self.html_name)
           ^^^^^^^^^^^^^^^^^^^^^^^^^^^^^^^^^^^^^^^^^^^^^^^^^^^^^^^^^^^^^^^
  File "C:\253501_LYAMTSEV_14\IGI\LR5\.venv\Lib\site-packages\django\forms\forms.py", line 216, in _widget_data_value
    return widget.value_from_datadict(self.data, self.files, html_name)
           ^^^^^^^^^^^^^^^^^^^^^^^^^^^^^^^^^^^^^^^^^^^^^^^^^^^^^^^^^^^^
  File "C:\253501_LYAMTSEV_14\IGI\LR5\.venv\Lib\site-packages\django\forms\widgets.py", line 512, in value_from_datadict
    upload = super().value_from_datadict(data, files, name)
             ^^^^^^^^^^^^^^^^^^^^^^^^^^^^^^^^^^^^^^^^^^^^^^
  File "C:\253501_LYAMTSEV_14\IGI\LR5\.venv\Lib\site-packages\django\forms\widgets.py", line 442, in value_from_datadict
    getter = files.get
             ^^^^^^^^^
AttributeError: 'Medication' object has no attribute 'get'
[INFO] [2024-05-28 13:35:05,596] [django.utils.autoreload.py] [C:\253501_LYAMTSEV_14\IGI\LR5\pharmacy_proj\pharmacy_app\views.py changed, reloading.]
[INFO] [2024-05-28 13:35:08,411] [django.utils.autoreload.py] [Watching for file changes with StatReloader]
[WARNING] [2024-05-28 13:35:11,934] [pharmacy_proj.custom_middleware.py] [Time zone set to default]
[INFO] [2024-05-28 13:35:11,934] [pharmacy_app.views.py] [default_view is called]
[WARNING] [2024-05-28 13:35:11,981] [pharmacy_proj.custom_middleware.py] [Time zone set to default]
[INFO] [2024-05-28 13:35:11,981] [pharmacy_app.views.py] [home_view is called]
[WARNING] [2024-05-28 13:35:13,105] [pharmacy_proj.custom_middleware.py] [Time zone set to default]
[WARNING] [2024-05-28 13:35:15,819] [pharmacy_proj.custom_middleware.py] [Time zone set to default]
[INFO] [2024-05-28 13:35:15,826] [pharmacy_app.views.py] [shop_view is called]
[INFO] [2024-05-28 13:35:15,826] [pharmacy_app.views.py] [Form is valid]
[WARNING] [2024-05-28 13:35:17,544] [pharmacy_proj.custom_middleware.py] [Time zone set to default]
[WARNING] [2024-05-28 13:35:19,939] [pharmacy_proj.custom_middleware.py] [Time zone set to default]
[WARNING] [2024-05-28 13:35:19,991] [pharmacy_proj.custom_middleware.py] [Time zone set to default]
[INFO] [2024-05-28 13:35:19,991] [pharmacy_app.views.py] [shop_view is called]
[INFO] [2024-05-28 13:35:19,997] [pharmacy_app.views.py] [Form is valid]
[WARNING] [2024-05-28 13:35:24,114] [pharmacy_proj.custom_middleware.py] [Time zone set to default]
[WARNING] [2024-05-28 13:35:27,027] [pharmacy_proj.custom_middleware.py] [Time zone set to default]
[WARNING] [2024-05-28 13:35:27,095] [pharmacy_proj.custom_middleware.py] [Time zone set to default]
[INFO] [2024-05-28 13:35:27,097] [pharmacy_app.views.py] [shop_view is called]
[INFO] [2024-05-28 13:35:27,097] [pharmacy_app.views.py] [Form is valid]
[WARNING] [2024-05-28 13:36:06,788] [pharmacy_proj.custom_middleware.py] [Time zone set to default]
[WARNING] [2024-05-28 13:36:09,812] [pharmacy_proj.custom_middleware.py] [Time zone set to default]
[INFO] [2024-05-28 13:36:09,812] [pharmacy_app.views.py] [shop_view is called]
[INFO] [2024-05-28 13:36:09,817] [pharmacy_app.views.py] [Form is valid]
[WARNING] [2024-05-28 13:36:18,777] [pharmacy_proj.custom_middleware.py] [Time zone set to default]
[WARNING] [2024-05-28 13:36:29,428] [pharmacy_proj.custom_middleware.py] [Time zone set to default]
[WARNING] [2024-05-28 13:37:14,181] [pharmacy_proj.custom_middleware.py] [Time zone set to default]
[INFO] [2024-05-28 13:37:14,181] [pharmacy_app.views.py] [shop_view is called]
[INFO] [2024-05-28 13:37:14,181] [pharmacy_app.views.py] [Form is valid]
[INFO] [2024-05-28 13:37:27,334] [django.utils.autoreload.py] [Watching for file changes with StatReloader]
[WARNING] [2024-05-28 13:37:32,625] [pharmacy_proj.custom_middleware.py] [Time zone set to default]
[INFO] [2024-05-28 13:37:32,626] [pharmacy_app.views.py] [shop_view is called]
[INFO] [2024-05-28 13:37:32,626] [pharmacy_app.views.py] [Form is valid]
[WARNING] [2024-05-28 13:38:57,374] [pharmacy_proj.custom_middleware.py] [Time zone set to default]
[WARNING] [2024-05-28 13:39:02,976] [pharmacy_proj.custom_middleware.py] [Time zone set to default]
[WARNING] [2024-05-28 13:39:03,035] [pharmacy_proj.custom_middleware.py] [Time zone set to default]
[INFO] [2024-05-28 13:39:03,035] [pharmacy_app.views.py] [shop_view is called]
[INFO] [2024-05-28 13:39:03,038] [pharmacy_app.views.py] [Form is valid]
[WARNING] [2024-05-28 13:39:03,186] [pharmacy_proj.custom_middleware.py] [Time zone set to default]
[WARNING] [2024-05-28 13:39:03,197] [pharmacy_proj.custom_middleware.py] [Time zone set to default]
[WARNING] [2024-05-28 13:39:03,202] [pharmacy_proj.custom_middleware.py] [Time zone set to default]
[WARNING] [2024-05-28 13:39:03,205] [pharmacy_proj.custom_middleware.py] [Time zone set to default]
[WARNING] [2024-05-28 13:39:03,221] [pharmacy_proj.custom_middleware.py] [Time zone set to default]
[WARNING] [2024-05-28 13:39:03,259] [pharmacy_proj.custom_middleware.py] [Time zone set to default]
[WARNING] [2024-05-28 13:39:03,267] [pharmacy_proj.custom_middleware.py] [Time zone set to default]
[WARNING] [2024-05-28 13:47:45,792] [pharmacy_proj.custom_middleware.py] [Time zone set to default]
[WARNING] [2024-05-28 13:47:55,843] [pharmacy_proj.custom_middleware.py] [Time zone set to default]
[WARNING] [2024-05-28 13:47:55,894] [pharmacy_proj.custom_middleware.py] [Time zone set to default]
[INFO] [2024-05-28 13:47:55,895] [pharmacy_app.views.py] [shop_view is called]
[INFO] [2024-05-28 13:47:55,895] [pharmacy_app.views.py] [Form is valid]
[WARNING] [2024-05-28 13:47:56,019] [pharmacy_proj.custom_middleware.py] [Time zone set to default]
[WARNING] [2024-05-28 13:48:04,178] [pharmacy_proj.custom_middleware.py] [Time zone set to default]
[WARNING] [2024-05-28 13:48:04,224] [pharmacy_proj.custom_middleware.py] [Time zone set to default]
[INFO] [2024-05-28 13:48:04,224] [pharmacy_app.views.py] [shop_view is called]
[INFO] [2024-05-28 13:48:04,233] [pharmacy_app.views.py] [Form is valid]
[INFO] [2024-09-23 13:35:08,252] [django.utils.autoreload.py] [Watching for file changes with StatReloader]
[WARNING] [2024-09-23 13:35:13,714] [pharmacy_proj.custom_middleware.py] [Time zone set to default]
[INFO] [2024-09-23 13:35:13,714] [pharmacy_app.views.py] [default_view is called]
[WARNING] [2024-09-23 13:35:13,729] [pharmacy_proj.custom_middleware.py] [Time zone set to default]
[INFO] [2024-09-23 13:35:13,729] [pharmacy_app.views.py] [home_view is called]
[INFO] [2024-09-23 13:35:13,729] [pharmacy_app.views.py] [User is client or not authenticated]
[ERROR] [2024-09-23 13:35:13,973] [django.request.py] [Internal Server Error: /home/]
Traceback (most recent call last):
  File "C:\253501_LYAMTSEV_14\IGI\LR5\.venv\Lib\site-packages\django\db\backends\utils.py", line 105, in _execute
    return self.cursor.execute(sql, params)
           ^^^^^^^^^^^^^^^^^^^^^^^^^^^^^^^^
  File "C:\253501_LYAMTSEV_14\IGI\LR5\.venv\Lib\site-packages\django\db\backends\sqlite3\base.py", line 329, in execute
    return super().execute(query, params)
           ^^^^^^^^^^^^^^^^^^^^^^^^^^^^^^
sqlite3.OperationalError: no such table: pharmacy_app_medication

The above exception was the direct cause of the following exception:

Traceback (most recent call last):
  File "C:\253501_LYAMTSEV_14\IGI\LR5\.venv\Lib\site-packages\django\core\handlers\exception.py", line 55, in inner
    response = get_response(request)
               ^^^^^^^^^^^^^^^^^^^^^
  File "C:\253501_LYAMTSEV_14\IGI\LR5\.venv\Lib\site-packages\django\core\handlers\base.py", line 197, in _get_response
    response = wrapped_callback(request, *callback_args, **callback_kwargs)
               ^^^^^^^^^^^^^^^^^^^^^^^^^^^^^^^^^^^^^^^^^^^^^^^^^^^^^^^^^^^^
  File "C:\253501_LYAMTSEV_14\IGI\lr5\pharmacy_proj\pharmacy_app\views.py", line 479, in home_view
    medication = Medication.objects.latest('cost')
                 ^^^^^^^^^^^^^^^^^^^^^^^^^^^^^^^^^
  File "C:\253501_LYAMTSEV_14\IGI\LR5\.venv\Lib\site-packages\django\db\models\manager.py", line 87, in manager_method
    return getattr(self.get_queryset(), name)(*args, **kwargs)
           ^^^^^^^^^^^^^^^^^^^^^^^^^^^^^^^^^^^^^^^^^^^^^^^^^^^
  File "C:\253501_LYAMTSEV_14\IGI\LR5\.venv\Lib\site-packages\django\db\models\query.py", line 1085, in latest
    return self.reverse()._earliest(*fields)
           ^^^^^^^^^^^^^^^^^^^^^^^^^^^^^^^^^
  File "C:\253501_LYAMTSEV_14\IGI\LR5\.venv\Lib\site-packages\django\db\models\query.py", line 1068, in _earliest
    return obj.get()
           ^^^^^^^^^
  File "C:\253501_LYAMTSEV_14\IGI\LR5\.venv\Lib\site-packages\django\db\models\query.py", line 645, in get
    num = len(clone)
          ^^^^^^^^^^
  File "C:\253501_LYAMTSEV_14\IGI\LR5\.venv\Lib\site-packages\django\db\models\query.py", line 382, in __len__
    self._fetch_all()
  File "C:\253501_LYAMTSEV_14\IGI\LR5\.venv\Lib\site-packages\django\db\models\query.py", line 1928, in _fetch_all
    self._result_cache = list(self._iterable_class(self))
                         ^^^^^^^^^^^^^^^^^^^^^^^^^^^^^^^^
  File "C:\253501_LYAMTSEV_14\IGI\LR5\.venv\Lib\site-packages\django\db\models\query.py", line 91, in __iter__
    results = compiler.execute_sql(
              ^^^^^^^^^^^^^^^^^^^^^
  File "C:\253501_LYAMTSEV_14\IGI\LR5\.venv\Lib\site-packages\django\db\models\sql\compiler.py", line 1562, in execute_sql
    cursor.execute(sql, params)
  File "C:\253501_LYAMTSEV_14\IGI\LR5\.venv\Lib\site-packages\django\db\backends\utils.py", line 122, in execute
    return super().execute(sql, params)
           ^^^^^^^^^^^^^^^^^^^^^^^^^^^^
  File "C:\253501_LYAMTSEV_14\IGI\LR5\.venv\Lib\site-packages\django\db\backends\utils.py", line 79, in execute
    return self._execute_with_wrappers(
           ^^^^^^^^^^^^^^^^^^^^^^^^^^^^
  File "C:\253501_LYAMTSEV_14\IGI\LR5\.venv\Lib\site-packages\django\db\backends\utils.py", line 92, in _execute_with_wrappers
    return executor(sql, params, many, context)
           ^^^^^^^^^^^^^^^^^^^^^^^^^^^^^^^^^^^^
  File "C:\253501_LYAMTSEV_14\IGI\LR5\.venv\Lib\site-packages\django\db\backends\utils.py", line 100, in _execute
    with self.db.wrap_database_errors:
  File "C:\253501_LYAMTSEV_14\IGI\LR5\.venv\Lib\site-packages\django\db\utils.py", line 91, in __exit__
    raise dj_exc_value.with_traceback(traceback) from exc_value
  File "C:\253501_LYAMTSEV_14\IGI\LR5\.venv\Lib\site-packages\django\db\backends\utils.py", line 105, in _execute
    return self.cursor.execute(sql, params)
           ^^^^^^^^^^^^^^^^^^^^^^^^^^^^^^^^
  File "C:\253501_LYAMTSEV_14\IGI\LR5\.venv\Lib\site-packages\django\db\backends\sqlite3\base.py", line 329, in execute
    return super().execute(query, params)
           ^^^^^^^^^^^^^^^^^^^^^^^^^^^^^^
django.db.utils.OperationalError: no such table: pharmacy_app_medication
[WARNING] [2024-09-23 13:35:14,414] [pharmacy_proj.custom_middleware.py] [Time zone set to default]
[WARNING] [2024-09-23 13:35:14,429] [django.request.py] [Not Found: /favicon.ico]
[WARNING] [2024-09-23 13:35:48,439] [pharmacy_proj.custom_middleware.py] [Time zone set to default]
[WARNING] [2024-09-23 13:35:48,464] [pharmacy_proj.custom_middleware.py] [Time zone set to default]
[INFO] [2024-09-23 13:37:04,928] [django.utils.autoreload.py] [Watching for file changes with StatReloader]
[WARNING] [2024-09-23 13:37:08,021] [pharmacy_proj.custom_middleware.py] [Time zone set to default]
[INFO] [2024-09-23 13:37:08,021] [pharmacy_app.views.py] [default_view is called]
[WARNING] [2024-09-23 13:37:08,041] [pharmacy_proj.custom_middleware.py] [Time zone set to default]
[INFO] [2024-09-23 13:37:08,042] [pharmacy_app.views.py] [home_view is called]
[INFO] [2024-09-23 13:37:08,042] [pharmacy_app.views.py] [User is client or not authenticated]
[ERROR] [2024-09-23 13:37:08,104] [django.request.py] [Internal Server Error: /home/]
Traceback (most recent call last):
  File "C:\253501_LYAMTSEV_14\IGI\LR5\.venv\Lib\site-packages\django\db\backends\utils.py", line 105, in _execute
    return self.cursor.execute(sql, params)
           ^^^^^^^^^^^^^^^^^^^^^^^^^^^^^^^^
  File "C:\253501_LYAMTSEV_14\IGI\LR5\.venv\Lib\site-packages\django\db\backends\sqlite3\base.py", line 329, in execute
    return super().execute(query, params)
           ^^^^^^^^^^^^^^^^^^^^^^^^^^^^^^
sqlite3.OperationalError: no such table: pharmacy_app_medication

The above exception was the direct cause of the following exception:

Traceback (most recent call last):
  File "C:\253501_LYAMTSEV_14\IGI\LR5\.venv\Lib\site-packages\django\core\handlers\exception.py", line 55, in inner
    response = get_response(request)
               ^^^^^^^^^^^^^^^^^^^^^
  File "C:\253501_LYAMTSEV_14\IGI\LR5\.venv\Lib\site-packages\django\core\handlers\base.py", line 197, in _get_response
    response = wrapped_callback(request, *callback_args, **callback_kwargs)
               ^^^^^^^^^^^^^^^^^^^^^^^^^^^^^^^^^^^^^^^^^^^^^^^^^^^^^^^^^^^^
  File "C:\253501_LYAMTSEV_14\IGI\lr5\pharmacy_proj\pharmacy_app\views.py", line 479, in home_view
    medication = Medication.objects.latest('cost')
                 ^^^^^^^^^^^^^^^^^^^^^^^^^^^^^^^^^
  File "C:\253501_LYAMTSEV_14\IGI\LR5\.venv\Lib\site-packages\django\db\models\manager.py", line 87, in manager_method
    return getattr(self.get_queryset(), name)(*args, **kwargs)
           ^^^^^^^^^^^^^^^^^^^^^^^^^^^^^^^^^^^^^^^^^^^^^^^^^^^
  File "C:\253501_LYAMTSEV_14\IGI\LR5\.venv\Lib\site-packages\django\db\models\query.py", line 1085, in latest
    return self.reverse()._earliest(*fields)
           ^^^^^^^^^^^^^^^^^^^^^^^^^^^^^^^^^
  File "C:\253501_LYAMTSEV_14\IGI\LR5\.venv\Lib\site-packages\django\db\models\query.py", line 1068, in _earliest
    return obj.get()
           ^^^^^^^^^
  File "C:\253501_LYAMTSEV_14\IGI\LR5\.venv\Lib\site-packages\django\db\models\query.py", line 645, in get
    num = len(clone)
          ^^^^^^^^^^
  File "C:\253501_LYAMTSEV_14\IGI\LR5\.venv\Lib\site-packages\django\db\models\query.py", line 382, in __len__
    self._fetch_all()
  File "C:\253501_LYAMTSEV_14\IGI\LR5\.venv\Lib\site-packages\django\db\models\query.py", line 1928, in _fetch_all
    self._result_cache = list(self._iterable_class(self))
                         ^^^^^^^^^^^^^^^^^^^^^^^^^^^^^^^^
  File "C:\253501_LYAMTSEV_14\IGI\LR5\.venv\Lib\site-packages\django\db\models\query.py", line 91, in __iter__
    results = compiler.execute_sql(
              ^^^^^^^^^^^^^^^^^^^^^
  File "C:\253501_LYAMTSEV_14\IGI\LR5\.venv\Lib\site-packages\django\db\models\sql\compiler.py", line 1562, in execute_sql
    cursor.execute(sql, params)
  File "C:\253501_LYAMTSEV_14\IGI\LR5\.venv\Lib\site-packages\django\db\backends\utils.py", line 122, in execute
    return super().execute(sql, params)
           ^^^^^^^^^^^^^^^^^^^^^^^^^^^^
  File "C:\253501_LYAMTSEV_14\IGI\LR5\.venv\Lib\site-packages\django\db\backends\utils.py", line 79, in execute
    return self._execute_with_wrappers(
           ^^^^^^^^^^^^^^^^^^^^^^^^^^^^
  File "C:\253501_LYAMTSEV_14\IGI\LR5\.venv\Lib\site-packages\django\db\backends\utils.py", line 92, in _execute_with_wrappers
    return executor(sql, params, many, context)
           ^^^^^^^^^^^^^^^^^^^^^^^^^^^^^^^^^^^^
  File "C:\253501_LYAMTSEV_14\IGI\LR5\.venv\Lib\site-packages\django\db\backends\utils.py", line 100, in _execute
    with self.db.wrap_database_errors:
  File "C:\253501_LYAMTSEV_14\IGI\LR5\.venv\Lib\site-packages\django\db\utils.py", line 91, in __exit__
    raise dj_exc_value.with_traceback(traceback) from exc_value
  File "C:\253501_LYAMTSEV_14\IGI\LR5\.venv\Lib\site-packages\django\db\backends\utils.py", line 105, in _execute
    return self.cursor.execute(sql, params)
           ^^^^^^^^^^^^^^^^^^^^^^^^^^^^^^^^
  File "C:\253501_LYAMTSEV_14\IGI\LR5\.venv\Lib\site-packages\django\db\backends\sqlite3\base.py", line 329, in execute
    return super().execute(query, params)
           ^^^^^^^^^^^^^^^^^^^^^^^^^^^^^^
django.db.utils.OperationalError: no such table: pharmacy_app_medication
[WARNING] [2024-09-23 13:37:11,847] [pharmacy_proj.custom_middleware.py] [Time zone set to default]
[WARNING] [2024-09-23 13:37:11,868] [pharmacy_proj.custom_middleware.py] [Time zone set to default]
[WARNING] [2024-09-23 13:37:16,504] [pharmacy_proj.custom_middleware.py] [Time zone set to default]
[WARNING] [2024-09-23 13:37:16,819] [pharmacy_proj.custom_middleware.py] [Time zone set to default]
[WARNING] [2024-09-23 13:37:24,545] [pharmacy_proj.custom_middleware.py] [Time zone set to default]
[ERROR] [2024-09-23 13:37:24,786] [django.request.py] [Internal Server Error: /admin/pharmacy_app/medication/add/]
Traceback (most recent call last):
  File "C:\253501_LYAMTSEV_14\IGI\LR5\.venv\Lib\site-packages\django\db\backends\utils.py", line 105, in _execute
    return self.cursor.execute(sql, params)
           ^^^^^^^^^^^^^^^^^^^^^^^^^^^^^^^^
  File "C:\253501_LYAMTSEV_14\IGI\LR5\.venv\Lib\site-packages\django\db\backends\sqlite3\base.py", line 329, in execute
    return super().execute(query, params)
           ^^^^^^^^^^^^^^^^^^^^^^^^^^^^^^
sqlite3.OperationalError: no such table: pharmacy_app_medicationcategory

The above exception was the direct cause of the following exception:

Traceback (most recent call last):
  File "C:\253501_LYAMTSEV_14\IGI\LR5\.venv\Lib\site-packages\django\core\handlers\exception.py", line 55, in inner
    response = get_response(request)
               ^^^^^^^^^^^^^^^^^^^^^
  File "C:\253501_LYAMTSEV_14\IGI\LR5\.venv\Lib\site-packages\django\core\handlers\base.py", line 220, in _get_response
    response = response.render()
               ^^^^^^^^^^^^^^^^^
  File "C:\253501_LYAMTSEV_14\IGI\LR5\.venv\Lib\site-packages\django\template\response.py", line 114, in render
    self.content = self.rendered_content
                   ^^^^^^^^^^^^^^^^^^^^^
  File "C:\253501_LYAMTSEV_14\IGI\LR5\.venv\Lib\site-packages\django\template\response.py", line 92, in rendered_content
    return template.render(context, self._request)
           ^^^^^^^^^^^^^^^^^^^^^^^^^^^^^^^^^^^^^^^
  File "C:\253501_LYAMTSEV_14\IGI\LR5\.venv\Lib\site-packages\django\template\backends\django.py", line 61, in render
    return self.template.render(context)
           ^^^^^^^^^^^^^^^^^^^^^^^^^^^^^
  File "C:\253501_LYAMTSEV_14\IGI\LR5\.venv\Lib\site-packages\django\template\base.py", line 171, in render
    return self._render(context)
           ^^^^^^^^^^^^^^^^^^^^^
  File "C:\253501_LYAMTSEV_14\IGI\LR5\.venv\Lib\site-packages\django\template\base.py", line 163, in _render
    return self.nodelist.render(context)
           ^^^^^^^^^^^^^^^^^^^^^^^^^^^^^
  File "C:\253501_LYAMTSEV_14\IGI\LR5\.venv\Lib\site-packages\django\template\base.py", line 1000, in render
    return SafeString("".join([node.render_annotated(context) for node in self]))
                              ^^^^^^^^^^^^^^^^^^^^^^^^^^^^^^^^^^^^^^^^^^^^^^^^^
  File "C:\253501_LYAMTSEV_14\IGI\LR5\.venv\Lib\site-packages\django\template\base.py", line 1000, in <listcomp>
    return SafeString("".join([node.render_annotated(context) for node in self]))
                               ^^^^^^^^^^^^^^^^^^^^^^^^^^^^^^
  File "C:\253501_LYAMTSEV_14\IGI\LR5\.venv\Lib\site-packages\django\template\base.py", line 961, in render_annotated
    return self.render(context)
           ^^^^^^^^^^^^^^^^^^^^
  File "C:\253501_LYAMTSEV_14\IGI\LR5\.venv\Lib\site-packages\django\template\loader_tags.py", line 159, in render
    return compiled_parent._render(context)
           ^^^^^^^^^^^^^^^^^^^^^^^^^^^^^^^^
  File "C:\253501_LYAMTSEV_14\IGI\LR5\.venv\Lib\site-packages\django\template\base.py", line 163, in _render
    return self.nodelist.render(context)
           ^^^^^^^^^^^^^^^^^^^^^^^^^^^^^
  File "C:\253501_LYAMTSEV_14\IGI\LR5\.venv\Lib\site-packages\django\template\base.py", line 1000, in render
    return SafeString("".join([node.render_annotated(context) for node in self]))
                              ^^^^^^^^^^^^^^^^^^^^^^^^^^^^^^^^^^^^^^^^^^^^^^^^^
  File "C:\253501_LYAMTSEV_14\IGI\LR5\.venv\Lib\site-packages\django\template\base.py", line 1000, in <listcomp>
    return SafeString("".join([node.render_annotated(context) for node in self]))
                               ^^^^^^^^^^^^^^^^^^^^^^^^^^^^^^
  File "C:\253501_LYAMTSEV_14\IGI\LR5\.venv\Lib\site-packages\django\template\base.py", line 961, in render_annotated
    return self.render(context)
           ^^^^^^^^^^^^^^^^^^^^
  File "C:\253501_LYAMTSEV_14\IGI\LR5\.venv\Lib\site-packages\django\template\loader_tags.py", line 159, in render
    return compiled_parent._render(context)
           ^^^^^^^^^^^^^^^^^^^^^^^^^^^^^^^^
  File "C:\253501_LYAMTSEV_14\IGI\LR5\.venv\Lib\site-packages\django\template\base.py", line 163, in _render
    return self.nodelist.render(context)
           ^^^^^^^^^^^^^^^^^^^^^^^^^^^^^
  File "C:\253501_LYAMTSEV_14\IGI\LR5\.venv\Lib\site-packages\django\template\base.py", line 1000, in render
    return SafeString("".join([node.render_annotated(context) for node in self]))
                              ^^^^^^^^^^^^^^^^^^^^^^^^^^^^^^^^^^^^^^^^^^^^^^^^^
  File "C:\253501_LYAMTSEV_14\IGI\LR5\.venv\Lib\site-packages\django\template\base.py", line 1000, in <listcomp>
    return SafeString("".join([node.render_annotated(context) for node in self]))
                               ^^^^^^^^^^^^^^^^^^^^^^^^^^^^^^
  File "C:\253501_LYAMTSEV_14\IGI\LR5\.venv\Lib\site-packages\django\template\base.py", line 961, in render_annotated
    return self.render(context)
           ^^^^^^^^^^^^^^^^^^^^
  File "C:\253501_LYAMTSEV_14\IGI\LR5\.venv\Lib\site-packages\django\template\loader_tags.py", line 65, in render
    result = block.nodelist.render(context)
             ^^^^^^^^^^^^^^^^^^^^^^^^^^^^^^
  File "C:\253501_LYAMTSEV_14\IGI\LR5\.venv\Lib\site-packages\django\template\base.py", line 1000, in render
    return SafeString("".join([node.render_annotated(context) for node in self]))
                              ^^^^^^^^^^^^^^^^^^^^^^^^^^^^^^^^^^^^^^^^^^^^^^^^^
  File "C:\253501_LYAMTSEV_14\IGI\LR5\.venv\Lib\site-packages\django\template\base.py", line 1000, in <listcomp>
    return SafeString("".join([node.render_annotated(context) for node in self]))
                               ^^^^^^^^^^^^^^^^^^^^^^^^^^^^^^
  File "C:\253501_LYAMTSEV_14\IGI\LR5\.venv\Lib\site-packages\django\template\base.py", line 961, in render_annotated
    return self.render(context)
           ^^^^^^^^^^^^^^^^^^^^
  File "C:\253501_LYAMTSEV_14\IGI\LR5\.venv\Lib\site-packages\django\template\loader_tags.py", line 65, in render
    result = block.nodelist.render(context)
             ^^^^^^^^^^^^^^^^^^^^^^^^^^^^^^
  File "C:\253501_LYAMTSEV_14\IGI\LR5\.venv\Lib\site-packages\django\template\base.py", line 1000, in render
    return SafeString("".join([node.render_annotated(context) for node in self]))
                              ^^^^^^^^^^^^^^^^^^^^^^^^^^^^^^^^^^^^^^^^^^^^^^^^^
  File "C:\253501_LYAMTSEV_14\IGI\LR5\.venv\Lib\site-packages\django\template\base.py", line 1000, in <listcomp>
    return SafeString("".join([node.render_annotated(context) for node in self]))
                               ^^^^^^^^^^^^^^^^^^^^^^^^^^^^^^
  File "C:\253501_LYAMTSEV_14\IGI\LR5\.venv\Lib\site-packages\django\template\base.py", line 961, in render_annotated
    return self.render(context)
           ^^^^^^^^^^^^^^^^^^^^
  File "C:\253501_LYAMTSEV_14\IGI\LR5\.venv\Lib\site-packages\django\template\defaulttags.py", line 242, in render
    nodelist.append(node.render_annotated(context))
                    ^^^^^^^^^^^^^^^^^^^^^^^^^^^^^^
  File "C:\253501_LYAMTSEV_14\IGI\LR5\.venv\Lib\site-packages\django\template\base.py", line 961, in render_annotated
    return self.render(context)
           ^^^^^^^^^^^^^^^^^^^^
  File "C:\253501_LYAMTSEV_14\IGI\LR5\.venv\Lib\site-packages\django\template\loader_tags.py", line 210, in render
    return template.render(context)
           ^^^^^^^^^^^^^^^^^^^^^^^^
  File "C:\253501_LYAMTSEV_14\IGI\LR5\.venv\Lib\site-packages\django\template\base.py", line 173, in render
    return self._render(context)
           ^^^^^^^^^^^^^^^^^^^^^
  File "C:\253501_LYAMTSEV_14\IGI\LR5\.venv\Lib\site-packages\django\template\base.py", line 163, in _render
    return self.nodelist.render(context)
           ^^^^^^^^^^^^^^^^^^^^^^^^^^^^^
  File "C:\253501_LYAMTSEV_14\IGI\LR5\.venv\Lib\site-packages\django\template\base.py", line 1000, in render
    return SafeString("".join([node.render_annotated(context) for node in self]))
                              ^^^^^^^^^^^^^^^^^^^^^^^^^^^^^^^^^^^^^^^^^^^^^^^^^
  File "C:\253501_LYAMTSEV_14\IGI\LR5\.venv\Lib\site-packages\django\template\base.py", line 1000, in <listcomp>
    return SafeString("".join([node.render_annotated(context) for node in self]))
                               ^^^^^^^^^^^^^^^^^^^^^^^^^^^^^^
  File "C:\253501_LYAMTSEV_14\IGI\LR5\.venv\Lib\site-packages\django\template\base.py", line 961, in render_annotated
    return self.render(context)
           ^^^^^^^^^^^^^^^^^^^^
  File "C:\253501_LYAMTSEV_14\IGI\LR5\.venv\Lib\site-packages\django\template\defaulttags.py", line 242, in render
    nodelist.append(node.render_annotated(context))
                    ^^^^^^^^^^^^^^^^^^^^^^^^^^^^^^
  File "C:\253501_LYAMTSEV_14\IGI\LR5\.venv\Lib\site-packages\django\template\base.py", line 961, in render_annotated
    return self.render(context)
           ^^^^^^^^^^^^^^^^^^^^
  File "C:\253501_LYAMTSEV_14\IGI\LR5\.venv\Lib\site-packages\django\template\defaulttags.py", line 242, in render
    nodelist.append(node.render_annotated(context))
                    ^^^^^^^^^^^^^^^^^^^^^^^^^^^^^^
  File "C:\253501_LYAMTSEV_14\IGI\LR5\.venv\Lib\site-packages\django\template\base.py", line 961, in render_annotated
    return self.render(context)
           ^^^^^^^^^^^^^^^^^^^^
  File "C:\253501_LYAMTSEV_14\IGI\LR5\.venv\Lib\site-packages\django\template\defaulttags.py", line 326, in render
    return nodelist.render(context)
           ^^^^^^^^^^^^^^^^^^^^^^^^
  File "C:\253501_LYAMTSEV_14\IGI\LR5\.venv\Lib\site-packages\django\template\base.py", line 1000, in render
    return SafeString("".join([node.render_annotated(context) for node in self]))
                              ^^^^^^^^^^^^^^^^^^^^^^^^^^^^^^^^^^^^^^^^^^^^^^^^^
  File "C:\253501_LYAMTSEV_14\IGI\LR5\.venv\Lib\site-packages\django\template\base.py", line 1000, in <listcomp>
    return SafeString("".join([node.render_annotated(context) for node in self]))
                               ^^^^^^^^^^^^^^^^^^^^^^^^^^^^^^
  File "C:\253501_LYAMTSEV_14\IGI\LR5\.venv\Lib\site-packages\django\template\base.py", line 961, in render_annotated
    return self.render(context)
           ^^^^^^^^^^^^^^^^^^^^
  File "C:\253501_LYAMTSEV_14\IGI\LR5\.venv\Lib\site-packages\django\template\defaulttags.py", line 326, in render
    return nodelist.render(context)
           ^^^^^^^^^^^^^^^^^^^^^^^^
  File "C:\253501_LYAMTSEV_14\IGI\LR5\.venv\Lib\site-packages\django\template\base.py", line 1000, in render
    return SafeString("".join([node.render_annotated(context) for node in self]))
                              ^^^^^^^^^^^^^^^^^^^^^^^^^^^^^^^^^^^^^^^^^^^^^^^^^
  File "C:\253501_LYAMTSEV_14\IGI\LR5\.venv\Lib\site-packages\django\template\base.py", line 1000, in <listcomp>
    return SafeString("".join([node.render_annotated(context) for node in self]))
                               ^^^^^^^^^^^^^^^^^^^^^^^^^^^^^^
  File "C:\253501_LYAMTSEV_14\IGI\LR5\.venv\Lib\site-packages\django\template\base.py", line 961, in render_annotated
    return self.render(context)
           ^^^^^^^^^^^^^^^^^^^^
  File "C:\253501_LYAMTSEV_14\IGI\LR5\.venv\Lib\site-packages\django\template\base.py", line 1065, in render
    return render_value_in_context(output, context)
           ^^^^^^^^^^^^^^^^^^^^^^^^^^^^^^^^^^^^^^^^
  File "C:\253501_LYAMTSEV_14\IGI\LR5\.venv\Lib\site-packages\django\template\base.py", line 1042, in render_value_in_context
    value = str(value)
            ^^^^^^^^^^
  File "C:\253501_LYAMTSEV_14\IGI\LR5\.venv\Lib\site-packages\django\forms\utils.py", line 79, in __str__
    return self.as_widget()
           ^^^^^^^^^^^^^^^^
  File "C:\253501_LYAMTSEV_14\IGI\LR5\.venv\Lib\site-packages\django\forms\boundfield.py", line 108, in as_widget
    return widget.render(
           ^^^^^^^^^^^^^^
  File "C:\253501_LYAMTSEV_14\IGI\LR5\.venv\Lib\site-packages\django\forms\widgets.py", line 278, in render
    context = self.get_context(name, value, attrs)
              ^^^^^^^^^^^^^^^^^^^^^^^^^^^^^^^^^^^^
  File "C:\253501_LYAMTSEV_14\IGI\LR5\.venv\Lib\site-packages\django\contrib\admin\widgets.py", line 327, in get_context
    "rendered_widget": self.widget.render(name, value, attrs),
                       ^^^^^^^^^^^^^^^^^^^^^^^^^^^^^^^^^^^^^^
  File "C:\253501_LYAMTSEV_14\IGI\LR5\.venv\Lib\site-packages\django\forms\widgets.py", line 278, in render
    context = self.get_context(name, value, attrs)
              ^^^^^^^^^^^^^^^^^^^^^^^^^^^^^^^^^^^^
  File "C:\253501_LYAMTSEV_14\IGI\LR5\.venv\Lib\site-packages\django\forms\widgets.py", line 764, in get_context
    context = super().get_context(name, value, attrs)
              ^^^^^^^^^^^^^^^^^^^^^^^^^^^^^^^^^^^^^^^
  File "C:\253501_LYAMTSEV_14\IGI\LR5\.venv\Lib\site-packages\django\forms\widgets.py", line 715, in get_context
    context["widget"]["optgroups"] = self.optgroups(
                                     ^^^^^^^^^^^^^^^
  File "C:\253501_LYAMTSEV_14\IGI\LR5\.venv\Lib\site-packages\django\forms\widgets.py", line 655, in optgroups
    for index, (option_value, option_label) in enumerate(self.choices):
  File "C:\253501_LYAMTSEV_14\IGI\LR5\.venv\Lib\site-packages\django\forms\models.py", line 1422, in __iter__
    for obj in queryset:
  File "C:\253501_LYAMTSEV_14\IGI\LR5\.venv\Lib\site-packages\django\db\models\query.py", line 518, in _iterator
    yield from iterable
  File "C:\253501_LYAMTSEV_14\IGI\LR5\.venv\Lib\site-packages\django\db\models\query.py", line 91, in __iter__
    results = compiler.execute_sql(
              ^^^^^^^^^^^^^^^^^^^^^
  File "C:\253501_LYAMTSEV_14\IGI\LR5\.venv\Lib\site-packages\django\db\models\sql\compiler.py", line 1562, in execute_sql
    cursor.execute(sql, params)
  File "C:\253501_LYAMTSEV_14\IGI\LR5\.venv\Lib\site-packages\django\db\backends\utils.py", line 122, in execute
    return super().execute(sql, params)
           ^^^^^^^^^^^^^^^^^^^^^^^^^^^^
  File "C:\253501_LYAMTSEV_14\IGI\LR5\.venv\Lib\site-packages\django\db\backends\utils.py", line 79, in execute
    return self._execute_with_wrappers(
           ^^^^^^^^^^^^^^^^^^^^^^^^^^^^
  File "C:\253501_LYAMTSEV_14\IGI\LR5\.venv\Lib\site-packages\django\db\backends\utils.py", line 92, in _execute_with_wrappers
    return executor(sql, params, many, context)
           ^^^^^^^^^^^^^^^^^^^^^^^^^^^^^^^^^^^^
  File "C:\253501_LYAMTSEV_14\IGI\LR5\.venv\Lib\site-packages\django\db\backends\utils.py", line 100, in _execute
    with self.db.wrap_database_errors:
  File "C:\253501_LYAMTSEV_14\IGI\LR5\.venv\Lib\site-packages\django\db\utils.py", line 91, in __exit__
    raise dj_exc_value.with_traceback(traceback) from exc_value
  File "C:\253501_LYAMTSEV_14\IGI\LR5\.venv\Lib\site-packages\django\db\backends\utils.py", line 105, in _execute
    return self.cursor.execute(sql, params)
           ^^^^^^^^^^^^^^^^^^^^^^^^^^^^^^^^
  File "C:\253501_LYAMTSEV_14\IGI\LR5\.venv\Lib\site-packages\django\db\backends\sqlite3\base.py", line 329, in execute
    return super().execute(query, params)
           ^^^^^^^^^^^^^^^^^^^^^^^^^^^^^^
django.db.utils.OperationalError: no such table: pharmacy_app_medicationcategory
[WARNING] [2024-09-23 13:38:38,803] [pharmacy_proj.custom_middleware.py] [Time zone set to default]
[WARNING] [2024-09-23 13:38:41,499] [pharmacy_proj.custom_middleware.py] [Time zone set to default]
[WARNING] [2024-09-23 13:38:41,597] [pharmacy_proj.custom_middleware.py] [Time zone set to default]
[WARNING] [2024-09-23 13:39:07,385] [pharmacy_proj.custom_middleware.py] [Time zone set to default]
[ERROR] [2024-09-23 13:39:07,453] [django.request.py] [Internal Server Error: /admin/pharmacy_app/medicationcategory/add/]
Traceback (most recent call last):
  File "C:\253501_LYAMTSEV_14\IGI\LR5\.venv\Lib\site-packages\django\db\backends\utils.py", line 105, in _execute
    return self.cursor.execute(sql, params)
           ^^^^^^^^^^^^^^^^^^^^^^^^^^^^^^^^
  File "C:\253501_LYAMTSEV_14\IGI\LR5\.venv\Lib\site-packages\django\db\backends\sqlite3\base.py", line 329, in execute
    return super().execute(query, params)
           ^^^^^^^^^^^^^^^^^^^^^^^^^^^^^^
sqlite3.OperationalError: no such table: pharmacy_app_medicationcategory

The above exception was the direct cause of the following exception:

Traceback (most recent call last):
  File "C:\253501_LYAMTSEV_14\IGI\LR5\.venv\Lib\site-packages\django\core\handlers\exception.py", line 55, in inner
    response = get_response(request)
               ^^^^^^^^^^^^^^^^^^^^^
  File "C:\253501_LYAMTSEV_14\IGI\LR5\.venv\Lib\site-packages\django\core\handlers\base.py", line 197, in _get_response
    response = wrapped_callback(request, *callback_args, **callback_kwargs)
               ^^^^^^^^^^^^^^^^^^^^^^^^^^^^^^^^^^^^^^^^^^^^^^^^^^^^^^^^^^^^
  File "C:\253501_LYAMTSEV_14\IGI\LR5\.venv\Lib\site-packages\django\contrib\admin\options.py", line 716, in wrapper
    return self.admin_site.admin_view(view)(*args, **kwargs)
           ^^^^^^^^^^^^^^^^^^^^^^^^^^^^^^^^^^^^^^^^^^^^^^^^^
  File "C:\253501_LYAMTSEV_14\IGI\LR5\.venv\Lib\site-packages\django\utils\decorators.py", line 188, in _view_wrapper
    result = _process_exception(request, e)
             ^^^^^^^^^^^^^^^^^^^^^^^^^^^^^^
  File "C:\253501_LYAMTSEV_14\IGI\LR5\.venv\Lib\site-packages\django\utils\decorators.py", line 186, in _view_wrapper
    response = view_func(request, *args, **kwargs)
               ^^^^^^^^^^^^^^^^^^^^^^^^^^^^^^^^^^^
  File "C:\253501_LYAMTSEV_14\IGI\LR5\.venv\Lib\site-packages\django\views\decorators\cache.py", line 80, in _view_wrapper
    response = view_func(request, *args, **kwargs)
               ^^^^^^^^^^^^^^^^^^^^^^^^^^^^^^^^^^^
  File "C:\253501_LYAMTSEV_14\IGI\LR5\.venv\Lib\site-packages\django\contrib\admin\sites.py", line 240, in inner
    return view(request, *args, **kwargs)
           ^^^^^^^^^^^^^^^^^^^^^^^^^^^^^^
  File "C:\253501_LYAMTSEV_14\IGI\LR5\.venv\Lib\site-packages\django\contrib\admin\options.py", line 1945, in add_view
    return self.changeform_view(request, None, form_url, extra_context)
           ^^^^^^^^^^^^^^^^^^^^^^^^^^^^^^^^^^^^^^^^^^^^^^^^^^^^^^^^^^^^
  File "C:\253501_LYAMTSEV_14\IGI\LR5\.venv\Lib\site-packages\django\utils\decorators.py", line 48, in _wrapper
    return bound_method(*args, **kwargs)
           ^^^^^^^^^^^^^^^^^^^^^^^^^^^^^
  File "C:\253501_LYAMTSEV_14\IGI\LR5\.venv\Lib\site-packages\django\utils\decorators.py", line 188, in _view_wrapper
    result = _process_exception(request, e)
             ^^^^^^^^^^^^^^^^^^^^^^^^^^^^^^
  File "C:\253501_LYAMTSEV_14\IGI\LR5\.venv\Lib\site-packages\django\utils\decorators.py", line 186, in _view_wrapper
    response = view_func(request, *args, **kwargs)
               ^^^^^^^^^^^^^^^^^^^^^^^^^^^^^^^^^^^
  File "C:\253501_LYAMTSEV_14\IGI\LR5\.venv\Lib\site-packages\django\contrib\admin\options.py", line 1804, in changeform_view
    return self._changeform_view(request, object_id, form_url, extra_context)
           ^^^^^^^^^^^^^^^^^^^^^^^^^^^^^^^^^^^^^^^^^^^^^^^^^^^^^^^^^^^^^^^^^^
  File "C:\253501_LYAMTSEV_14\IGI\LR5\.venv\Lib\site-packages\django\contrib\admin\options.py", line 1855, in _changeform_view
    self.save_model(request, new_object, form, not add)
  File "C:\253501_LYAMTSEV_14\IGI\LR5\.venv\Lib\site-packages\django\contrib\admin\options.py", line 1259, in save_model
    obj.save()
  File "C:\253501_LYAMTSEV_14\IGI\LR5\.venv\Lib\site-packages\django\db\models\base.py", line 822, in save
    self.save_base(
  File "C:\253501_LYAMTSEV_14\IGI\LR5\.venv\Lib\site-packages\django\db\models\base.py", line 909, in save_base
    updated = self._save_table(
              ^^^^^^^^^^^^^^^^^
  File "C:\253501_LYAMTSEV_14\IGI\LR5\.venv\Lib\site-packages\django\db\models\base.py", line 1071, in _save_table
    results = self._do_insert(
              ^^^^^^^^^^^^^^^^
  File "C:\253501_LYAMTSEV_14\IGI\LR5\.venv\Lib\site-packages\django\db\models\base.py", line 1112, in _do_insert
    return manager._insert(
           ^^^^^^^^^^^^^^^^
  File "C:\253501_LYAMTSEV_14\IGI\LR5\.venv\Lib\site-packages\django\db\models\manager.py", line 87, in manager_method
    return getattr(self.get_queryset(), name)(*args, **kwargs)
           ^^^^^^^^^^^^^^^^^^^^^^^^^^^^^^^^^^^^^^^^^^^^^^^^^^^
  File "C:\253501_LYAMTSEV_14\IGI\LR5\.venv\Lib\site-packages\django\db\models\query.py", line 1847, in _insert
    return query.get_compiler(using=using).execute_sql(returning_fields)
           ^^^^^^^^^^^^^^^^^^^^^^^^^^^^^^^^^^^^^^^^^^^^^^^^^^^^^^^^^^^^^
  File "C:\253501_LYAMTSEV_14\IGI\LR5\.venv\Lib\site-packages\django\db\models\sql\compiler.py", line 1823, in execute_sql
    cursor.execute(sql, params)
  File "C:\253501_LYAMTSEV_14\IGI\LR5\.venv\Lib\site-packages\django\db\backends\utils.py", line 122, in execute
    return super().execute(sql, params)
           ^^^^^^^^^^^^^^^^^^^^^^^^^^^^
  File "C:\253501_LYAMTSEV_14\IGI\LR5\.venv\Lib\site-packages\django\db\backends\utils.py", line 79, in execute
    return self._execute_with_wrappers(
           ^^^^^^^^^^^^^^^^^^^^^^^^^^^^
  File "C:\253501_LYAMTSEV_14\IGI\LR5\.venv\Lib\site-packages\django\db\backends\utils.py", line 92, in _execute_with_wrappers
    return executor(sql, params, many, context)
           ^^^^^^^^^^^^^^^^^^^^^^^^^^^^^^^^^^^^
  File "C:\253501_LYAMTSEV_14\IGI\LR5\.venv\Lib\site-packages\django\db\backends\utils.py", line 100, in _execute
    with self.db.wrap_database_errors:
  File "C:\253501_LYAMTSEV_14\IGI\LR5\.venv\Lib\site-packages\django\db\utils.py", line 91, in __exit__
    raise dj_exc_value.with_traceback(traceback) from exc_value
  File "C:\253501_LYAMTSEV_14\IGI\LR5\.venv\Lib\site-packages\django\db\backends\utils.py", line 105, in _execute
    return self.cursor.execute(sql, params)
           ^^^^^^^^^^^^^^^^^^^^^^^^^^^^^^^^
  File "C:\253501_LYAMTSEV_14\IGI\LR5\.venv\Lib\site-packages\django\db\backends\sqlite3\base.py", line 329, in execute
    return super().execute(query, params)
           ^^^^^^^^^^^^^^^^^^^^^^^^^^^^^^
django.db.utils.OperationalError: no such table: pharmacy_app_medicationcategory
[WARNING] [2024-09-23 13:39:17,243] [pharmacy_proj.custom_middleware.py] [Time zone set to default]
[WARNING] [2024-09-23 13:39:17,919] [pharmacy_proj.custom_middleware.py] [Time zone set to default]
[WARNING] [2024-09-23 13:39:19,073] [pharmacy_proj.custom_middleware.py] [Time zone set to default]
[WARNING] [2024-09-23 13:39:19,090] [pharmacy_proj.custom_middleware.py] [Time zone set to default]
[WARNING] [2024-09-23 13:39:26,333] [pharmacy_proj.custom_middleware.py] [Time zone set to default]
[ERROR] [2024-09-23 13:39:26,395] [django.request.py] [Internal Server Error: /admin/pharmacy_app/employee/]
Traceback (most recent call last):
  File "C:\253501_LYAMTSEV_14\IGI\LR5\.venv\Lib\site-packages\django\db\backends\utils.py", line 105, in _execute
    return self.cursor.execute(sql, params)
           ^^^^^^^^^^^^^^^^^^^^^^^^^^^^^^^^
  File "C:\253501_LYAMTSEV_14\IGI\LR5\.venv\Lib\site-packages\django\db\backends\sqlite3\base.py", line 329, in execute
    return super().execute(query, params)
           ^^^^^^^^^^^^^^^^^^^^^^^^^^^^^^
sqlite3.OperationalError: no such table: pharmacy_app_employee

The above exception was the direct cause of the following exception:

Traceback (most recent call last):
  File "C:\253501_LYAMTSEV_14\IGI\LR5\.venv\Lib\site-packages\django\core\handlers\exception.py", line 55, in inner
    response = get_response(request)
               ^^^^^^^^^^^^^^^^^^^^^
  File "C:\253501_LYAMTSEV_14\IGI\LR5\.venv\Lib\site-packages\django\core\handlers\base.py", line 197, in _get_response
    response = wrapped_callback(request, *callback_args, **callback_kwargs)
               ^^^^^^^^^^^^^^^^^^^^^^^^^^^^^^^^^^^^^^^^^^^^^^^^^^^^^^^^^^^^
  File "C:\253501_LYAMTSEV_14\IGI\LR5\.venv\Lib\site-packages\django\contrib\admin\options.py", line 716, in wrapper
    return self.admin_site.admin_view(view)(*args, **kwargs)
           ^^^^^^^^^^^^^^^^^^^^^^^^^^^^^^^^^^^^^^^^^^^^^^^^^
  File "C:\253501_LYAMTSEV_14\IGI\LR5\.venv\Lib\site-packages\django\utils\decorators.py", line 188, in _view_wrapper
    result = _process_exception(request, e)
             ^^^^^^^^^^^^^^^^^^^^^^^^^^^^^^
  File "C:\253501_LYAMTSEV_14\IGI\LR5\.venv\Lib\site-packages\django\utils\decorators.py", line 186, in _view_wrapper
    response = view_func(request, *args, **kwargs)
               ^^^^^^^^^^^^^^^^^^^^^^^^^^^^^^^^^^^
  File "C:\253501_LYAMTSEV_14\IGI\LR5\.venv\Lib\site-packages\django\views\decorators\cache.py", line 80, in _view_wrapper
    response = view_func(request, *args, **kwargs)
               ^^^^^^^^^^^^^^^^^^^^^^^^^^^^^^^^^^^
  File "C:\253501_LYAMTSEV_14\IGI\LR5\.venv\Lib\site-packages\django\contrib\admin\sites.py", line 240, in inner
    return view(request, *args, **kwargs)
           ^^^^^^^^^^^^^^^^^^^^^^^^^^^^^^
  File "C:\253501_LYAMTSEV_14\IGI\LR5\.venv\Lib\site-packages\django\utils\decorators.py", line 48, in _wrapper
    return bound_method(*args, **kwargs)
           ^^^^^^^^^^^^^^^^^^^^^^^^^^^^^
  File "C:\253501_LYAMTSEV_14\IGI\LR5\.venv\Lib\site-packages\django\utils\decorators.py", line 188, in _view_wrapper
    result = _process_exception(request, e)
             ^^^^^^^^^^^^^^^^^^^^^^^^^^^^^^
  File "C:\253501_LYAMTSEV_14\IGI\LR5\.venv\Lib\site-packages\django\utils\decorators.py", line 186, in _view_wrapper
    response = view_func(request, *args, **kwargs)
               ^^^^^^^^^^^^^^^^^^^^^^^^^^^^^^^^^^^
  File "C:\253501_LYAMTSEV_14\IGI\LR5\.venv\Lib\site-packages\django\contrib\admin\options.py", line 1985, in changelist_view
    cl = self.get_changelist_instance(request)
         ^^^^^^^^^^^^^^^^^^^^^^^^^^^^^^^^^^^^^
  File "C:\253501_LYAMTSEV_14\IGI\LR5\.venv\Lib\site-packages\django\contrib\admin\options.py", line 864, in get_changelist_instance
    return ChangeList(
           ^^^^^^^^^^^
  File "C:\253501_LYAMTSEV_14\IGI\LR5\.venv\Lib\site-packages\django\contrib\admin\views\main.py", line 145, in __init__
    self.get_results(request)
  File "C:\253501_LYAMTSEV_14\IGI\LR5\.venv\Lib\site-packages\django\contrib\admin\views\main.py", line 312, in get_results
    result_count = paginator.count
                   ^^^^^^^^^^^^^^^
  File "C:\253501_LYAMTSEV_14\IGI\LR5\.venv\Lib\site-packages\django\utils\functional.py", line 47, in __get__
    res = instance.__dict__[self.name] = self.func(instance)
                                         ^^^^^^^^^^^^^^^^^^^
  File "C:\253501_LYAMTSEV_14\IGI\LR5\.venv\Lib\site-packages\django\core\paginator.py", line 110, in count
    return c()
           ^^^
  File "C:\253501_LYAMTSEV_14\IGI\LR5\.venv\Lib\site-packages\django\db\models\query.py", line 620, in count
    return self.query.get_count(using=self.db)
           ^^^^^^^^^^^^^^^^^^^^^^^^^^^^^^^^^^^
  File "C:\253501_LYAMTSEV_14\IGI\LR5\.venv\Lib\site-packages\django\db\models\sql\query.py", line 629, in get_count
    return obj.get_aggregation(using, {"__count": Count("*")})["__count"]
           ^^^^^^^^^^^^^^^^^^^^^^^^^^^^^^^^^^^^^^^^^^^^^^^^^^^
  File "C:\253501_LYAMTSEV_14\IGI\LR5\.venv\Lib\site-packages\django\db\models\sql\query.py", line 615, in get_aggregation
    result = compiler.execute_sql(SINGLE)
             ^^^^^^^^^^^^^^^^^^^^^^^^^^^^
  File "C:\253501_LYAMTSEV_14\IGI\LR5\.venv\Lib\site-packages\django\db\models\sql\compiler.py", line 1562, in execute_sql
    cursor.execute(sql, params)
  File "C:\253501_LYAMTSEV_14\IGI\LR5\.venv\Lib\site-packages\django\db\backends\utils.py", line 122, in execute
    return super().execute(sql, params)
           ^^^^^^^^^^^^^^^^^^^^^^^^^^^^
  File "C:\253501_LYAMTSEV_14\IGI\LR5\.venv\Lib\site-packages\django\db\backends\utils.py", line 79, in execute
    return self._execute_with_wrappers(
           ^^^^^^^^^^^^^^^^^^^^^^^^^^^^
  File "C:\253501_LYAMTSEV_14\IGI\LR5\.venv\Lib\site-packages\django\db\backends\utils.py", line 92, in _execute_with_wrappers
    return executor(sql, params, many, context)
           ^^^^^^^^^^^^^^^^^^^^^^^^^^^^^^^^^^^^
  File "C:\253501_LYAMTSEV_14\IGI\LR5\.venv\Lib\site-packages\django\db\backends\utils.py", line 100, in _execute
    with self.db.wrap_database_errors:
  File "C:\253501_LYAMTSEV_14\IGI\LR5\.venv\Lib\site-packages\django\db\utils.py", line 91, in __exit__
    raise dj_exc_value.with_traceback(traceback) from exc_value
  File "C:\253501_LYAMTSEV_14\IGI\LR5\.venv\Lib\site-packages\django\db\backends\utils.py", line 105, in _execute
    return self.cursor.execute(sql, params)
           ^^^^^^^^^^^^^^^^^^^^^^^^^^^^^^^^
  File "C:\253501_LYAMTSEV_14\IGI\LR5\.venv\Lib\site-packages\django\db\backends\sqlite3\base.py", line 329, in execute
    return super().execute(query, params)
           ^^^^^^^^^^^^^^^^^^^^^^^^^^^^^^
django.db.utils.OperationalError: no such table: pharmacy_app_employee
[INFO] [2024-09-23 13:46:06,457] [django.utils.autoreload.py] [Watching for file changes with StatReloader]
[WARNING] [2024-09-23 13:46:08,782] [pharmacy_proj.custom_middleware.py] [Time zone set to default]
[INFO] [2024-09-23 13:46:08,782] [pharmacy_app.views.py] [default_view is called]
[WARNING] [2024-09-23 13:46:08,809] [pharmacy_proj.custom_middleware.py] [Time zone set to default]
[INFO] [2024-09-23 13:46:08,810] [pharmacy_app.views.py] [home_view is called]
[INFO] [2024-09-23 13:46:08,810] [pharmacy_app.views.py] [User is client or not authenticated]
[WARNING] [2024-09-23 13:46:08,814] [pharmacy_app.views.py] [There is no medications]
[WARNING] [2024-09-23 13:46:11,103] [pharmacy_proj.custom_middleware.py] [Time zone set to default]
[INFO] [2024-09-23 13:46:11,103] [pharmacy_app.views.py] [home_view is called]
[INFO] [2024-09-23 13:46:11,103] [pharmacy_app.views.py] [User is client or not authenticated]
[WARNING] [2024-09-23 13:46:11,106] [pharmacy_app.views.py] [There is no medications]
[WARNING] [2024-09-23 13:46:12,150] [pharmacy_proj.custom_middleware.py] [Time zone set to default]
[INFO] [2024-09-23 13:46:12,150] [pharmacy_app.views.py] [info_view is called]
[WARNING] [2024-09-23 13:46:12,150] [pharmacy_app.views.py] [No company info in database]
[WARNING] [2024-09-23 13:46:14,296] [pharmacy_proj.custom_middleware.py] [Time zone set to default]
[INFO] [2024-09-23 13:46:14,296] [pharmacy_app.views.py] [login_view is called]
[WARNING] [2024-09-23 13:46:16,571] [pharmacy_proj.custom_middleware.py] [Time zone set to default]
[INFO] [2024-09-23 13:46:16,571] [pharmacy_app.views.py] [register_view is called]
[WARNING] [2024-09-23 13:47:31,433] [pharmacy_proj.custom_middleware.py] [Time zone set to default]
[INFO] [2024-09-23 13:47:31,434] [pharmacy_app.views.py] [register_view is called]
[INFO] [2024-09-23 13:47:31,443] [pharmacy_app.views.py] [Form is valid]
[WARNING] [2024-09-23 13:47:31,444] [pharmacy_app.views.py] [The user who registers has a unique username]
[WARNING] [2024-09-23 13:47:31,758] [pharmacy_proj.custom_middleware.py] [Time zone set to default]
[INFO] [2024-09-23 13:47:31,759] [pharmacy_app.views.py] [login_view is called]
[WARNING] [2024-09-23 13:47:49,943] [pharmacy_proj.custom_middleware.py] [Time zone set to default]
[INFO] [2024-09-23 13:47:49,943] [pharmacy_app.views.py] [login_view is called]
[WARNING] [2024-09-23 13:47:50,263] [pharmacy_app.views.py] [Form has invalid data]
[WARNING] [2024-09-23 13:48:00,264] [pharmacy_proj.custom_middleware.py] [Time zone set to default]
[INFO] [2024-09-23 13:48:00,265] [pharmacy_app.views.py] [login_view is called]
[INFO] [2024-09-23 13:48:00,568] [pharmacy_app.views.py] [Form is valid]
[WARNING] [2024-09-23 13:48:00,918] [pharmacy_proj.custom_middleware.py] [Asia/Tbilisi time zone is activated]
[INFO] [2024-09-23 13:48:00,922] [pharmacy_app.views.py] [home_view is called]
[INFO] [2024-09-23 13:48:00,930] [pharmacy_app.views.py] [User is client or not authenticated]
[WARNING] [2024-09-23 13:48:00,930] [pharmacy_app.views.py] [There is no medications]
[WARNING] [2024-09-23 13:48:03,724] [pharmacy_proj.custom_middleware.py] [Asia/Tbilisi time zone is activated]
[INFO] [2024-09-23 13:48:03,725] [pharmacy_app.views.py] [user_view is called]
[INFO] [2024-09-23 13:48:03,726] [pharmacy_app.views.py] [User is client]
[WARNING] [2024-09-23 13:48:08,089] [pharmacy_proj.custom_middleware.py] [Asia/Tbilisi time zone is activated]
[INFO] [2024-09-23 13:48:08,089] [pharmacy_app.views.py] [shop_view is called]
[INFO] [2024-09-23 13:48:08,090] [pharmacy_app.views.py] [Form is valid]
[WARNING] [2024-09-23 13:48:08,723] [pharmacy_proj.custom_middleware.py] [Asia/Tbilisi time zone is activated]
[INFO] [2024-09-23 13:48:08,724] [pharmacy_app.views.py] [questions_view is called]
[WARNING] [2024-09-23 13:48:10,103] [pharmacy_proj.custom_middleware.py] [Asia/Tbilisi time zone is activated]
[INFO] [2024-09-23 13:48:10,104] [pharmacy_app.views.py] [contacts_view is called]
[WARNING] [2024-09-23 13:48:10,556] [pharmacy_proj.custom_middleware.py] [Asia/Tbilisi time zone is activated]
[INFO] [2024-09-23 13:48:10,557] [pharmacy_app.views.py] [policy_view is called]
[WARNING] [2024-09-23 13:48:11,634] [pharmacy_proj.custom_middleware.py] [Asia/Tbilisi time zone is activated]
[INFO] [2024-09-23 13:48:11,634] [pharmacy_app.views.py] [vacancies_view is called]
[WARNING] [2024-09-23 13:48:12,939] [pharmacy_proj.custom_middleware.py] [Asia/Tbilisi time zone is activated]
[INFO] [2024-09-23 13:48:12,939] [pharmacy_app.views.py] [reviews_view is called]
[WARNING] [2024-09-23 13:48:14,595] [pharmacy_proj.custom_middleware.py] [Asia/Tbilisi time zone is activated]
[INFO] [2024-09-23 13:48:14,595] [pharmacy_app.views.py] [promo_view is called]
[WARNING] [2024-09-23 13:48:16,606] [pharmacy_proj.custom_middleware.py] [Asia/Tbilisi time zone is activated]
[INFO] [2024-09-23 13:48:16,607] [pharmacy_app.views.py] [cat_fact_api_view is called]
[WARNING] [2024-09-23 13:48:18,816] [pharmacy_proj.custom_middleware.py] [Asia/Tbilisi time zone is activated]
[INFO] [2024-09-23 13:48:18,816] [pharmacy_app.views.py] [cat_fact_api_view is called]
[WARNING] [2024-09-23 13:48:20,062] [pharmacy_proj.custom_middleware.py] [Asia/Tbilisi time zone is activated]
[INFO] [2024-09-23 13:48:20,062] [pharmacy_app.views.py] [cat_fact_api_view is called]
[WARNING] [2024-09-23 13:48:21,845] [pharmacy_proj.custom_middleware.py] [Asia/Tbilisi time zone is activated]
[INFO] [2024-09-23 13:48:21,845] [pharmacy_app.views.py] [activity_api_view is called]
[ERROR] [2024-09-23 13:48:22,323] [pharmacy_app.views.py] [Error fetching activity: 503 Server Error: Service Unavailable for url: https://www.boredapi.com/api/activity]
[WARNING] [2024-09-23 13:48:23,793] [pharmacy_proj.custom_middleware.py] [Asia/Tbilisi time zone is activated]
[INFO] [2024-09-23 13:48:23,794] [pharmacy_app.views.py] [activity_api_view is called]
[ERROR] [2024-09-23 13:48:24,193] [pharmacy_app.views.py] [Error fetching activity: 503 Server Error: Service Unavailable for url: https://www.boredapi.com/api/activity]
[WARNING] [2024-09-23 13:48:26,289] [pharmacy_proj.custom_middleware.py] [Asia/Tbilisi time zone is activated]
[INFO] [2024-09-23 13:48:26,290] [pharmacy_app.views.py] [cat_fact_api_view is called]
[WARNING] [2024-09-23 13:48:27,323] [pharmacy_proj.custom_middleware.py] [Asia/Tbilisi time zone is activated]
[INFO] [2024-09-23 13:48:27,323] [pharmacy_app.views.py] [cat_fact_api_view is called]
[WARNING] [2024-09-23 13:48:28,237] [pharmacy_proj.custom_middleware.py] [Asia/Tbilisi time zone is activated]
[INFO] [2024-09-23 13:48:28,237] [pharmacy_app.views.py] [cat_fact_api_view is called]
[WARNING] [2024-09-23 13:48:29,061] [pharmacy_proj.custom_middleware.py] [Asia/Tbilisi time zone is activated]
[INFO] [2024-09-23 13:48:29,062] [pharmacy_app.views.py] [cat_fact_api_view is called]
[WARNING] [2024-09-23 13:48:29,763] [pharmacy_proj.custom_middleware.py] [Asia/Tbilisi time zone is activated]
[INFO] [2024-09-23 13:48:29,763] [pharmacy_app.views.py] [cat_fact_api_view is called]
[WARNING] [2024-09-23 13:48:30,354] [pharmacy_proj.custom_middleware.py] [Asia/Tbilisi time zone is activated]
[INFO] [2024-09-23 13:48:30,355] [pharmacy_app.views.py] [cat_fact_api_view is called]
[WARNING] [2024-09-23 13:48:31,699] [pharmacy_proj.custom_middleware.py] [Asia/Tbilisi time zone is activated]
[INFO] [2024-09-23 13:48:31,699] [pharmacy_app.views.py] [shop_view is called]
[INFO] [2024-09-23 13:48:31,700] [pharmacy_app.views.py] [Form is valid]
[WARNING] [2024-09-23 13:48:33,494] [pharmacy_proj.custom_middleware.py] [Asia/Tbilisi time zone is activated]
[INFO] [2024-09-23 13:48:33,494] [pharmacy_app.views.py] [news_view is called]
[WARNING] [2024-09-23 13:48:33,495] [pharmacy_app.views.py] [There is no medications]
[WARNING] [2024-09-23 13:48:34,289] [pharmacy_proj.custom_middleware.py] [Asia/Tbilisi time zone is activated]
[INFO] [2024-09-23 13:48:34,290] [pharmacy_app.views.py] [info_view is called]
[WARNING] [2024-09-23 13:48:34,290] [pharmacy_app.views.py] [No company info in database]
[WARNING] [2024-09-23 13:48:34,778] [pharmacy_proj.custom_middleware.py] [Asia/Tbilisi time zone is activated]
[INFO] [2024-09-23 13:48:34,779] [pharmacy_app.views.py] [home_view is called]
[INFO] [2024-09-23 13:48:34,780] [pharmacy_app.views.py] [User is client or not authenticated]
[WARNING] [2024-09-23 13:48:34,780] [pharmacy_app.views.py] [There is no medications]
[WARNING] [2024-09-23 13:48:36,557] [pharmacy_proj.custom_middleware.py] [Asia/Tbilisi time zone is activated]
[INFO] [2024-09-23 13:48:36,557] [pharmacy_app.views.py] [time_view is called]
[WARNING] [2024-09-23 13:48:40,558] [pharmacy_proj.custom_middleware.py] [Asia/Tbilisi time zone is activated]
[INFO] [2024-09-23 13:48:40,558] [pharmacy_app.views.py] [time_view is called]
[INFO] [2024-09-23 13:48:40,559] [pharmacy_app.views.py] [User is authenticated]
[INFO] [2024-09-23 13:48:40,559] [pharmacy_app.views.py] [User is client]
[WARNING] [2024-09-23 13:48:42,454] [pharmacy_proj.custom_middleware.py] [Europe/Ljubljana time zone is activated]
[INFO] [2024-09-23 13:48:42,454] [pharmacy_app.views.py] [logout_view is called]
[WARNING] [2024-09-23 13:48:42,473] [pharmacy_proj.custom_middleware.py] [Time zone set to default]
[INFO] [2024-09-23 13:48:42,474] [pharmacy_app.views.py] [login_view is called]
[WARNING] [2024-09-23 13:48:43,295] [pharmacy_proj.custom_middleware.py] [Time zone set to default]
[INFO] [2024-09-23 13:48:43,296] [pharmacy_app.views.py] [login_view is called]
[WARNING] [2024-09-23 13:48:47,042] [pharmacy_proj.custom_middleware.py] [Time zone set to default]
[INFO] [2024-09-23 13:48:47,042] [pharmacy_app.views.py] [login_view is called]
[INFO] [2024-09-23 13:48:47,344] [pharmacy_app.views.py] [Form is valid]
[WARNING] [2024-09-23 13:48:47,660] [pharmacy_proj.custom_middleware.py] [Time zone set to default]
[INFO] [2024-09-23 13:48:47,660] [pharmacy_app.views.py] [home_view is called]
[WARNING] [2024-09-23 13:48:55,102] [pharmacy_proj.custom_middleware.py] [Time zone set to default]
[INFO] [2024-09-23 13:48:55,102] [pharmacy_app.views.py] [user_view is called]
[WARNING] [2024-09-23 13:48:55,121] [pharmacy_proj.custom_middleware.py] [Time zone set to default]
[WARNING] [2024-09-23 13:48:55,151] [pharmacy_proj.custom_middleware.py] [Time zone set to default]
[INFO] [2024-09-23 13:58:36,861] [django.utils.autoreload.py] [C:\253501_LYAMTSEV_14\IGI\LR5\pharmacy_proj\pharmacy_app\models.py changed, reloading.]
[INFO] [2024-09-23 13:58:37,617] [django.utils.autoreload.py] [Watching for file changes with StatReloader]
[INFO] [2024-09-23 14:05:19,229] [django.utils.autoreload.py] [Watching for file changes with StatReloader]
[WARNING] [2024-09-23 14:05:22,796] [pharmacy_proj.custom_middleware.py] [Time zone set to default]
[INFO] [2024-09-23 14:05:22,796] [pharmacy_app.views.py] [default_view is called]
[WARNING] [2024-09-23 14:05:22,826] [pharmacy_proj.custom_middleware.py] [Time zone set to default]
[INFO] [2024-09-23 14:05:22,827] [pharmacy_app.views.py] [home_view is called]
[WARNING] [2024-09-23 14:05:27,217] [pharmacy_proj.custom_middleware.py] [Time zone set to default]
[INFO] [2024-09-23 14:05:27,217] [pharmacy_app.views.py] [logout_view is called]
[WARNING] [2024-09-23 14:05:27,227] [pharmacy_proj.custom_middleware.py] [Time zone set to default]
[INFO] [2024-09-23 14:05:27,227] [pharmacy_app.views.py] [login_view is called]
[WARNING] [2024-09-23 14:05:28,685] [pharmacy_proj.custom_middleware.py] [Time zone set to default]
[INFO] [2024-09-23 14:05:28,685] [pharmacy_app.views.py] [home_view is called]
[INFO] [2024-09-23 14:05:28,685] [pharmacy_app.views.py] [User is client or not authenticated]
[WARNING] [2024-09-23 14:05:28,688] [pharmacy_app.views.py] [There is no medications]
[WARNING] [2024-09-23 14:05:29,823] [pharmacy_proj.custom_middleware.py] [Time zone set to default]
[INFO] [2024-09-23 14:05:29,823] [pharmacy_app.views.py] [info_view is called]
[WARNING] [2024-09-23 14:05:29,829] [pharmacy_app.views.py] [No company info in database]
[WARNING] [2024-09-23 14:05:30,654] [pharmacy_proj.custom_middleware.py] [Time zone set to default]
[INFO] [2024-09-23 14:05:30,654] [pharmacy_app.views.py] [news_view is called]
[WARNING] [2024-09-23 14:05:30,662] [pharmacy_app.views.py] [There is no medications]
[WARNING] [2024-09-23 14:05:31,620] [pharmacy_proj.custom_middleware.py] [Time zone set to default]
[INFO] [2024-09-23 14:05:31,621] [pharmacy_app.views.py] [home_view is called]
[INFO] [2024-09-23 14:05:31,621] [pharmacy_app.views.py] [User is client or not authenticated]
[WARNING] [2024-09-23 14:05:31,623] [pharmacy_app.views.py] [There is no medications]
[INFO] [2024-09-23 14:07:51,576] [django.utils.autoreload.py] [C:\253501_LYAMTSEV_14\IGI\LR5\pharmacy_proj\pharmacy_app\views.py changed, reloading.]
[INFO] [2024-09-23 14:07:52,284] [django.utils.autoreload.py] [Watching for file changes with StatReloader]
[INFO] [2024-09-23 14:09:08,393] [django.utils.autoreload.py] [C:\253501_LYAMTSEV_14\IGI\LR5\pharmacy_proj\pharmacy_app\views.py changed, reloading.]
[INFO] [2024-09-23 14:09:09,094] [django.utils.autoreload.py] [Watching for file changes with StatReloader]
[INFO] [2024-09-23 14:16:57,086] [django.utils.autoreload.py] [Watching for file changes with StatReloader]
[WARNING] [2024-09-23 14:17:00,243] [pharmacy_proj.custom_middleware.py] [Time zone set to default]
[INFO] [2024-09-23 14:17:00,243] [pharmacy_app.views.py] [default_view is called]
[WARNING] [2024-09-23 14:17:00,268] [pharmacy_proj.custom_middleware.py] [Time zone set to default]
[INFO] [2024-09-23 14:17:00,268] [pharmacy_app.views.py] [home_view is called]
[INFO] [2024-09-23 14:17:00,268] [pharmacy_app.views.py] [User is client or not authenticated]
[WARNING] [2024-09-23 14:17:00,271] [pharmacy_app.views.py] [There is no medications]
[WARNING] [2024-09-23 14:17:02,346] [pharmacy_proj.custom_middleware.py] [Time zone set to default]
[WARNING] [2024-09-23 14:17:08,855] [pharmacy_proj.custom_middleware.py] [Time zone set to default]
[INFO] [2024-09-23 14:17:08,855] [pharmacy_app.views.py] [login_view is called]
[WARNING] [2024-09-23 14:17:12,399] [pharmacy_proj.custom_middleware.py] [Time zone set to default]
[INFO] [2024-09-23 14:17:12,399] [pharmacy_app.views.py] [login_view is called]
[INFO] [2024-09-23 14:17:12,690] [pharmacy_app.views.py] [Form is valid]
[WARNING] [2024-09-23 14:17:13,013] [pharmacy_proj.custom_middleware.py] [Time zone set to default]
[INFO] [2024-09-23 14:17:13,013] [pharmacy_app.views.py] [home_view is called]
[INFO] [2024-09-23 14:19:45,103] [django.utils.autoreload.py] [Watching for file changes with StatReloader]
[INFO] [2024-09-23 14:20:07,389] [django.utils.autoreload.py] [Watching for file changes with StatReloader]
[WARNING] [2024-09-23 14:20:10,206] [pharmacy_proj.custom_middleware.py] [Time zone set to default]
[INFO] [2024-09-23 14:20:10,206] [pharmacy_app.views.py] [default_view is called]
[WARNING] [2024-09-23 14:20:10,244] [pharmacy_proj.custom_middleware.py] [Time zone set to default]
[INFO] [2024-09-23 14:20:10,244] [pharmacy_app.views.py] [home_view is called]
[WARNING] [2024-09-23 14:20:11,608] [pharmacy_proj.custom_middleware.py] [Time zone set to default]
[INFO] [2024-09-23 14:20:11,608] [pharmacy_app.views.py] [user_view is called]
[WARNING] [2024-09-23 14:20:11,634] [pharmacy_proj.custom_middleware.py] [Time zone set to default]
[WARNING] [2024-09-23 14:20:11,667] [pharmacy_proj.custom_middleware.py] [Time zone set to default]
[WARNING] [2024-09-23 14:20:16,738] [pharmacy_proj.custom_middleware.py] [Time zone set to default]
[WARNING] [2024-09-23 14:20:16,854] [pharmacy_proj.custom_middleware.py] [Time zone set to default]
[WARNING] [2024-09-23 14:20:19,575] [pharmacy_proj.custom_middleware.py] [Time zone set to default]
[WARNING] [2024-09-23 14:20:19,657] [pharmacy_proj.custom_middleware.py] [Time zone set to default]
[WARNING] [2024-09-23 14:20:32,072] [pharmacy_proj.custom_middleware.py] [Time zone set to default]
[WARNING] [2024-09-23 14:20:32,221] [pharmacy_proj.custom_middleware.py] [Time zone set to default]
[WARNING] [2024-09-23 14:20:32,303] [pharmacy_proj.custom_middleware.py] [Time zone set to default]
[WARNING] [2024-09-23 14:20:37,237] [pharmacy_proj.custom_middleware.py] [Time zone set to default]
[INFO] [2024-09-23 14:20:37,237] [pharmacy_app.views.py] [default_view is called]
[WARNING] [2024-09-23 14:20:37,253] [pharmacy_proj.custom_middleware.py] [Time zone set to default]
[INFO] [2024-09-23 14:20:37,253] [pharmacy_app.views.py] [home_view is called]
[WARNING] [2024-09-23 14:20:40,564] [pharmacy_proj.custom_middleware.py] [Time zone set to default]
[ERROR] [2024-09-23 14:20:40,618] [django.request.py] [Internal Server Error: /news/]
Traceback (most recent call last):
  File "C:\253501_LYAMTSEV_14\IGI\LR5\.venv\Lib\site-packages\django\core\handlers\exception.py", line 55, in inner
    response = get_response(request)
               ^^^^^^^^^^^^^^^^^^^^^
  File "C:\253501_LYAMTSEV_14\IGI\LR5\.venv\Lib\site-packages\django\core\handlers\base.py", line 197, in _get_response
    response = wrapped_callback(request, *callback_args, **callback_kwargs)
               ^^^^^^^^^^^^^^^^^^^^^^^^^^^^^^^^^^^^^^^^^^^^^^^^^^^^^^^^^^^^
  File "C:\253501_LYAMTSEV_14\IGI\lr5\pharmacy_proj\pharmacy_app\views.py", line 620, in news_view
    return render(request, 'news.html', {'news_list': news_list})
           ^^^^^^^^^^^^^^^^^^^^^^^^^^^^^^^^^^^^^^^^^^^^^^^^^^^^^^
  File "C:\253501_LYAMTSEV_14\IGI\LR5\.venv\Lib\site-packages\django\shortcuts.py", line 25, in render
    content = loader.render_to_string(template_name, context, request, using=using)
              ^^^^^^^^^^^^^^^^^^^^^^^^^^^^^^^^^^^^^^^^^^^^^^^^^^^^^^^^^^^^^^^^^^^^^
  File "C:\253501_LYAMTSEV_14\IGI\LR5\.venv\Lib\site-packages\django\template\loader.py", line 62, in render_to_string
    return template.render(context, request)
           ^^^^^^^^^^^^^^^^^^^^^^^^^^^^^^^^^
  File "C:\253501_LYAMTSEV_14\IGI\LR5\.venv\Lib\site-packages\django\template\backends\django.py", line 61, in render
    return self.template.render(context)
           ^^^^^^^^^^^^^^^^^^^^^^^^^^^^^
  File "C:\253501_LYAMTSEV_14\IGI\LR5\.venv\Lib\site-packages\django\template\base.py", line 171, in render
    return self._render(context)
           ^^^^^^^^^^^^^^^^^^^^^
  File "C:\253501_LYAMTSEV_14\IGI\LR5\.venv\Lib\site-packages\django\template\base.py", line 163, in _render
    return self.nodelist.render(context)
           ^^^^^^^^^^^^^^^^^^^^^^^^^^^^^
  File "C:\253501_LYAMTSEV_14\IGI\LR5\.venv\Lib\site-packages\django\template\base.py", line 1000, in render
    return SafeString("".join([node.render_annotated(context) for node in self]))
                              ^^^^^^^^^^^^^^^^^^^^^^^^^^^^^^^^^^^^^^^^^^^^^^^^^
  File "C:\253501_LYAMTSEV_14\IGI\LR5\.venv\Lib\site-packages\django\template\base.py", line 1000, in <listcomp>
    return SafeString("".join([node.render_annotated(context) for node in self]))
                               ^^^^^^^^^^^^^^^^^^^^^^^^^^^^^^
  File "C:\253501_LYAMTSEV_14\IGI\LR5\.venv\Lib\site-packages\django\template\base.py", line 961, in render_annotated
    return self.render(context)
           ^^^^^^^^^^^^^^^^^^^^
  File "C:\253501_LYAMTSEV_14\IGI\LR5\.venv\Lib\site-packages\django\template\loader_tags.py", line 159, in render
    return compiled_parent._render(context)
           ^^^^^^^^^^^^^^^^^^^^^^^^^^^^^^^^
  File "C:\253501_LYAMTSEV_14\IGI\LR5\.venv\Lib\site-packages\django\template\base.py", line 163, in _render
    return self.nodelist.render(context)
           ^^^^^^^^^^^^^^^^^^^^^^^^^^^^^
  File "C:\253501_LYAMTSEV_14\IGI\LR5\.venv\Lib\site-packages\django\template\base.py", line 1000, in render
    return SafeString("".join([node.render_annotated(context) for node in self]))
                              ^^^^^^^^^^^^^^^^^^^^^^^^^^^^^^^^^^^^^^^^^^^^^^^^^
  File "C:\253501_LYAMTSEV_14\IGI\LR5\.venv\Lib\site-packages\django\template\base.py", line 1000, in <listcomp>
    return SafeString("".join([node.render_annotated(context) for node in self]))
                               ^^^^^^^^^^^^^^^^^^^^^^^^^^^^^^
  File "C:\253501_LYAMTSEV_14\IGI\LR5\.venv\Lib\site-packages\django\template\base.py", line 961, in render_annotated
    return self.render(context)
           ^^^^^^^^^^^^^^^^^^^^
  File "C:\253501_LYAMTSEV_14\IGI\LR5\.venv\Lib\site-packages\django\template\loader_tags.py", line 65, in render
    result = block.nodelist.render(context)
             ^^^^^^^^^^^^^^^^^^^^^^^^^^^^^^
  File "C:\253501_LYAMTSEV_14\IGI\LR5\.venv\Lib\site-packages\django\template\base.py", line 1000, in render
    return SafeString("".join([node.render_annotated(context) for node in self]))
                              ^^^^^^^^^^^^^^^^^^^^^^^^^^^^^^^^^^^^^^^^^^^^^^^^^
  File "C:\253501_LYAMTSEV_14\IGI\LR5\.venv\Lib\site-packages\django\template\base.py", line 1000, in <listcomp>
    return SafeString("".join([node.render_annotated(context) for node in self]))
                               ^^^^^^^^^^^^^^^^^^^^^^^^^^^^^^
  File "C:\253501_LYAMTSEV_14\IGI\LR5\.venv\Lib\site-packages\django\template\base.py", line 961, in render_annotated
    return self.render(context)
           ^^^^^^^^^^^^^^^^^^^^
  File "C:\253501_LYAMTSEV_14\IGI\LR5\.venv\Lib\site-packages\django\template\defaulttags.py", line 326, in render
    return nodelist.render(context)
           ^^^^^^^^^^^^^^^^^^^^^^^^
  File "C:\253501_LYAMTSEV_14\IGI\LR5\.venv\Lib\site-packages\django\template\base.py", line 1000, in render
    return SafeString("".join([node.render_annotated(context) for node in self]))
                              ^^^^^^^^^^^^^^^^^^^^^^^^^^^^^^^^^^^^^^^^^^^^^^^^^
  File "C:\253501_LYAMTSEV_14\IGI\LR5\.venv\Lib\site-packages\django\template\base.py", line 1000, in <listcomp>
    return SafeString("".join([node.render_annotated(context) for node in self]))
                               ^^^^^^^^^^^^^^^^^^^^^^^^^^^^^^
  File "C:\253501_LYAMTSEV_14\IGI\LR5\.venv\Lib\site-packages\django\template\base.py", line 961, in render_annotated
    return self.render(context)
           ^^^^^^^^^^^^^^^^^^^^
  File "C:\253501_LYAMTSEV_14\IGI\LR5\.venv\Lib\site-packages\django\template\defaulttags.py", line 242, in render
    nodelist.append(node.render_annotated(context))
                    ^^^^^^^^^^^^^^^^^^^^^^^^^^^^^^
  File "C:\253501_LYAMTSEV_14\IGI\LR5\.venv\Lib\site-packages\django\template\base.py", line 961, in render_annotated
    return self.render(context)
           ^^^^^^^^^^^^^^^^^^^^
  File "C:\253501_LYAMTSEV_14\IGI\LR5\.venv\Lib\site-packages\django\template\defaulttags.py", line 479, in render
    url = reverse(view_name, args=args, kwargs=kwargs, current_app=current_app)
          ^^^^^^^^^^^^^^^^^^^^^^^^^^^^^^^^^^^^^^^^^^^^^^^^^^^^^^^^^^^^^^^^^^^^^
  File "C:\253501_LYAMTSEV_14\IGI\LR5\.venv\Lib\site-packages\django\urls\base.py", line 88, in reverse
    return resolver._reverse_with_prefix(view, prefix, *args, **kwargs)
           ^^^^^^^^^^^^^^^^^^^^^^^^^^^^^^^^^^^^^^^^^^^^^^^^^^^^^^^^^^^^
  File "C:\253501_LYAMTSEV_14\IGI\LR5\.venv\Lib\site-packages\django\urls\resolvers.py", line 851, in _reverse_with_prefix
    raise NoReverseMatch(msg)
django.urls.exceptions.NoReverseMatch: Reverse for 'news_details' not found. 'news_details' is not a valid view function or pattern name.
[INFO] [2024-09-23 14:20:56,194] [django.utils.autoreload.py] [C:\253501_LYAMTSEV_14\IGI\LR5\pharmacy_proj\pharmacy_app\urls.py changed, reloading.]
[INFO] [2024-09-23 14:20:56,939] [django.utils.autoreload.py] [Watching for file changes with StatReloader]
[INFO] [2024-09-23 14:21:54,941] [django.utils.autoreload.py] [Watching for file changes with StatReloader]
[WARNING] [2024-09-23 14:21:56,815] [pharmacy_proj.custom_middleware.py] [Time zone set to default]
[INFO] [2024-09-23 14:21:56,818] [pharmacy_app.views.py] [default_view is called]
[WARNING] [2024-09-23 14:21:56,841] [pharmacy_proj.custom_middleware.py] [Time zone set to default]
[INFO] [2024-09-23 14:21:56,841] [pharmacy_app.views.py] [home_view is called]
[WARNING] [2024-09-23 14:21:59,527] [pharmacy_proj.custom_middleware.py] [Time zone set to default]
[WARNING] [2024-09-23 14:21:59,601] [pharmacy_proj.custom_middleware.py] [Time zone set to default]
[WARNING] [2024-09-23 14:22:00,914] [pharmacy_proj.custom_middleware.py] [Time zone set to default]
[ERROR] [2024-09-23 14:22:00,936] [django.request.py] [Internal Server Error: /news/1/]
Traceback (most recent call last):
  File "C:\253501_LYAMTSEV_14\IGI\LR5\.venv\Lib\site-packages\django\core\handlers\exception.py", line 55, in inner
    response = get_response(request)
               ^^^^^^^^^^^^^^^^^^^^^
  File "C:\253501_LYAMTSEV_14\IGI\LR5\.venv\Lib\site-packages\django\core\handlers\base.py", line 197, in _get_response
    response = wrapped_callback(request, *callback_args, **callback_kwargs)
               ^^^^^^^^^^^^^^^^^^^^^^^^^^^^^^^^^^^^^^^^^^^^^^^^^^^^^^^^^^^^
TypeError: news_details_view() got an unexpected keyword argument 'id'
[INFO] [2024-09-23 14:22:30,380] [django.utils.autoreload.py] [C:\253501_LYAMTSEV_14\IGI\LR5\pharmacy_proj\pharmacy_app\views.py changed, reloading.]
[INFO] [2024-09-23 14:22:31,077] [django.utils.autoreload.py] [Watching for file changes with StatReloader]
[WARNING] [2024-09-23 14:22:33,891] [pharmacy_proj.custom_middleware.py] [Time zone set to default]
[ERROR] [2024-09-23 14:22:33,919] [django.request.py] [Internal Server Error: /news/1/]
Traceback (most recent call last):
  File "C:\253501_LYAMTSEV_14\IGI\LR5\.venv\Lib\site-packages\django\core\handlers\exception.py", line 55, in inner
    response = get_response(request)
               ^^^^^^^^^^^^^^^^^^^^^
  File "C:\253501_LYAMTSEV_14\IGI\LR5\.venv\Lib\site-packages\django\core\handlers\base.py", line 197, in _get_response
    response = wrapped_callback(request, *callback_args, **callback_kwargs)
               ^^^^^^^^^^^^^^^^^^^^^^^^^^^^^^^^^^^^^^^^^^^^^^^^^^^^^^^^^^^^
  File "C:\253501_LYAMTSEV_14\IGI\lr5\pharmacy_proj\pharmacy_app\views.py", line 624, in news_details_view
    return render(request, 'news_detail.html', {'news': news})
           ^^^^^^^^^^^^^^^^^^^^^^^^^^^^^^^^^^^^^^^^^^^^^^^^^^^
  File "C:\253501_LYAMTSEV_14\IGI\LR5\.venv\Lib\site-packages\django\shortcuts.py", line 25, in render
    content = loader.render_to_string(template_name, context, request, using=using)
              ^^^^^^^^^^^^^^^^^^^^^^^^^^^^^^^^^^^^^^^^^^^^^^^^^^^^^^^^^^^^^^^^^^^^^
  File "C:\253501_LYAMTSEV_14\IGI\LR5\.venv\Lib\site-packages\django\template\loader.py", line 61, in render_to_string
    template = get_template(template_name, using=using)
               ^^^^^^^^^^^^^^^^^^^^^^^^^^^^^^^^^^^^^^^^
  File "C:\253501_LYAMTSEV_14\IGI\LR5\.venv\Lib\site-packages\django\template\loader.py", line 19, in get_template
    raise TemplateDoesNotExist(template_name, chain=chain)
django.template.exceptions.TemplateDoesNotExist: news_detail.html
[WARNING] [2024-09-23 14:22:40,930] [pharmacy_proj.custom_middleware.py] [Time zone set to default]
[ERROR] [2024-09-23 14:22:40,956] [django.request.py] [Internal Server Error: /news/1/]
Traceback (most recent call last):
  File "C:\253501_LYAMTSEV_14\IGI\LR5\.venv\Lib\site-packages\django\core\handlers\exception.py", line 55, in inner
    response = get_response(request)
               ^^^^^^^^^^^^^^^^^^^^^
  File "C:\253501_LYAMTSEV_14\IGI\LR5\.venv\Lib\site-packages\django\core\handlers\base.py", line 197, in _get_response
    response = wrapped_callback(request, *callback_args, **callback_kwargs)
               ^^^^^^^^^^^^^^^^^^^^^^^^^^^^^^^^^^^^^^^^^^^^^^^^^^^^^^^^^^^^
  File "C:\253501_LYAMTSEV_14\IGI\lr5\pharmacy_proj\pharmacy_app\views.py", line 624, in news_details_view
    return render(request, 'news_detail.html', {'news': news})
           ^^^^^^^^^^^^^^^^^^^^^^^^^^^^^^^^^^^^^^^^^^^^^^^^^^^
  File "C:\253501_LYAMTSEV_14\IGI\LR5\.venv\Lib\site-packages\django\shortcuts.py", line 25, in render
    content = loader.render_to_string(template_name, context, request, using=using)
              ^^^^^^^^^^^^^^^^^^^^^^^^^^^^^^^^^^^^^^^^^^^^^^^^^^^^^^^^^^^^^^^^^^^^^
  File "C:\253501_LYAMTSEV_14\IGI\LR5\.venv\Lib\site-packages\django\template\loader.py", line 61, in render_to_string
    template = get_template(template_name, using=using)
               ^^^^^^^^^^^^^^^^^^^^^^^^^^^^^^^^^^^^^^^^
  File "C:\253501_LYAMTSEV_14\IGI\LR5\.venv\Lib\site-packages\django\template\loader.py", line 19, in get_template
    raise TemplateDoesNotExist(template_name, chain=chain)
django.template.exceptions.TemplateDoesNotExist: news_detail.html
[WARNING] [2024-09-23 14:22:43,905] [pharmacy_proj.custom_middleware.py] [Time zone set to default]
[ERROR] [2024-09-23 14:22:43,926] [django.request.py] [Internal Server Error: /news/1/]
Traceback (most recent call last):
  File "C:\253501_LYAMTSEV_14\IGI\LR5\.venv\Lib\site-packages\django\core\handlers\exception.py", line 55, in inner
    response = get_response(request)
               ^^^^^^^^^^^^^^^^^^^^^
  File "C:\253501_LYAMTSEV_14\IGI\LR5\.venv\Lib\site-packages\django\core\handlers\base.py", line 197, in _get_response
    response = wrapped_callback(request, *callback_args, **callback_kwargs)
               ^^^^^^^^^^^^^^^^^^^^^^^^^^^^^^^^^^^^^^^^^^^^^^^^^^^^^^^^^^^^
  File "C:\253501_LYAMTSEV_14\IGI\lr5\pharmacy_proj\pharmacy_app\views.py", line 624, in news_details_view
    return render(request, 'news_detail.html', {'news': news})
           ^^^^^^^^^^^^^^^^^^^^^^^^^^^^^^^^^^^^^^^^^^^^^^^^^^^
  File "C:\253501_LYAMTSEV_14\IGI\LR5\.venv\Lib\site-packages\django\shortcuts.py", line 25, in render
    content = loader.render_to_string(template_name, context, request, using=using)
              ^^^^^^^^^^^^^^^^^^^^^^^^^^^^^^^^^^^^^^^^^^^^^^^^^^^^^^^^^^^^^^^^^^^^^
  File "C:\253501_LYAMTSEV_14\IGI\LR5\.venv\Lib\site-packages\django\template\loader.py", line 61, in render_to_string
    template = get_template(template_name, using=using)
               ^^^^^^^^^^^^^^^^^^^^^^^^^^^^^^^^^^^^^^^^
  File "C:\253501_LYAMTSEV_14\IGI\LR5\.venv\Lib\site-packages\django\template\loader.py", line 19, in get_template
    raise TemplateDoesNotExist(template_name, chain=chain)
django.template.exceptions.TemplateDoesNotExist: news_detail.html
[INFO] [2024-09-23 14:23:02,385] [django.utils.autoreload.py] [C:\253501_LYAMTSEV_14\IGI\LR5\pharmacy_proj\pharmacy_app\views.py changed, reloading.]
[INFO] [2024-09-23 14:23:03,029] [django.utils.autoreload.py] [Watching for file changes with StatReloader]
[INFO] [2024-09-23 14:23:05,563] [django.utils.autoreload.py] [C:\253501_LYAMTSEV_14\IGI\LR5\pharmacy_proj\pharmacy_app\views.py changed, reloading.]
[INFO] [2024-09-23 14:23:06,311] [django.utils.autoreload.py] [Watching for file changes with StatReloader]
[WARNING] [2024-09-23 14:23:08,966] [pharmacy_proj.custom_middleware.py] [Time zone set to default]
[WARNING] [2024-09-23 14:23:09,045] [pharmacy_proj.custom_middleware.py] [Time zone set to default]
[WARNING] [2024-09-23 14:23:11,701] [pharmacy_proj.custom_middleware.py] [Time zone set to default]
[WARNING] [2024-09-23 14:23:13,286] [pharmacy_proj.custom_middleware.py] [Time zone set to default]
[INFO] [2024-09-23 14:24:55,403] [django.utils.autoreload.py] [C:\253501_LYAMTSEV_14\IGI\LR5\pharmacy_proj\pharmacy_app\admin.py changed, reloading.]
[INFO] [2024-09-23 14:24:56,132] [django.utils.autoreload.py] [Watching for file changes with StatReloader]
[INFO] [2024-09-23 14:30:32,971] [django.utils.autoreload.py] [Watching for file changes with StatReloader]
[WARNING] [2024-09-23 14:30:35,832] [pharmacy_proj.custom_middleware.py] [Time zone set to default]
[INFO] [2024-09-23 14:30:35,832] [pharmacy_app.views.py] [default_view is called]
[WARNING] [2024-09-23 14:30:35,859] [pharmacy_proj.custom_middleware.py] [Time zone set to default]
[INFO] [2024-09-23 14:30:35,860] [pharmacy_app.views.py] [home_view is called]
[WARNING] [2024-09-23 14:30:39,155] [pharmacy_proj.custom_middleware.py] [Time zone set to default]
[WARNING] [2024-09-23 14:30:39,227] [pharmacy_proj.custom_middleware.py] [Time zone set to default]
[WARNING] [2024-09-23 14:31:05,711] [pharmacy_proj.custom_middleware.py] [Time zone set to default]
[WARNING] [2024-09-23 14:31:15,905] [pharmacy_proj.custom_middleware.py] [Time zone set to default]
[INFO] [2024-09-23 14:31:15,905] [pharmacy_app.views.py] [home_view is called]
[WARNING] [2024-09-23 14:31:18,110] [pharmacy_proj.custom_middleware.py] [Time zone set to default]
[INFO] [2024-09-23 14:31:18,110] [pharmacy_app.views.py] [logout_view is called]
[WARNING] [2024-09-23 14:31:18,131] [pharmacy_proj.custom_middleware.py] [Time zone set to default]
[INFO] [2024-09-23 14:31:18,131] [pharmacy_app.views.py] [login_view is called]
[WARNING] [2024-09-23 14:31:19,624] [pharmacy_proj.custom_middleware.py] [Time zone set to default]
[INFO] [2024-09-23 14:31:19,624] [pharmacy_app.views.py] [home_view is called]
[INFO] [2024-09-23 14:31:19,624] [pharmacy_app.views.py] [User is client or not authenticated]
[INFO] [2024-09-23 17:04:34,826] [django.utils.autoreload.py] [Watching for file changes with StatReloader]
[WARNING] [2024-09-23 17:04:38,312] [pharmacy_proj.custom_middleware.py] [Time zone set to default]
[INFO] [2024-09-23 17:04:38,312] [pharmacy_app.views.py] [default_view is called]
[WARNING] [2024-09-23 17:04:38,332] [pharmacy_proj.custom_middleware.py] [Time zone set to default]
[INFO] [2024-09-23 17:04:38,333] [pharmacy_app.views.py] [home_view is called]
[INFO] [2024-09-23 17:04:38,333] [pharmacy_app.views.py] [User is client or not authenticated]
[WARNING] [2024-09-23 17:04:38,424] [pharmacy_proj.custom_middleware.py] [Time zone set to default]
[WARNING] [2024-09-23 17:04:38,697] [pharmacy_proj.custom_middleware.py] [Time zone set to default]
[WARNING] [2024-09-23 17:04:38,709] [django.request.py] [Not Found: /favicon.ico]
[WARNING] [2024-09-23 17:04:41,292] [pharmacy_proj.custom_middleware.py] [Time zone set to default]
[WARNING] [2024-09-23 17:04:41,301] [pharmacy_proj.custom_middleware.py] [Time zone set to default]
[INFO] [2024-09-23 17:04:41,302] [pharmacy_app.views.py] [login_view is called]
[WARNING] [2024-09-23 17:04:48,402] [pharmacy_proj.custom_middleware.py] [Time zone set to default]
[INFO] [2024-09-23 17:04:48,403] [pharmacy_app.views.py] [login_view is called]
[INFO] [2024-09-23 17:04:48,713] [pharmacy_app.views.py] [Form is valid]
[WARNING] [2024-09-23 17:04:49,047] [pharmacy_proj.custom_middleware.py] [Time zone set to default]
[INFO] [2024-09-23 17:04:49,048] [pharmacy_app.views.py] [home_view is called]
[WARNING] [2024-09-23 17:04:50,773] [pharmacy_proj.custom_middleware.py] [Time zone set to default]
[INFO] [2024-09-23 17:04:50,774] [pharmacy_app.views.py] [shop_view is called]
[INFO] [2024-09-23 17:04:50,774] [pharmacy_app.views.py] [Form is valid]
[WARNING] [2024-09-23 17:04:56,504] [pharmacy_proj.custom_middleware.py] [Time zone set to default]
[INFO] [2024-09-23 17:04:56,505] [pharmacy_app.views.py] [user_view is called]
[WARNING] [2024-09-23 17:04:56,521] [pharmacy_proj.custom_middleware.py] [Time zone set to default]
[WARNING] [2024-09-23 17:04:56,547] [pharmacy_proj.custom_middleware.py] [Time zone set to default]
[WARNING] [2024-09-23 17:04:58,489] [pharmacy_proj.custom_middleware.py] [Time zone set to default]
[WARNING] [2024-09-23 17:04:58,575] [pharmacy_proj.custom_middleware.py] [Time zone set to default]
[WARNING] [2024-09-23 17:05:00,682] [pharmacy_proj.custom_middleware.py] [Time zone set to default]
[WARNING] [2024-09-23 17:05:00,766] [pharmacy_proj.custom_middleware.py] [Time zone set to default]
[WARNING] [2024-09-23 17:05:09,350] [pharmacy_proj.custom_middleware.py] [Time zone set to default]
[WARNING] [2024-09-23 17:05:09,398] [pharmacy_proj.custom_middleware.py] [Time zone set to default]
[WARNING] [2024-09-23 17:05:11,681] [pharmacy_proj.custom_middleware.py] [Time zone set to default]
[WARNING] [2024-09-23 17:05:15,181] [pharmacy_proj.custom_middleware.py] [Time zone set to default]
[WARNING] [2024-09-23 17:05:15,283] [pharmacy_proj.custom_middleware.py] [Time zone set to default]
[WARNING] [2024-09-23 17:05:26,382] [pharmacy_proj.custom_middleware.py] [Time zone set to default]
[WARNING] [2024-09-23 17:05:28,521] [pharmacy_proj.custom_middleware.py] [Time zone set to default]
[WARNING] [2024-09-23 17:05:28,625] [pharmacy_proj.custom_middleware.py] [Time zone set to default]
[WARNING] [2024-09-23 17:05:28,699] [pharmacy_proj.custom_middleware.py] [Time zone set to default]
[WARNING] [2024-09-23 17:05:32,915] [pharmacy_proj.custom_middleware.py] [Time zone set to default]
[INFO] [2024-09-23 17:05:32,916] [pharmacy_app.views.py] [default_view is called]
[WARNING] [2024-09-23 17:05:32,934] [pharmacy_proj.custom_middleware.py] [Time zone set to default]
[INFO] [2024-09-23 17:05:32,934] [pharmacy_app.views.py] [home_view is called]
[WARNING] [2024-09-23 17:05:33,816] [pharmacy_proj.custom_middleware.py] [Time zone set to default]
[WARNING] [2024-09-23 17:05:35,325] [pharmacy_proj.custom_middleware.py] [Time zone set to default]
[INFO] [2024-09-23 17:05:35,326] [pharmacy_app.views.py] [shop_view is called]
[INFO] [2024-09-23 17:05:35,326] [pharmacy_app.views.py] [Form is valid]
[WARNING] [2024-09-23 17:05:35,391] [pharmacy_proj.custom_middleware.py] [Time zone set to default]
[INFO] [2024-09-23 17:11:16,336] [django.utils.autoreload.py] [C:\253501_LYAMTSEV_14\IGI\LR5\pharmacy_proj\pharmacy_app\views.py changed, reloading.]
[INFO] [2024-09-23 17:11:18,304] [django.utils.autoreload.py] [Watching for file changes with StatReloader]
[INFO] [2024-09-23 17:11:52,703] [django.utils.autoreload.py] [Watching for file changes with StatReloader]
[WARNING] [2024-09-23 17:11:55,597] [pharmacy_proj.custom_middleware.py] [Time zone set to default]
[INFO] [2024-09-23 17:11:55,597] [pharmacy_app.views.py] [default_view is called]
[WARNING] [2024-09-23 17:11:55,631] [pharmacy_proj.custom_middleware.py] [Time zone set to default]
[INFO] [2024-09-23 17:11:55,631] [pharmacy_app.views.py] [home_view is called]
[WARNING] [2024-09-23 17:11:56,076] [pharmacy_proj.custom_middleware.py] [Time zone set to default]
[WARNING] [2024-09-23 17:11:58,732] [pharmacy_proj.custom_middleware.py] [Time zone set to default]
[INFO] [2024-09-23 17:11:58,732] [pharmacy_app.views.py] [shop_view is called]
[INFO] [2024-09-23 17:11:58,732] [pharmacy_app.views.py] [Form is valid]
[WARNING] [2024-09-23 17:11:58,827] [pharmacy_proj.custom_middleware.py] [Time zone set to default]
[WARNING] [2024-09-23 17:12:00,311] [pharmacy_proj.custom_middleware.py] [Time zone set to default]
[WARNING] [2024-09-23 17:12:13,206] [pharmacy_proj.custom_middleware.py] [Time zone set to default]
[WARNING] [2024-09-23 17:12:13,210] [pharmacy_app.views.py] [Form has invalid data]
[WARNING] [2024-09-23 17:12:23,115] [pharmacy_proj.custom_middleware.py] [Time zone set to default]
[WARNING] [2024-09-23 17:12:23,118] [pharmacy_app.views.py] [Form has invalid data]
[WARNING] [2024-09-23 17:12:27,701] [pharmacy_proj.custom_middleware.py] [Time zone set to default]
[WARNING] [2024-09-23 17:12:27,704] [pharmacy_app.views.py] [Form has invalid data]
[WARNING] [2024-09-23 17:12:33,755] [pharmacy_proj.custom_middleware.py] [Time zone set to default]
[INFO] [2024-09-23 17:12:33,755] [pharmacy_app.views.py] [shop_view is called]
[INFO] [2024-09-23 17:12:33,755] [pharmacy_app.views.py] [Form is valid]
[WARNING] [2024-09-23 17:12:35,358] [pharmacy_proj.custom_middleware.py] [Time zone set to default]
[WARNING] [2024-09-23 17:12:45,807] [pharmacy_proj.custom_middleware.py] [Time zone set to default]
[WARNING] [2024-09-23 17:12:45,807] [pharmacy_app.views.py] [Form has invalid data]
[WARNING] [2024-09-23 17:12:50,557] [pharmacy_proj.custom_middleware.py] [Time zone set to default]
[WARNING] [2024-09-23 17:12:50,568] [pharmacy_app.views.py] [Form has invalid data]
[WARNING] [2024-09-23 17:13:07,155] [pharmacy_proj.custom_middleware.py] [Time zone set to default]
[WARNING] [2024-09-23 17:13:07,166] [pharmacy_app.views.py] [Form has invalid data]
[WARNING] [2024-09-23 17:13:11,976] [pharmacy_proj.custom_middleware.py] [Time zone set to default]
[WARNING] [2024-09-23 17:13:14,008] [pharmacy_proj.custom_middleware.py] [Time zone set to default]
[WARNING] [2024-09-23 17:13:19,451] [pharmacy_proj.custom_middleware.py] [Time zone set to default]
[WARNING] [2024-09-23 17:13:19,481] [pharmacy_proj.custom_middleware.py] [Time zone set to default]
[INFO] [2024-09-23 17:13:19,482] [pharmacy_app.views.py] [shop_view is called]
[INFO] [2024-09-23 17:13:19,482] [pharmacy_app.views.py] [Form is valid]
[WARNING] [2024-09-23 17:13:19,550] [pharmacy_proj.custom_middleware.py] [Time zone set to default]
[WARNING] [2024-09-23 17:13:21,132] [pharmacy_proj.custom_middleware.py] [Time zone set to default]
[INFO] [2024-09-23 17:13:21,132] [pharmacy_app.views.py] [shop_view is called]
[INFO] [2024-09-23 17:13:21,132] [pharmacy_app.views.py] [Form is valid]
[WARNING] [2024-09-23 17:15:53,151] [pharmacy_proj.custom_middleware.py] [Time zone set to default]
[INFO] [2024-09-23 17:15:53,151] [pharmacy_app.views.py] [shop_view is called]
[INFO] [2024-09-23 17:15:53,151] [pharmacy_app.views.py] [Form is valid]
[WARNING] [2024-09-23 17:15:53,230] [pharmacy_proj.custom_middleware.py] [Time zone set to default]
[WARNING] [2024-09-23 17:15:53,280] [pharmacy_proj.custom_middleware.py] [Time zone set to default]
[WARNING] [2024-09-23 17:15:53,294] [django.request.py] [Not Found: /favicon.ico]
[WARNING] [2024-09-23 17:15:54,222] [pharmacy_proj.custom_middleware.py] [Time zone set to default]
[WARNING] [2024-09-23 17:15:54,944] [pharmacy_proj.custom_middleware.py] [Time zone set to default]
[WARNING] [2024-09-23 17:15:55,037] [pharmacy_proj.custom_middleware.py] [Time zone set to default]
[WARNING] [2024-09-23 17:15:55,045] [django.request.py] [Not Found: /favicon.ico]
[WARNING] [2024-09-23 17:16:13,290] [pharmacy_proj.custom_middleware.py] [Time zone set to default]
[WARNING] [2024-09-23 17:16:13,306] [pharmacy_app.views.py] [Form has invalid data]
[WARNING] [2024-09-23 17:16:21,035] [pharmacy_proj.custom_middleware.py] [Time zone set to default]
[WARNING] [2024-09-23 17:16:21,045] [pharmacy_app.views.py] [Form has invalid data]
[INFO] [2024-09-23 17:17:17,863] [django.utils.autoreload.py] [C:\253501_LYAMTSEV_14\IGI\LR5\pharmacy_proj\pharmacy_app\views.py changed, reloading.]
[INFO] [2024-09-23 17:17:19,768] [django.utils.autoreload.py] [Watching for file changes with StatReloader]
[WARNING] [2024-09-23 17:17:25,348] [pharmacy_proj.custom_middleware.py] [Time zone set to default]
[INFO] [2024-09-23 17:17:25,348] [pharmacy_app.views.py] [default_view is called]
[WARNING] [2024-09-23 17:17:25,376] [pharmacy_proj.custom_middleware.py] [Time zone set to default]
[INFO] [2024-09-23 17:17:25,376] [pharmacy_app.views.py] [home_view is called]
[WARNING] [2024-09-23 17:17:25,833] [pharmacy_proj.custom_middleware.py] [Time zone set to default]
[WARNING] [2024-09-23 17:17:28,464] [pharmacy_proj.custom_middleware.py] [Time zone set to default]
[INFO] [2024-09-23 17:17:28,464] [pharmacy_app.views.py] [shop_view is called]
[INFO] [2024-09-23 17:17:28,470] [pharmacy_app.views.py] [Form is valid]
[WARNING] [2024-09-23 17:17:28,558] [pharmacy_proj.custom_middleware.py] [Time zone set to default]
[WARNING] [2024-09-23 17:17:30,150] [pharmacy_proj.custom_middleware.py] [Time zone set to default]
[WARNING] [2024-09-23 17:17:39,799] [pharmacy_proj.custom_middleware.py] [Time zone set to default]
[WARNING] [2024-09-23 17:17:39,875] [pharmacy_proj.custom_middleware.py] [Time zone set to default]
[INFO] [2024-09-23 17:17:39,875] [pharmacy_app.views.py] [shop_view is called]
[INFO] [2024-09-23 17:17:39,876] [pharmacy_app.views.py] [Form is valid]
[WARNING] [2024-09-23 17:17:39,940] [pharmacy_proj.custom_middleware.py] [Time zone set to default]
[WARNING] [2024-09-23 17:18:00,028] [pharmacy_proj.custom_middleware.py] [Time zone set to default]
[INFO] [2024-09-23 17:18:00,028] [pharmacy_app.views.py] [vacancies_view is called]
[INFO] [2024-09-23 17:18:58,882] [django.utils.autoreload.py] [C:\253501_LYAMTSEV_14\IGI\LR5\pharmacy_proj\pharmacy_app\forms.py changed, reloading.]
[INFO] [2024-09-23 17:19:00,804] [django.utils.autoreload.py] [Watching for file changes with StatReloader]
[INFO] [2024-09-23 18:08:11,734] [django.utils.autoreload.py] [Watching for file changes with StatReloader]
[WARNING] [2024-09-23 18:08:14,928] [pharmacy_proj.custom_middleware.py] [Time zone set to default]
[INFO] [2024-09-23 18:08:14,928] [pharmacy_app.views.py] [default_view is called]
[WARNING] [2024-09-23 18:08:14,960] [pharmacy_proj.custom_middleware.py] [Time zone set to default]
[INFO] [2024-09-23 18:08:14,960] [pharmacy_app.views.py] [home_view is called]
[WARNING] [2024-09-23 18:08:15,404] [pharmacy_proj.custom_middleware.py] [Time zone set to default]
[WARNING] [2024-09-23 18:08:24,252] [pharmacy_proj.custom_middleware.py] [Time zone set to default]
[WARNING] [2024-09-23 18:08:24,264] [django.request.py] [Not Found: /categories//]
[WARNING] [2024-09-23 18:08:40,295] [pharmacy_proj.custom_middleware.py] [Time zone set to default]
[WARNING] [2024-09-23 18:08:44,191] [pharmacy_proj.custom_middleware.py] [Time zone set to default]
[ERROR] [2024-09-23 18:08:44,226] [django.request.py] [Internal Server Error: /categories/delete/1]
Traceback (most recent call last):
  File "C:\253501_LYAMTSEV_14\IGI\LR5\.venv\Lib\site-packages\django\core\handlers\exception.py", line 55, in inner
    response = get_response(request)
               ^^^^^^^^^^^^^^^^^^^^^
  File "C:\253501_LYAMTSEV_14\IGI\LR5\.venv\Lib\site-packages\django\core\handlers\base.py", line 197, in _get_response
    response = wrapped_callback(request, *callback_args, **callback_kwargs)
               ^^^^^^^^^^^^^^^^^^^^^^^^^^^^^^^^^^^^^^^^^^^^^^^^^^^^^^^^^^^^
  File "C:\253501_LYAMTSEV_14\IGI\LR5\.venv\Lib\site-packages\django\contrib\auth\decorators.py", line 23, in _wrapper_view
    return view_func(request, *args, **kwargs)
           ^^^^^^^^^^^^^^^^^^^^^^^^^^^^^^^^^^^
  File "C:\253501_LYAMTSEV_14\IGI\LR5\.venv\Lib\site-packages\django\contrib\auth\decorators.py", line 23, in _wrapper_view
    return view_func(request, *args, **kwargs)
           ^^^^^^^^^^^^^^^^^^^^^^^^^^^^^^^^^^^
  File "C:\253501_LYAMTSEV_14\IGI\LR5\pharmacy_proj\pharmacy_app\views.py", line 704, in medication_category_delete_view
    return redirect('medication_category_list')
           ^^^^^^^^^^^^^^^^^^^^^^^^^^^^^^^^^^^^
  File "C:\253501_LYAMTSEV_14\IGI\LR5\.venv\Lib\site-packages\django\shortcuts.py", line 49, in redirect
    return redirect_class(resolve_url(to, *args, **kwargs))
                          ^^^^^^^^^^^^^^^^^^^^^^^^^^^^^^^^
  File "C:\253501_LYAMTSEV_14\IGI\LR5\.venv\Lib\site-packages\django\shortcuts.py", line 180, in resolve_url
    return reverse(to, args=args, kwargs=kwargs)
           ^^^^^^^^^^^^^^^^^^^^^^^^^^^^^^^^^^^^^
  File "C:\253501_LYAMTSEV_14\IGI\LR5\.venv\Lib\site-packages\django\urls\base.py", line 88, in reverse
    return resolver._reverse_with_prefix(view, prefix, *args, **kwargs)
           ^^^^^^^^^^^^^^^^^^^^^^^^^^^^^^^^^^^^^^^^^^^^^^^^^^^^^^^^^^^^
  File "C:\253501_LYAMTSEV_14\IGI\LR5\.venv\Lib\site-packages\django\urls\resolvers.py", line 851, in _reverse_with_prefix
    raise NoReverseMatch(msg)
django.urls.exceptions.NoReverseMatch: Reverse for 'medication_category_list' not found. 'medication_category_list' is not a valid view function or pattern name.
[INFO] [2024-09-23 18:09:31,376] [django.utils.autoreload.py] [C:\253501_LYAMTSEV_14\IGI\LR5\pharmacy_proj\pharmacy_app\views.py changed, reloading.]
[INFO] [2024-09-23 18:09:33,288] [django.utils.autoreload.py] [Watching for file changes with StatReloader]
[WARNING] [2024-09-23 18:09:35,870] [pharmacy_proj.custom_middleware.py] [Time zone set to default]
[WARNING] [2024-09-23 18:09:39,740] [pharmacy_proj.custom_middleware.py] [Time zone set to default]
[ERROR] [2024-09-23 18:09:39,770] [django.request.py] [Internal Server Error: /categories/create/]
Traceback (most recent call last):
  File "C:\253501_LYAMTSEV_14\IGI\LR5\.venv\Lib\site-packages\django\core\handlers\exception.py", line 55, in inner
    response = get_response(request)
               ^^^^^^^^^^^^^^^^^^^^^
  File "C:\253501_LYAMTSEV_14\IGI\LR5\.venv\Lib\site-packages\django\core\handlers\base.py", line 197, in _get_response
    response = wrapped_callback(request, *callback_args, **callback_kwargs)
               ^^^^^^^^^^^^^^^^^^^^^^^^^^^^^^^^^^^^^^^^^^^^^^^^^^^^^^^^^^^^
  File "C:\253501_LYAMTSEV_14\IGI\LR5\.venv\Lib\site-packages\django\contrib\auth\decorators.py", line 23, in _wrapper_view
    return view_func(request, *args, **kwargs)
           ^^^^^^^^^^^^^^^^^^^^^^^^^^^^^^^^^^^
  File "C:\253501_LYAMTSEV_14\IGI\LR5\.venv\Lib\site-packages\django\contrib\auth\decorators.py", line 23, in _wrapper_view
    return view_func(request, *args, **kwargs)
           ^^^^^^^^^^^^^^^^^^^^^^^^^^^^^^^^^^^
  File "C:\253501_LYAMTSEV_14\IGI\LR5\pharmacy_proj\pharmacy_app\views.py", line 679, in medication_category_create_view
    return redirect('medication_category_list')
           ^^^^^^^^^^^^^^^^^^^^^^^^^^^^^^^^^^^^
  File "C:\253501_LYAMTSEV_14\IGI\LR5\.venv\Lib\site-packages\django\shortcuts.py", line 49, in redirect
    return redirect_class(resolve_url(to, *args, **kwargs))
                          ^^^^^^^^^^^^^^^^^^^^^^^^^^^^^^^^
  File "C:\253501_LYAMTSEV_14\IGI\LR5\.venv\Lib\site-packages\django\shortcuts.py", line 180, in resolve_url
    return reverse(to, args=args, kwargs=kwargs)
           ^^^^^^^^^^^^^^^^^^^^^^^^^^^^^^^^^^^^^
  File "C:\253501_LYAMTSEV_14\IGI\LR5\.venv\Lib\site-packages\django\urls\base.py", line 88, in reverse
    return resolver._reverse_with_prefix(view, prefix, *args, **kwargs)
           ^^^^^^^^^^^^^^^^^^^^^^^^^^^^^^^^^^^^^^^^^^^^^^^^^^^^^^^^^^^^
  File "C:\253501_LYAMTSEV_14\IGI\LR5\.venv\Lib\site-packages\django\urls\resolvers.py", line 851, in _reverse_with_prefix
    raise NoReverseMatch(msg)
django.urls.exceptions.NoReverseMatch: Reverse for 'medication_category_list' not found. 'medication_category_list' is not a valid view function or pattern name.
[INFO] [2024-09-23 18:10:31,366] [django.utils.autoreload.py] [C:\253501_LYAMTSEV_14\IGI\LR5\pharmacy_proj\pharmacy_app\urls.py changed, reloading.]
[INFO] [2024-09-23 18:10:32,110] [django.utils.autoreload.py] [Watching for file changes with StatReloader]
[WARNING] [2024-09-23 18:10:39,136] [pharmacy_proj.custom_middleware.py] [Time zone set to default]
[ERROR] [2024-09-23 18:10:39,188] [django.request.py] [Internal Server Error: /categories/create/]
Traceback (most recent call last):
  File "C:\253501_LYAMTSEV_14\IGI\LR5\.venv\Lib\site-packages\django\core\handlers\exception.py", line 55, in inner
    response = get_response(request)
               ^^^^^^^^^^^^^^^^^^^^^
  File "C:\253501_LYAMTSEV_14\IGI\LR5\.venv\Lib\site-packages\django\core\handlers\base.py", line 197, in _get_response
    response = wrapped_callback(request, *callback_args, **callback_kwargs)
               ^^^^^^^^^^^^^^^^^^^^^^^^^^^^^^^^^^^^^^^^^^^^^^^^^^^^^^^^^^^^
  File "C:\253501_LYAMTSEV_14\IGI\LR5\.venv\Lib\site-packages\django\contrib\auth\decorators.py", line 23, in _wrapper_view
    return view_func(request, *args, **kwargs)
           ^^^^^^^^^^^^^^^^^^^^^^^^^^^^^^^^^^^
  File "C:\253501_LYAMTSEV_14\IGI\LR5\.venv\Lib\site-packages\django\contrib\auth\decorators.py", line 23, in _wrapper_view
    return view_func(request, *args, **kwargs)
           ^^^^^^^^^^^^^^^^^^^^^^^^^^^^^^^^^^^
  File "C:\253501_LYAMTSEV_14\IGI\LR5\pharmacy_proj\pharmacy_app\views.py", line 679, in medication_category_create_view
    return redirect('medication_category_list')
           ^^^^^^^^^^^^^^^^^^^^^^^^^^^^^^^^^^^^
  File "C:\253501_LYAMTSEV_14\IGI\LR5\.venv\Lib\site-packages\django\shortcuts.py", line 49, in redirect
    return redirect_class(resolve_url(to, *args, **kwargs))
                          ^^^^^^^^^^^^^^^^^^^^^^^^^^^^^^^^
  File "C:\253501_LYAMTSEV_14\IGI\LR5\.venv\Lib\site-packages\django\shortcuts.py", line 180, in resolve_url
    return reverse(to, args=args, kwargs=kwargs)
           ^^^^^^^^^^^^^^^^^^^^^^^^^^^^^^^^^^^^^
  File "C:\253501_LYAMTSEV_14\IGI\LR5\.venv\Lib\site-packages\django\urls\base.py", line 88, in reverse
    return resolver._reverse_with_prefix(view, prefix, *args, **kwargs)
           ^^^^^^^^^^^^^^^^^^^^^^^^^^^^^^^^^^^^^^^^^^^^^^^^^^^^^^^^^^^^
  File "C:\253501_LYAMTSEV_14\IGI\LR5\.venv\Lib\site-packages\django\urls\resolvers.py", line 851, in _reverse_with_prefix
    raise NoReverseMatch(msg)
django.urls.exceptions.NoReverseMatch: Reverse for 'medication_category_list' not found. 'medication_category_list' is not a valid view function or pattern name.
[WARNING] [2024-09-23 18:11:01,203] [pharmacy_proj.custom_middleware.py] [Time zone set to default]
[WARNING] [2024-09-23 18:11:14,311] [pharmacy_proj.custom_middleware.py] [Time zone set to default]
[WARNING] [2024-09-23 18:11:20,700] [pharmacy_proj.custom_middleware.py] [Time zone set to default]
[WARNING] [2024-09-23 18:11:22,180] [pharmacy_proj.custom_middleware.py] [Time zone set to default]
[ERROR] [2024-09-23 18:11:22,204] [django.request.py] [Internal Server Error: /departments/create/]
Traceback (most recent call last):
  File "C:\253501_LYAMTSEV_14\IGI\LR5\.venv\Lib\site-packages\django\core\handlers\exception.py", line 55, in inner
    response = get_response(request)
               ^^^^^^^^^^^^^^^^^^^^^
  File "C:\253501_LYAMTSEV_14\IGI\LR5\.venv\Lib\site-packages\django\core\handlers\base.py", line 197, in _get_response
    response = wrapped_callback(request, *callback_args, **callback_kwargs)
               ^^^^^^^^^^^^^^^^^^^^^^^^^^^^^^^^^^^^^^^^^^^^^^^^^^^^^^^^^^^^
  File "C:\253501_LYAMTSEV_14\IGI\LR5\.venv\Lib\site-packages\django\contrib\auth\decorators.py", line 23, in _wrapper_view
    return view_func(request, *args, **kwargs)
           ^^^^^^^^^^^^^^^^^^^^^^^^^^^^^^^^^^^
  File "C:\253501_LYAMTSEV_14\IGI\LR5\.venv\Lib\site-packages\django\contrib\auth\decorators.py", line 23, in _wrapper_view
    return view_func(request, *args, **kwargs)
           ^^^^^^^^^^^^^^^^^^^^^^^^^^^^^^^^^^^
  File "C:\253501_LYAMTSEV_14\IGI\LR5\pharmacy_proj\pharmacy_app\views.py", line 762, in pharmacy_department_create_view
    return redirect('pharmacy_department_list')
           ^^^^^^^^^^^^^^^^^^^^^^^^^^^^^^^^^^^^
  File "C:\253501_LYAMTSEV_14\IGI\LR5\.venv\Lib\site-packages\django\shortcuts.py", line 49, in redirect
    return redirect_class(resolve_url(to, *args, **kwargs))
                          ^^^^^^^^^^^^^^^^^^^^^^^^^^^^^^^^
  File "C:\253501_LYAMTSEV_14\IGI\LR5\.venv\Lib\site-packages\django\shortcuts.py", line 180, in resolve_url
    return reverse(to, args=args, kwargs=kwargs)
           ^^^^^^^^^^^^^^^^^^^^^^^^^^^^^^^^^^^^^
  File "C:\253501_LYAMTSEV_14\IGI\LR5\.venv\Lib\site-packages\django\urls\base.py", line 88, in reverse
    return resolver._reverse_with_prefix(view, prefix, *args, **kwargs)
           ^^^^^^^^^^^^^^^^^^^^^^^^^^^^^^^^^^^^^^^^^^^^^^^^^^^^^^^^^^^^
  File "C:\253501_LYAMTSEV_14\IGI\LR5\.venv\Lib\site-packages\django\urls\resolvers.py", line 851, in _reverse_with_prefix
    raise NoReverseMatch(msg)
django.urls.exceptions.NoReverseMatch: Reverse for 'pharmacy_department_list' not found. 'pharmacy_department_list' is not a valid view function or pattern name.
[INFO] [2024-09-23 18:14:04,269] [django.utils.autoreload.py] [C:\253501_LYAMTSEV_14\IGI\LR5\pharmacy_proj\pharmacy_app\views.py changed, reloading.]
[INFO] [2024-09-23 18:14:05,094] [django.utils.autoreload.py] [Watching for file changes with StatReloader]
[WARNING] [2024-09-23 18:14:08,557] [pharmacy_proj.custom_middleware.py] [Time zone set to default]
[WARNING] [2024-09-23 18:14:10,435] [pharmacy_proj.custom_middleware.py] [Time zone set to default]
[WARNING] [2024-09-23 18:14:10,458] [pharmacy_proj.custom_middleware.py] [Time zone set to default]
[WARNING] [2024-09-23 18:14:17,810] [pharmacy_proj.custom_middleware.py] [Time zone set to default]
[WARNING] [2024-09-23 18:14:17,841] [pharmacy_proj.custom_middleware.py] [Time zone set to default]
[WARNING] [2024-09-23 18:14:19,388] [pharmacy_proj.custom_middleware.py] [Time zone set to default]
[WARNING] [2024-09-23 18:14:20,907] [pharmacy_proj.custom_middleware.py] [Time zone set to default]
[WARNING] [2024-09-23 18:14:20,933] [pharmacy_proj.custom_middleware.py] [Time zone set to default]
[WARNING] [2024-09-23 18:14:55,871] [pharmacy_proj.custom_middleware.py] [Time zone set to default]
[WARNING] [2024-09-23 18:15:03,820] [pharmacy_proj.custom_middleware.py] [Time zone set to default]
[WARNING] [2024-09-23 18:15:40,331] [pharmacy_proj.custom_middleware.py] [Time zone set to default]
[WARNING] [2024-09-23 18:15:47,226] [pharmacy_proj.custom_middleware.py] [Time zone set to default]
[WARNING] [2024-09-23 18:15:48,460] [pharmacy_proj.custom_middleware.py] [Time zone set to default]
[WARNING] [2024-09-23 18:15:48,481] [pharmacy_proj.custom_middleware.py] [Time zone set to default]
[WARNING] [2024-09-23 18:15:50,122] [pharmacy_proj.custom_middleware.py] [Time zone set to default]
[WARNING] [2024-09-23 18:15:52,177] [pharmacy_proj.custom_middleware.py] [Time zone set to default]
[WARNING] [2024-09-23 18:15:52,200] [pharmacy_proj.custom_middleware.py] [Time zone set to default]
[WARNING] [2024-09-23 18:22:49,032] [pharmacy_proj.custom_middleware.py] [Time zone set to default]
[INFO] [2024-09-23 18:22:49,033] [pharmacy_app.views.py] [vacancies_view is called]
[WARNING] [2024-09-23 18:22:53,871] [pharmacy_proj.custom_middleware.py] [Time zone set to default]
[INFO] [2024-09-23 18:22:53,872] [pharmacy_app.views.py] [shop_view is called]
[INFO] [2024-09-23 18:22:53,872] [pharmacy_app.views.py] [Form is valid]
[WARNING] [2024-09-23 18:22:53,957] [pharmacy_proj.custom_middleware.py] [Time zone set to default]
[WARNING] [2024-09-23 18:22:53,958] [pharmacy_proj.custom_middleware.py] [Time zone set to default]
[WARNING] [2024-09-23 18:22:56,577] [pharmacy_proj.custom_middleware.py] [Time zone set to default]
[INFO] [2024-09-23 18:22:56,577] [pharmacy_app.views.py] [contacts_view is called]
[WARNING] [2024-09-23 18:23:09,254] [pharmacy_proj.custom_middleware.py] [Time zone set to default]
[INFO] [2024-09-23 18:23:09,254] [pharmacy_app.views.py] [user_view is called]
[WARNING] [2024-09-23 18:23:09,295] [pharmacy_proj.custom_middleware.py] [Time zone set to default]
[WARNING] [2024-09-23 18:23:13,294] [pharmacy_proj.custom_middleware.py] [Time zone set to default]
[WARNING] [2024-09-23 18:23:13,386] [pharmacy_proj.custom_middleware.py] [Time zone set to default]
[WARNING] [2024-09-23 18:23:18,422] [pharmacy_proj.custom_middleware.py] [Time zone set to default]
[WARNING] [2024-09-23 18:23:18,516] [pharmacy_proj.custom_middleware.py] [Time zone set to default]
[WARNING] [2024-09-23 18:23:39,950] [pharmacy_proj.custom_middleware.py] [Time zone set to default]
[WARNING] [2024-09-23 18:23:40,335] [pharmacy_proj.custom_middleware.py] [Time zone set to default]
[WARNING] [2024-09-23 18:23:40,476] [pharmacy_proj.custom_middleware.py] [Time zone set to default]
[WARNING] [2024-09-23 18:23:59,001] [pharmacy_proj.custom_middleware.py] [Time zone set to default]
[WARNING] [2024-09-23 18:23:59,041] [pharmacy_proj.custom_middleware.py] [Time zone set to default]
[WARNING] [2024-09-23 18:23:59,117] [pharmacy_proj.custom_middleware.py] [Time zone set to default]
[WARNING] [2024-09-23 18:24:01,230] [pharmacy_proj.custom_middleware.py] [Time zone set to default]
[WARNING] [2024-09-23 18:24:01,311] [pharmacy_proj.custom_middleware.py] [Time zone set to default]
[WARNING] [2024-09-23 18:24:02,541] [pharmacy_proj.custom_middleware.py] [Time zone set to default]
[WARNING] [2024-09-23 18:24:02,663] [pharmacy_proj.custom_middleware.py] [Time zone set to default]
[WARNING] [2024-09-23 18:25:09,094] [pharmacy_proj.custom_middleware.py] [Time zone set to default]
[WARNING] [2024-09-23 18:25:09,194] [pharmacy_proj.custom_middleware.py] [Time zone set to default]
[WARNING] [2024-09-23 18:25:09,280] [pharmacy_proj.custom_middleware.py] [Time zone set to default]
[WARNING] [2024-09-23 18:25:18,585] [pharmacy_proj.custom_middleware.py] [Time zone set to default]
[INFO] [2024-09-23 18:25:18,585] [pharmacy_app.views.py] [default_view is called]
[WARNING] [2024-09-23 18:25:18,605] [pharmacy_proj.custom_middleware.py] [Time zone set to default]
[INFO] [2024-09-23 18:25:18,605] [pharmacy_app.views.py] [home_view is called]
[WARNING] [2024-09-23 18:25:19,009] [pharmacy_proj.custom_middleware.py] [Time zone set to default]
[WARNING] [2024-09-23 18:25:22,292] [pharmacy_proj.custom_middleware.py] [Time zone set to default]
[INFO] [2024-09-23 18:25:22,292] [pharmacy_app.views.py] [contacts_view is called]
[WARNING] [2024-09-23 18:25:22,353] [pharmacy_proj.custom_middleware.py] [Time zone set to default]
[WARNING] [2024-09-23 18:25:49,519] [pharmacy_proj.custom_middleware.py] [Time zone set to default]
[INFO] [2024-09-23 18:25:49,520] [pharmacy_app.views.py] [shop_view is called]
[INFO] [2024-09-23 18:25:49,520] [pharmacy_app.views.py] [Form is valid]
[WARNING] [2024-09-23 18:25:55,648] [pharmacy_proj.custom_middleware.py] [Time zone set to default]
[INFO] [2024-09-23 18:25:55,649] [pharmacy_app.views.py] [logout_view is called]
[WARNING] [2024-09-23 18:25:55,668] [pharmacy_proj.custom_middleware.py] [Time zone set to default]
[INFO] [2024-09-23 18:25:55,669] [pharmacy_app.views.py] [login_view is called]
[WARNING] [2024-09-23 18:26:01,245] [pharmacy_proj.custom_middleware.py] [Time zone set to default]
[WARNING] [2024-09-23 18:26:01,256] [pharmacy_proj.custom_middleware.py] [Time zone set to default]
[INFO] [2024-09-23 18:26:01,257] [pharmacy_app.views.py] [login_view is called]
[WARNING] [2024-09-23 18:26:01,977] [pharmacy_proj.custom_middleware.py] [Time zone set to default]
[INFO] [2024-09-23 18:26:01,978] [pharmacy_app.views.py] [contacts_view is called]
[WARNING] [2024-09-23 18:26:04,654] [pharmacy_proj.custom_middleware.py] [Time zone set to default]
[WARNING] [2024-09-23 18:26:04,664] [pharmacy_proj.custom_middleware.py] [Time zone set to default]
[INFO] [2024-09-23 18:26:04,665] [pharmacy_app.views.py] [login_view is called]
[WARNING] [2024-09-23 18:26:10,285] [pharmacy_proj.custom_middleware.py] [Time zone set to default]
[INFO] [2024-09-23 18:26:10,286] [pharmacy_app.views.py] [login_view is called]
[INFO] [2024-09-23 18:26:10,703] [pharmacy_app.views.py] [Form is valid]
[WARNING] [2024-09-23 18:26:11,080] [pharmacy_proj.custom_middleware.py] [Time zone set to default]
[INFO] [2024-09-23 18:26:11,080] [pharmacy_app.views.py] [home_view is called]
[WARNING] [2024-09-23 18:26:11,316] [pharmacy_proj.custom_middleware.py] [Time zone set to default]
[WARNING] [2024-09-23 18:26:13,938] [pharmacy_proj.custom_middleware.py] [Time zone set to default]
[INFO] [2024-09-23 18:26:13,938] [pharmacy_app.views.py] [shop_view is called]
[INFO] [2024-09-23 18:26:13,939] [pharmacy_app.views.py] [Form is valid]
[WARNING] [2024-09-23 18:26:32,579] [pharmacy_proj.custom_middleware.py] [Time zone set to default]
[WARNING] [2024-09-23 18:26:37,494] [pharmacy_proj.custom_middleware.py] [Time zone set to default]
[WARNING] [2024-09-23 18:26:37,528] [pharmacy_proj.custom_middleware.py] [Time zone set to default]
[INFO] [2024-09-23 18:26:37,529] [pharmacy_app.views.py] [shop_view is called]
[INFO] [2024-09-23 18:26:37,529] [pharmacy_app.views.py] [Form is valid]
[INFO] [2024-09-23 18:32:57,156] [django.utils.autoreload.py] [C:\253501_LYAMTSEV_14\IGI\LR5\pharmacy_proj\pharmacy_app\views.py changed, reloading.]
[INFO] [2024-09-23 18:38:03,597] [django.utils.autoreload.py] [Watching for file changes with StatReloader]
[WARNING] [2024-09-23 18:38:14,490] [pharmacy_proj.custom_middleware.py] [Time zone set to default]
[INFO] [2024-09-23 18:38:14,491] [pharmacy_app.views.py] [contacts_view is called]
[WARNING] [2024-09-23 18:38:14,575] [pharmacy_proj.custom_middleware.py] [Time zone set to default]
[WARNING] [2024-09-23 18:38:18,914] [pharmacy_proj.custom_middleware.py] [Time zone set to default]
[WARNING] [2024-09-23 18:38:18,947] [pharmacy_proj.custom_middleware.py] [Time zone set to default]
[INFO] [2024-09-23 18:39:48,083] [django.utils.autoreload.py] [C:\253501_LYAMTSEV_14\IGI\LR5\pharmacy_proj\pharmacy_app\forms.py changed, reloading.]
[INFO] [2024-09-23 18:39:48,840] [django.utils.autoreload.py] [Watching for file changes with StatReloader]
[WARNING] [2024-09-23 18:39:54,239] [pharmacy_proj.custom_middleware.py] [Time zone set to default]
[WARNING] [2024-09-23 18:40:21,919] [pharmacy_proj.custom_middleware.py] [Time zone set to default]
[WARNING] [2024-09-23 18:40:22,313] [pharmacy_proj.custom_middleware.py] [Time zone set to default]
[INFO] [2024-09-23 18:40:22,313] [pharmacy_app.views.py] [contacts_view is called]
[WARNING] [2024-09-23 18:40:22,383] [pharmacy_proj.custom_middleware.py] [Time zone set to default]
[WARNING] [2024-09-23 18:40:22,383] [pharmacy_proj.custom_middleware.py] [Time zone set to default]
[WARNING] [2024-09-23 18:40:28,643] [pharmacy_proj.custom_middleware.py] [Time zone set to default]
[INFO] [2024-09-23 18:40:28,643] [pharmacy_app.views.py] [user_view is called]
[WARNING] [2024-09-23 18:40:28,669] [pharmacy_proj.custom_middleware.py] [Time zone set to default]
[WARNING] [2024-09-23 18:40:28,702] [pharmacy_proj.custom_middleware.py] [Time zone set to default]
[WARNING] [2024-09-23 18:40:30,034] [pharmacy_proj.custom_middleware.py] [Time zone set to default]
[WARNING] [2024-09-23 18:40:30,133] [pharmacy_proj.custom_middleware.py] [Time zone set to default]
[WARNING] [2024-09-23 18:40:32,442] [pharmacy_proj.custom_middleware.py] [Time zone set to default]
[WARNING] [2024-09-23 18:40:32,560] [pharmacy_proj.custom_middleware.py] [Time zone set to default]
[WARNING] [2024-09-23 18:40:35,665] [pharmacy_proj.custom_middleware.py] [Time zone set to default]
[WARNING] [2024-09-23 18:40:35,693] [pharmacy_proj.custom_middleware.py] [Time zone set to default]
[WARNING] [2024-09-23 18:40:35,771] [pharmacy_proj.custom_middleware.py] [Time zone set to default]
[WARNING] [2024-09-23 18:40:41,393] [pharmacy_proj.custom_middleware.py] [Time zone set to default]
[WARNING] [2024-09-23 18:40:41,460] [pharmacy_proj.custom_middleware.py] [Time zone set to default]
[WARNING] [2024-09-23 18:40:43,966] [pharmacy_proj.custom_middleware.py] [Time zone set to default]
[WARNING] [2024-09-23 18:40:44,088] [pharmacy_proj.custom_middleware.py] [Time zone set to default]
[WARNING] [2024-09-23 18:40:48,866] [pharmacy_proj.custom_middleware.py] [Time zone set to default]
[WARNING] [2024-09-23 18:40:49,780] [pharmacy_proj.custom_middleware.py] [Time zone set to default]
[WARNING] [2024-09-23 18:40:50,297] [pharmacy_proj.custom_middleware.py] [Time zone set to default]
[WARNING] [2024-09-23 18:40:50,797] [pharmacy_proj.custom_middleware.py] [Time zone set to default]
[WARNING] [2024-09-23 18:40:56,580] [pharmacy_proj.custom_middleware.py] [Time zone set to default]
[INFO] [2024-09-23 18:40:56,581] [pharmacy_app.views.py] [default_view is called]
[WARNING] [2024-09-23 18:40:56,597] [pharmacy_proj.custom_middleware.py] [Time zone set to default]
[INFO] [2024-09-23 18:40:56,597] [pharmacy_app.views.py] [home_view is called]
[WARNING] [2024-09-23 18:40:57,011] [pharmacy_proj.custom_middleware.py] [Time zone set to default]
[WARNING] [2024-09-23 18:40:58,647] [pharmacy_proj.custom_middleware.py] [Time zone set to default]
[INFO] [2024-09-23 18:40:58,647] [pharmacy_app.views.py] [contacts_view is called]
[WARNING] [2024-09-23 18:40:58,715] [pharmacy_proj.custom_middleware.py] [Time zone set to default]
[WARNING] [2024-09-23 18:41:21,898] [pharmacy_proj.custom_middleware.py] [Time zone set to default]
[WARNING] [2024-09-23 18:41:21,922] [pharmacy_proj.custom_middleware.py] [Time zone set to default]
[INFO] [2024-09-23 18:41:21,923] [pharmacy_app.views.py] [contacts_view is called]
[WARNING] [2024-09-23 18:41:26,877] [pharmacy_proj.custom_middleware.py] [Time zone set to default]
[INFO] [2024-09-23 18:41:26,877] [pharmacy_app.views.py] [user_view is called]
[WARNING] [2024-09-23 18:41:26,919] [pharmacy_proj.custom_middleware.py] [Time zone set to default]
[WARNING] [2024-09-23 18:41:28,499] [pharmacy_proj.custom_middleware.py] [Time zone set to default]
[WARNING] [2024-09-23 18:41:28,576] [pharmacy_proj.custom_middleware.py] [Time zone set to default]
[WARNING] [2024-09-23 18:41:30,388] [pharmacy_proj.custom_middleware.py] [Time zone set to default]
[INFO] [2024-09-23 18:43:04,558] [django.utils.autoreload.py] [C:\253501_LYAMTSEV_14\IGI\LR5\pharmacy_proj\pharmacy_app\forms.py changed, reloading.]
[INFO] [2024-09-23 18:43:06,477] [django.utils.autoreload.py] [Watching for file changes with StatReloader]
[INFO] [2024-09-23 18:44:13,418] [django.utils.autoreload.py] [C:\253501_LYAMTSEV_14\IGI\LR5\pharmacy_proj\pharmacy_app\views.py changed, reloading.]
[INFO] [2024-09-23 18:44:14,238] [django.utils.autoreload.py] [Watching for file changes with StatReloader]
[INFO] [2024-09-23 18:46:32,941] [django.utils.autoreload.py] [Watching for file changes with StatReloader]
[WARNING] [2024-09-23 18:46:41,289] [pharmacy_proj.custom_middleware.py] [Time zone set to default]
[WARNING] [2024-09-23 18:46:44,280] [pharmacy_proj.custom_middleware.py] [Time zone set to default]
[INFO] [2024-09-23 18:48:58,478] [django.utils.autoreload.py] [C:\253501_LYAMTSEV_14\IGI\LR5\pharmacy_proj\pharmacy_app\views.py changed, reloading.]
[INFO] [2024-09-23 18:48:59,180] [django.utils.autoreload.py] [Watching for file changes with StatReloader]
[WARNING] [2024-09-23 18:49:07,877] [pharmacy_proj.custom_middleware.py] [Time zone set to default]
[WARNING] [2024-09-23 18:49:18,015] [pharmacy_proj.custom_middleware.py] [Time zone set to default]
[WARNING] [2024-09-23 18:49:18,053] [pharmacy_proj.custom_middleware.py] [Time zone set to default]
[INFO] [2024-09-23 18:49:18,055] [pharmacy_app.views.py] [contacts_view is called]
[WARNING] [2024-09-23 18:49:18,130] [pharmacy_proj.custom_middleware.py] [Time zone set to default]
[WARNING] [2024-09-23 18:49:25,316] [pharmacy_proj.custom_middleware.py] [Time zone set to default]
[WARNING] [2024-09-23 18:49:34,097] [pharmacy_proj.custom_middleware.py] [Time zone set to default]
[WARNING] [2024-09-23 18:49:34,135] [pharmacy_proj.custom_middleware.py] [Time zone set to default]
[INFO] [2024-09-23 18:49:34,136] [pharmacy_app.views.py] [contacts_view is called]
[INFO] [2024-09-23 18:56:22,202] [django.utils.autoreload.py] [Watching for file changes with StatReloader]
[WARNING] [2024-09-23 18:56:24,214] [pharmacy_proj.custom_middleware.py] [Time zone set to default]
[INFO] [2024-09-23 18:56:24,215] [pharmacy_app.views.py] [default_view is called]
[WARNING] [2024-09-23 18:56:24,247] [pharmacy_proj.custom_middleware.py] [Time zone set to default]
[INFO] [2024-09-23 18:56:24,247] [pharmacy_app.views.py] [home_view is called]
[WARNING] [2024-09-23 18:56:24,707] [pharmacy_proj.custom_middleware.py] [Time zone set to default]
[WARNING] [2024-09-23 18:56:26,066] [pharmacy_proj.custom_middleware.py] [Time zone set to default]
[INFO] [2024-09-23 18:56:26,067] [pharmacy_app.views.py] [contacts_view is called]
[ERROR] [2024-09-23 18:56:26,162] [django.request.py] [Internal Server Error: /contacts/]
Traceback (most recent call last):
  File "C:\253501_LYAMTSEV_14\IGI\LR5\.venv\Lib\site-packages\django\template\base.py", line 502, in parse
    compile_func = self.tags[command]
                   ~~~~~~~~~^^^^^^^^^
KeyError: 'else'

During handling of the above exception, another exception occurred:

Traceback (most recent call last):
  File "C:\253501_LYAMTSEV_14\IGI\LR5\.venv\Lib\site-packages\django\core\handlers\exception.py", line 55, in inner
    response = get_response(request)
               ^^^^^^^^^^^^^^^^^^^^^
  File "C:\253501_LYAMTSEV_14\IGI\LR5\.venv\Lib\site-packages\django\core\handlers\base.py", line 197, in _get_response
    response = wrapped_callback(request, *callback_args, **callback_kwargs)
               ^^^^^^^^^^^^^^^^^^^^^^^^^^^^^^^^^^^^^^^^^^^^^^^^^^^^^^^^^^^^
  File "C:\253501_LYAMTSEV_14\IGI\LR5\pharmacy_proj\pharmacy_app\views.py", line 353, in contacts_view
    return render(request, 'contacts.html', {'employees': employees})
           ^^^^^^^^^^^^^^^^^^^^^^^^^^^^^^^^^^^^^^^^^^^^^^^^^^^^^^^^^^
  File "C:\253501_LYAMTSEV_14\IGI\LR5\.venv\Lib\site-packages\django\shortcuts.py", line 25, in render
    content = loader.render_to_string(template_name, context, request, using=using)
              ^^^^^^^^^^^^^^^^^^^^^^^^^^^^^^^^^^^^^^^^^^^^^^^^^^^^^^^^^^^^^^^^^^^^^
  File "C:\253501_LYAMTSEV_14\IGI\LR5\.venv\Lib\site-packages\django\template\loader.py", line 61, in render_to_string
    template = get_template(template_name, using=using)
               ^^^^^^^^^^^^^^^^^^^^^^^^^^^^^^^^^^^^^^^^
  File "C:\253501_LYAMTSEV_14\IGI\LR5\.venv\Lib\site-packages\django\template\loader.py", line 15, in get_template
    return engine.get_template(template_name)
           ^^^^^^^^^^^^^^^^^^^^^^^^^^^^^^^^^^
  File "C:\253501_LYAMTSEV_14\IGI\LR5\.venv\Lib\site-packages\django\template\backends\django.py", line 33, in get_template
    return Template(self.engine.get_template(template_name), self)
                    ^^^^^^^^^^^^^^^^^^^^^^^^^^^^^^^^^^^^^^^
  File "C:\253501_LYAMTSEV_14\IGI\LR5\.venv\Lib\site-packages\django\template\engine.py", line 177, in get_template
    template, origin = self.find_template(template_name)
                       ^^^^^^^^^^^^^^^^^^^^^^^^^^^^^^^^^
  File "C:\253501_LYAMTSEV_14\IGI\LR5\.venv\Lib\site-packages\django\template\engine.py", line 159, in find_template
    template = loader.get_template(name, skip=skip)
               ^^^^^^^^^^^^^^^^^^^^^^^^^^^^^^^^^^^^
  File "C:\253501_LYAMTSEV_14\IGI\LR5\.venv\Lib\site-packages\django\template\loaders\cached.py", line 57, in get_template
    template = super().get_template(template_name, skip)
               ^^^^^^^^^^^^^^^^^^^^^^^^^^^^^^^^^^^^^^^^^
  File "C:\253501_LYAMTSEV_14\IGI\LR5\.venv\Lib\site-packages\django\template\loaders\base.py", line 28, in get_template
    return Template(
           ^^^^^^^^^
  File "C:\253501_LYAMTSEV_14\IGI\LR5\.venv\Lib\site-packages\django\template\base.py", line 154, in __init__
    self.nodelist = self.compile_nodelist()
                    ^^^^^^^^^^^^^^^^^^^^^^^
  File "C:\253501_LYAMTSEV_14\IGI\LR5\.venv\Lib\site-packages\django\template\base.py", line 196, in compile_nodelist
    return parser.parse()
           ^^^^^^^^^^^^^^
  File "C:\253501_LYAMTSEV_14\IGI\LR5\.venv\Lib\site-packages\django\template\base.py", line 510, in parse
    raise self.error(token, e)
  File "C:\253501_LYAMTSEV_14\IGI\LR5\.venv\Lib\site-packages\django\template\base.py", line 508, in parse
    compiled_result = compile_func(self, token)
                      ^^^^^^^^^^^^^^^^^^^^^^^^^
  File "C:\253501_LYAMTSEV_14\IGI\LR5\.venv\Lib\site-packages\django\template\loader_tags.py", line 295, in do_extends
    nodelist = parser.parse()
               ^^^^^^^^^^^^^^
  File "C:\253501_LYAMTSEV_14\IGI\LR5\.venv\Lib\site-packages\django\template\base.py", line 510, in parse
    raise self.error(token, e)
  File "C:\253501_LYAMTSEV_14\IGI\LR5\.venv\Lib\site-packages\django\template\base.py", line 508, in parse
    compiled_result = compile_func(self, token)
                      ^^^^^^^^^^^^^^^^^^^^^^^^^
  File "C:\253501_LYAMTSEV_14\IGI\LR5\.venv\Lib\site-packages\django\template\loader_tags.py", line 234, in do_block
    nodelist = parser.parse(("endblock",))
               ^^^^^^^^^^^^^^^^^^^^^^^^^^^
  File "C:\253501_LYAMTSEV_14\IGI\LR5\.venv\Lib\site-packages\django\template\base.py", line 510, in parse
    raise self.error(token, e)
  File "C:\253501_LYAMTSEV_14\IGI\LR5\.venv\Lib\site-packages\django\template\base.py", line 508, in parse
    compiled_result = compile_func(self, token)
                      ^^^^^^^^^^^^^^^^^^^^^^^^^
  File "C:\253501_LYAMTSEV_14\IGI\LR5\.venv\Lib\site-packages\django\template\defaulttags.py", line 961, in do_if
    nodelist = parser.parse(("elif", "else", "endif"))
               ^^^^^^^^^^^^^^^^^^^^^^^^^^^^^^^^^^^^^^^
  File "C:\253501_LYAMTSEV_14\IGI\LR5\.venv\Lib\site-packages\django\template\base.py", line 510, in parse
    raise self.error(token, e)
  File "C:\253501_LYAMTSEV_14\IGI\LR5\.venv\Lib\site-packages\django\template\base.py", line 508, in parse
    compiled_result = compile_func(self, token)
                      ^^^^^^^^^^^^^^^^^^^^^^^^^
  File "C:\253501_LYAMTSEV_14\IGI\LR5\.venv\Lib\site-packages\django\template\defaulttags.py", line 861, in do_for
    nodelist_loop = parser.parse(
                    ^^^^^^^^^^^^^
  File "C:\253501_LYAMTSEV_14\IGI\LR5\.venv\Lib\site-packages\django\template\base.py", line 504, in parse
    self.invalid_block_tag(token, command, parse_until)
  File "C:\253501_LYAMTSEV_14\IGI\LR5\.venv\Lib\site-packages\django\template\base.py", line 555, in invalid_block_tag
    raise self.error(
django.template.exceptions.TemplateSyntaxError: Invalid block tag on line 36: 'else', expected 'empty' or 'endfor'. Did you forget to register or load this tag?
[WARNING] [2024-09-23 18:56:49,626] [pharmacy_proj.custom_middleware.py] [Time zone set to default]
[INFO] [2024-09-23 18:56:49,627] [pharmacy_app.views.py] [contacts_view is called]
[WARNING] [2024-09-23 18:56:49,706] [pharmacy_proj.custom_middleware.py] [Time zone set to default]
[WARNING] [2024-09-23 18:56:54,012] [pharmacy_proj.custom_middleware.py] [Time zone set to default]
[WARNING] [2024-09-23 18:56:57,840] [pharmacy_proj.custom_middleware.py] [Time zone set to default]
[WARNING] [2024-09-23 18:56:57,867] [pharmacy_proj.custom_middleware.py] [Time zone set to default]
[INFO] [2024-09-23 18:56:57,867] [pharmacy_app.views.py] [contacts_view is called]
[WARNING] [2024-09-23 18:56:58,957] [pharmacy_proj.custom_middleware.py] [Time zone set to default]
[WARNING] [2024-09-23 18:59:02,499] [pharmacy_proj.custom_middleware.py] [Time zone set to default]
[INFO] [2024-09-23 18:59:02,499] [pharmacy_app.views.py] [contacts_view is called]
[WARNING] [2024-09-23 18:59:04,517] [pharmacy_proj.custom_middleware.py] [Time zone set to default]
[WARNING] [2024-09-23 18:59:05,275] [pharmacy_proj.custom_middleware.py] [Time zone set to default]
[WARNING] [2024-09-23 18:59:05,997] [pharmacy_proj.custom_middleware.py] [Time zone set to default]
[INFO] [2024-09-23 20:34:20,820] [django.utils.autoreload.py] [Watching for file changes with StatReloader]
[WARNING] [2024-09-23 20:34:26,768] [pharmacy_proj.custom_middleware.py] [Time zone set to default]
[INFO] [2024-09-23 20:34:26,769] [pharmacy_app.views.py] [default_view is called]
[WARNING] [2024-09-23 20:34:26,805] [pharmacy_proj.custom_middleware.py] [Time zone set to default]
[INFO] [2024-09-23 20:34:26,805] [pharmacy_app.views.py] [home_view is called]
[WARNING] [2024-09-23 20:34:27,246] [pharmacy_proj.custom_middleware.py] [Time zone set to default]
[WARNING] [2024-09-23 20:34:41,713] [pharmacy_proj.custom_middleware.py] [Time zone set to default]
[INFO] [2024-09-23 20:34:41,714] [pharmacy_app.views.py] [user_view is called]
[WARNING] [2024-09-23 20:34:41,756] [pharmacy_proj.custom_middleware.py] [Time zone set to default]
[WARNING] [2024-09-23 20:34:46,817] [pharmacy_proj.custom_middleware.py] [Time zone set to default]
[WARNING] [2024-09-23 20:34:46,901] [pharmacy_proj.custom_middleware.py] [Time zone set to default]
[WARNING] [2024-09-23 20:34:48,291] [pharmacy_proj.custom_middleware.py] [Time zone set to default]
[WARNING] [2024-09-23 20:34:49,610] [pharmacy_proj.custom_middleware.py] [Time zone set to default]
[WARNING] [2024-09-23 20:34:49,696] [pharmacy_proj.custom_middleware.py] [Time zone set to default]
[WARNING] [2024-09-23 20:34:51,594] [pharmacy_proj.custom_middleware.py] [Time zone set to default]
[WARNING] [2024-09-23 20:34:52,868] [pharmacy_proj.custom_middleware.py] [Time zone set to default]
[WARNING] [2024-09-23 20:34:52,931] [pharmacy_proj.custom_middleware.py] [Time zone set to default]
[WARNING] [2024-09-23 20:35:08,106] [pharmacy_proj.custom_middleware.py] [Time zone set to default]
[WARNING] [2024-09-23 20:35:08,182] [pharmacy_proj.custom_middleware.py] [Time zone set to default]
[WARNING] [2024-09-23 20:35:09,137] [pharmacy_proj.custom_middleware.py] [Time zone set to default]
[WARNING] [2024-09-23 20:35:09,200] [pharmacy_proj.custom_middleware.py] [Time zone set to default]
[WARNING] [2024-09-23 20:35:39,273] [pharmacy_proj.custom_middleware.py] [Time zone set to default]
[WARNING] [2024-09-23 20:35:39,388] [pharmacy_proj.custom_middleware.py] [Time zone set to default]
[WARNING] [2024-09-23 20:35:41,094] [pharmacy_proj.custom_middleware.py] [Time zone set to default]
[WARNING] [2024-09-23 20:35:42,689] [pharmacy_proj.custom_middleware.py] [Time zone set to default]
[WARNING] [2024-09-23 20:35:42,716] [pharmacy_proj.custom_middleware.py] [Time zone set to default]
[WARNING] [2024-09-23 20:35:42,805] [pharmacy_proj.custom_middleware.py] [Time zone set to default]
[WARNING] [2024-09-23 20:35:44,248] [pharmacy_proj.custom_middleware.py] [Time zone set to default]
[WARNING] [2024-09-23 20:35:44,311] [pharmacy_proj.custom_middleware.py] [Time zone set to default]
[WARNING] [2024-09-23 20:36:00,154] [pharmacy_proj.custom_middleware.py] [Time zone set to default]
[WARNING] [2024-09-23 20:36:01,163] [pharmacy_proj.custom_middleware.py] [Time zone set to default]
[WARNING] [2024-09-23 20:36:01,201] [pharmacy_proj.custom_middleware.py] [Time zone set to default]
[WARNING] [2024-09-23 20:36:01,281] [pharmacy_proj.custom_middleware.py] [Time zone set to default]
[WARNING] [2024-09-23 20:36:02,833] [pharmacy_proj.custom_middleware.py] [Time zone set to default]
[WARNING] [2024-09-23 20:36:02,898] [pharmacy_proj.custom_middleware.py] [Time zone set to default]
[WARNING] [2024-09-23 20:36:04,176] [pharmacy_proj.custom_middleware.py] [Time zone set to default]
[WARNING] [2024-09-23 20:36:04,237] [pharmacy_proj.custom_middleware.py] [Time zone set to default]
[WARNING] [2024-09-23 20:36:04,725] [pharmacy_proj.custom_middleware.py] [Time zone set to default]
[WARNING] [2024-09-23 20:36:04,788] [pharmacy_proj.custom_middleware.py] [Time zone set to default]
[WARNING] [2024-09-23 20:36:05,496] [pharmacy_proj.custom_middleware.py] [Time zone set to default]
[WARNING] [2024-09-23 20:36:05,563] [pharmacy_proj.custom_middleware.py] [Time zone set to default]
[WARNING] [2024-09-23 20:36:12,116] [pharmacy_proj.custom_middleware.py] [Time zone set to default]
[WARNING] [2024-09-23 20:36:12,933] [pharmacy_proj.custom_middleware.py] [Time zone set to default]
[WARNING] [2024-09-23 20:36:12,968] [pharmacy_proj.custom_middleware.py] [Time zone set to default]
[WARNING] [2024-09-23 20:36:13,036] [pharmacy_proj.custom_middleware.py] [Time zone set to default]
[WARNING] [2024-09-23 20:36:14,196] [pharmacy_proj.custom_middleware.py] [Time zone set to default]
[WARNING] [2024-09-23 20:36:14,262] [pharmacy_proj.custom_middleware.py] [Time zone set to default]
[WARNING] [2024-09-23 20:36:20,197] [pharmacy_proj.custom_middleware.py] [Time zone set to default]
[WARNING] [2024-09-23 20:36:21,084] [pharmacy_proj.custom_middleware.py] [Time zone set to default]
[WARNING] [2024-09-23 20:36:21,120] [pharmacy_proj.custom_middleware.py] [Time zone set to default]
[WARNING] [2024-09-23 20:36:21,192] [pharmacy_proj.custom_middleware.py] [Time zone set to default]
[WARNING] [2024-09-23 20:36:23,344] [pharmacy_proj.custom_middleware.py] [Time zone set to default]
[WARNING] [2024-09-23 20:36:23,409] [pharmacy_proj.custom_middleware.py] [Time zone set to default]
[WARNING] [2024-09-23 20:36:26,873] [pharmacy_proj.custom_middleware.py] [Time zone set to default]
[WARNING] [2024-09-23 20:36:27,681] [pharmacy_proj.custom_middleware.py] [Time zone set to default]
[WARNING] [2024-09-23 20:36:27,711] [pharmacy_proj.custom_middleware.py] [Time zone set to default]
[WARNING] [2024-09-23 20:36:27,795] [pharmacy_proj.custom_middleware.py] [Time zone set to default]
[WARNING] [2024-09-23 20:36:28,454] [pharmacy_proj.custom_middleware.py] [Time zone set to default]
[WARNING] [2024-09-23 20:36:28,518] [pharmacy_proj.custom_middleware.py] [Time zone set to default]
[WARNING] [2024-09-23 20:36:29,576] [pharmacy_proj.custom_middleware.py] [Time zone set to default]
[WARNING] [2024-09-23 20:36:29,639] [pharmacy_proj.custom_middleware.py] [Time zone set to default]
[WARNING] [2024-09-23 20:36:33,014] [pharmacy_proj.custom_middleware.py] [Time zone set to default]
[WARNING] [2024-09-23 20:36:33,819] [pharmacy_proj.custom_middleware.py] [Time zone set to default]
[WARNING] [2024-09-23 20:36:33,851] [pharmacy_proj.custom_middleware.py] [Time zone set to default]
[WARNING] [2024-09-23 20:36:33,919] [pharmacy_proj.custom_middleware.py] [Time zone set to default]
[WARNING] [2024-09-23 20:36:34,968] [pharmacy_proj.custom_middleware.py] [Time zone set to default]
[WARNING] [2024-09-23 20:36:35,040] [pharmacy_proj.custom_middleware.py] [Time zone set to default]
[WARNING] [2024-09-23 20:36:36,014] [pharmacy_proj.custom_middleware.py] [Time zone set to default]
[WARNING] [2024-09-23 20:36:36,087] [pharmacy_proj.custom_middleware.py] [Time zone set to default]
[WARNING] [2024-09-23 20:36:37,475] [pharmacy_proj.custom_middleware.py] [Time zone set to default]
[WARNING] [2024-09-23 20:36:37,538] [pharmacy_proj.custom_middleware.py] [Time zone set to default]
[WARNING] [2024-09-23 20:36:38,613] [pharmacy_proj.custom_middleware.py] [Time zone set to default]
[WARNING] [2024-09-23 20:36:38,678] [pharmacy_proj.custom_middleware.py] [Time zone set to default]
[WARNING] [2024-09-23 20:36:43,017] [pharmacy_proj.custom_middleware.py] [Time zone set to default]
[WARNING] [2024-09-23 20:36:43,728] [pharmacy_proj.custom_middleware.py] [Time zone set to default]
[WARNING] [2024-09-23 20:36:43,758] [pharmacy_proj.custom_middleware.py] [Time zone set to default]
[WARNING] [2024-09-23 20:36:43,824] [pharmacy_proj.custom_middleware.py] [Time zone set to default]
[WARNING] [2024-09-23 20:36:44,785] [pharmacy_proj.custom_middleware.py] [Time zone set to default]
[WARNING] [2024-09-23 20:36:44,849] [pharmacy_proj.custom_middleware.py] [Time zone set to default]
[WARNING] [2024-09-23 20:36:46,839] [pharmacy_proj.custom_middleware.py] [Time zone set to default]
[WARNING] [2024-09-23 20:36:46,905] [pharmacy_proj.custom_middleware.py] [Time zone set to default]
[WARNING] [2024-09-23 20:36:47,492] [pharmacy_proj.custom_middleware.py] [Time zone set to default]
[WARNING] [2024-09-23 20:36:47,568] [pharmacy_proj.custom_middleware.py] [Time zone set to default]
[WARNING] [2024-09-23 20:36:48,499] [pharmacy_proj.custom_middleware.py] [Time zone set to default]
[WARNING] [2024-09-23 20:36:48,562] [pharmacy_proj.custom_middleware.py] [Time zone set to default]
[WARNING] [2024-09-23 20:36:50,915] [pharmacy_proj.custom_middleware.py] [Time zone set to default]
[WARNING] [2024-09-23 20:36:50,978] [pharmacy_proj.custom_middleware.py] [Time zone set to default]
[WARNING] [2024-09-23 20:37:01,905] [pharmacy_proj.custom_middleware.py] [Time zone set to default]
[WARNING] [2024-09-23 20:37:01,968] [pharmacy_proj.custom_middleware.py] [Time zone set to default]
[WARNING] [2024-09-23 20:37:03,231] [pharmacy_proj.custom_middleware.py] [Time zone set to default]
[WARNING] [2024-09-23 20:37:03,302] [pharmacy_proj.custom_middleware.py] [Time zone set to default]
[WARNING] [2024-09-23 20:37:10,362] [pharmacy_proj.custom_middleware.py] [Time zone set to default]
[WARNING] [2024-09-23 20:37:10,387] [pharmacy_proj.custom_middleware.py] [Time zone set to default]
[WARNING] [2024-09-23 20:37:10,460] [pharmacy_proj.custom_middleware.py] [Time zone set to default]
[WARNING] [2024-09-23 20:37:19,361] [pharmacy_proj.custom_middleware.py] [Time zone set to default]
[WARNING] [2024-09-23 20:37:19,383] [pharmacy_proj.custom_middleware.py] [Time zone set to default]
[WARNING] [2024-09-23 20:37:19,451] [pharmacy_proj.custom_middleware.py] [Time zone set to default]
[WARNING] [2024-09-23 20:37:26,913] [pharmacy_proj.custom_middleware.py] [Time zone set to default]
[WARNING] [2024-09-23 20:37:26,936] [pharmacy_proj.custom_middleware.py] [Time zone set to default]
[WARNING] [2024-09-23 20:37:27,021] [pharmacy_proj.custom_middleware.py] [Time zone set to default]
[WARNING] [2024-09-23 20:37:34,048] [pharmacy_proj.custom_middleware.py] [Time zone set to default]
[WARNING] [2024-09-23 20:37:34,070] [pharmacy_proj.custom_middleware.py] [Time zone set to default]
[WARNING] [2024-09-23 20:37:34,143] [pharmacy_proj.custom_middleware.py] [Time zone set to default]
[WARNING] [2024-09-23 20:37:46,077] [pharmacy_proj.custom_middleware.py] [Time zone set to default]
[WARNING] [2024-09-23 20:37:46,098] [pharmacy_proj.custom_middleware.py] [Time zone set to default]
[WARNING] [2024-09-23 20:37:46,165] [pharmacy_proj.custom_middleware.py] [Time zone set to default]
[WARNING] [2024-09-23 20:37:59,903] [pharmacy_proj.custom_middleware.py] [Time zone set to default]
[WARNING] [2024-09-23 20:37:59,965] [pharmacy_proj.custom_middleware.py] [Time zone set to default]
[WARNING] [2024-09-23 20:38:02,510] [pharmacy_proj.custom_middleware.py] [Time zone set to default]
[WARNING] [2024-09-23 20:38:02,580] [pharmacy_proj.custom_middleware.py] [Time zone set to default]
[WARNING] [2024-09-23 20:38:05,542] [pharmacy_proj.custom_middleware.py] [Time zone set to default]
[WARNING] [2024-09-23 20:38:05,626] [pharmacy_proj.custom_middleware.py] [Time zone set to default]
[WARNING] [2024-09-23 20:38:09,585] [pharmacy_proj.custom_middleware.py] [Time zone set to default]
[WARNING] [2024-09-23 20:38:09,650] [pharmacy_proj.custom_middleware.py] [Time zone set to default]
[WARNING] [2024-09-23 20:38:10,648] [pharmacy_proj.custom_middleware.py] [Time zone set to default]
[WARNING] [2024-09-23 20:38:10,758] [pharmacy_proj.custom_middleware.py] [Time zone set to default]
[WARNING] [2024-09-23 20:38:24,316] [pharmacy_proj.custom_middleware.py] [Time zone set to default]
[WARNING] [2024-09-23 20:38:24,346] [pharmacy_proj.custom_middleware.py] [Time zone set to default]
[WARNING] [2024-09-23 20:38:24,470] [pharmacy_proj.custom_middleware.py] [Time zone set to default]
[WARNING] [2024-09-23 20:38:40,775] [pharmacy_proj.custom_middleware.py] [Time zone set to default]
[WARNING] [2024-09-23 20:38:40,800] [pharmacy_proj.custom_middleware.py] [Time zone set to default]
[WARNING] [2024-09-23 20:38:40,871] [pharmacy_proj.custom_middleware.py] [Time zone set to default]
[WARNING] [2024-09-23 20:38:44,660] [pharmacy_proj.custom_middleware.py] [Time zone set to default]
[WARNING] [2024-09-23 20:38:44,754] [pharmacy_proj.custom_middleware.py] [Time zone set to default]
[WARNING] [2024-09-23 20:38:58,461] [pharmacy_proj.custom_middleware.py] [Time zone set to default]
[WARNING] [2024-09-23 20:38:58,531] [pharmacy_proj.custom_middleware.py] [Time zone set to default]
[WARNING] [2024-09-23 20:38:58,623] [pharmacy_proj.custom_middleware.py] [Time zone set to default]
[WARNING] [2024-09-23 20:39:11,930] [pharmacy_proj.custom_middleware.py] [Time zone set to default]
[WARNING] [2024-09-23 20:39:11,958] [pharmacy_proj.custom_middleware.py] [Time zone set to default]
[WARNING] [2024-09-23 20:39:12,067] [pharmacy_proj.custom_middleware.py] [Time zone set to default]
[WARNING] [2024-09-23 20:39:28,590] [pharmacy_proj.custom_middleware.py] [Time zone set to default]
[WARNING] [2024-09-23 20:39:28,615] [pharmacy_proj.custom_middleware.py] [Time zone set to default]
[WARNING] [2024-09-23 20:39:28,687] [pharmacy_proj.custom_middleware.py] [Time zone set to default]
[WARNING] [2024-09-23 20:39:34,087] [pharmacy_proj.custom_middleware.py] [Time zone set to default]
[WARNING] [2024-09-23 20:39:34,148] [pharmacy_proj.custom_middleware.py] [Time zone set to default]
[WARNING] [2024-09-23 20:39:35,366] [pharmacy_proj.custom_middleware.py] [Time zone set to default]
[WARNING] [2024-09-23 20:39:35,440] [pharmacy_proj.custom_middleware.py] [Time zone set to default]
[WARNING] [2024-09-23 20:39:40,365] [pharmacy_proj.custom_middleware.py] [Time zone set to default]
[WARNING] [2024-09-23 20:39:40,392] [pharmacy_proj.custom_middleware.py] [Time zone set to default]
[WARNING] [2024-09-23 20:39:40,479] [pharmacy_proj.custom_middleware.py] [Time zone set to default]
[WARNING] [2024-09-23 20:39:44,514] [pharmacy_proj.custom_middleware.py] [Time zone set to default]
[WARNING] [2024-09-23 20:39:44,537] [pharmacy_proj.custom_middleware.py] [Time zone set to default]
[WARNING] [2024-09-23 20:39:44,606] [pharmacy_proj.custom_middleware.py] [Time zone set to default]
[WARNING] [2024-09-23 20:39:52,694] [pharmacy_proj.custom_middleware.py] [Time zone set to default]
[WARNING] [2024-09-23 20:39:52,715] [pharmacy_proj.custom_middleware.py] [Time zone set to default]
[WARNING] [2024-09-23 20:39:52,786] [pharmacy_proj.custom_middleware.py] [Time zone set to default]
[WARNING] [2024-09-23 20:39:57,652] [pharmacy_proj.custom_middleware.py] [Time zone set to default]
[WARNING] [2024-09-23 20:39:57,674] [pharmacy_proj.custom_middleware.py] [Time zone set to default]
[WARNING] [2024-09-23 20:39:57,741] [pharmacy_proj.custom_middleware.py] [Time zone set to default]
[WARNING] [2024-09-23 20:40:01,461] [pharmacy_proj.custom_middleware.py] [Time zone set to default]
[WARNING] [2024-09-23 20:40:01,484] [pharmacy_proj.custom_middleware.py] [Time zone set to default]
[WARNING] [2024-09-23 20:40:01,563] [pharmacy_proj.custom_middleware.py] [Time zone set to default]
[WARNING] [2024-09-23 20:40:07,331] [pharmacy_proj.custom_middleware.py] [Time zone set to default]
[WARNING] [2024-09-23 20:40:07,351] [pharmacy_proj.custom_middleware.py] [Time zone set to default]
[WARNING] [2024-09-23 20:40:07,425] [pharmacy_proj.custom_middleware.py] [Time zone set to default]
[WARNING] [2024-09-23 20:41:11,948] [pharmacy_proj.custom_middleware.py] [Time zone set to default]
[WARNING] [2024-09-23 20:41:12,019] [pharmacy_proj.custom_middleware.py] [Time zone set to default]
[WARNING] [2024-09-23 20:46:07,240] [pharmacy_proj.custom_middleware.py] [Time zone set to default]
[WARNING] [2024-09-23 20:46:07,318] [pharmacy_proj.custom_middleware.py] [Time zone set to default]
[WARNING] [2024-09-23 20:46:09,008] [pharmacy_proj.custom_middleware.py] [Time zone set to default]
[WARNING] [2024-09-23 20:46:09,091] [pharmacy_proj.custom_middleware.py] [Time zone set to default]
[WARNING] [2024-09-23 20:46:56,889] [pharmacy_proj.custom_middleware.py] [Time zone set to default]
[WARNING] [2024-09-23 20:46:56,962] [pharmacy_proj.custom_middleware.py] [Time zone set to default]
[WARNING] [2024-09-23 20:46:57,055] [pharmacy_proj.custom_middleware.py] [Time zone set to default]
[WARNING] [2024-09-23 20:47:35,782] [pharmacy_proj.custom_middleware.py] [Time zone set to default]
[WARNING] [2024-09-23 20:47:35,817] [pharmacy_proj.custom_middleware.py] [Time zone set to default]
[WARNING] [2024-09-23 20:47:35,924] [pharmacy_proj.custom_middleware.py] [Time zone set to default]
[WARNING] [2024-09-23 20:48:10,250] [pharmacy_proj.custom_middleware.py] [Time zone set to default]
[WARNING] [2024-09-23 20:48:10,283] [pharmacy_proj.custom_middleware.py] [Time zone set to default]
[WARNING] [2024-09-23 20:48:10,358] [pharmacy_proj.custom_middleware.py] [Time zone set to default]
[WARNING] [2024-09-23 20:48:47,275] [pharmacy_proj.custom_middleware.py] [Time zone set to default]
[WARNING] [2024-09-23 20:48:47,304] [pharmacy_proj.custom_middleware.py] [Time zone set to default]
[WARNING] [2024-09-23 20:48:47,390] [pharmacy_proj.custom_middleware.py] [Time zone set to default]
[WARNING] [2024-09-23 20:49:24,928] [pharmacy_proj.custom_middleware.py] [Time zone set to default]
[WARNING] [2024-09-23 20:49:24,964] [pharmacy_proj.custom_middleware.py] [Time zone set to default]
[WARNING] [2024-09-23 20:49:25,062] [pharmacy_proj.custom_middleware.py] [Time zone set to default]
[WARNING] [2024-09-23 20:49:42,008] [pharmacy_proj.custom_middleware.py] [Time zone set to default]
[WARNING] [2024-09-23 20:49:42,079] [pharmacy_proj.custom_middleware.py] [Time zone set to default]
[WARNING] [2024-09-23 20:49:43,716] [pharmacy_proj.custom_middleware.py] [Time zone set to default]
[WARNING] [2024-09-23 20:49:43,793] [pharmacy_proj.custom_middleware.py] [Time zone set to default]
[WARNING] [2024-09-23 20:49:50,747] [pharmacy_proj.custom_middleware.py] [Time zone set to default]
[WARNING] [2024-09-23 20:49:50,774] [pharmacy_proj.custom_middleware.py] [Time zone set to default]
[WARNING] [2024-09-23 20:49:50,845] [pharmacy_proj.custom_middleware.py] [Time zone set to default]
[WARNING] [2024-09-23 20:49:59,148] [pharmacy_proj.custom_middleware.py] [Time zone set to default]
[WARNING] [2024-09-23 20:49:59,218] [pharmacy_proj.custom_middleware.py] [Time zone set to default]
[WARNING] [2024-09-23 20:50:00,161] [pharmacy_proj.custom_middleware.py] [Time zone set to default]
[WARNING] [2024-09-23 20:50:00,231] [pharmacy_proj.custom_middleware.py] [Time zone set to default]
[WARNING] [2024-09-23 20:50:10,889] [pharmacy_proj.custom_middleware.py] [Time zone set to default]
[WARNING] [2024-09-23 20:50:10,916] [pharmacy_proj.custom_middleware.py] [Time zone set to default]
[WARNING] [2024-09-23 20:50:10,985] [pharmacy_proj.custom_middleware.py] [Time zone set to default]
[WARNING] [2024-09-23 20:50:20,678] [pharmacy_proj.custom_middleware.py] [Time zone set to default]
[WARNING] [2024-09-23 20:50:20,704] [pharmacy_proj.custom_middleware.py] [Time zone set to default]
[WARNING] [2024-09-23 20:50:20,795] [pharmacy_proj.custom_middleware.py] [Time zone set to default]
[WARNING] [2024-09-23 20:50:31,486] [pharmacy_proj.custom_middleware.py] [Time zone set to default]
[WARNING] [2024-09-23 20:50:31,516] [pharmacy_proj.custom_middleware.py] [Time zone set to default]
[WARNING] [2024-09-23 20:50:31,593] [pharmacy_proj.custom_middleware.py] [Time zone set to default]
[WARNING] [2024-09-23 20:50:38,163] [pharmacy_proj.custom_middleware.py] [Time zone set to default]
[WARNING] [2024-09-23 20:50:38,226] [pharmacy_proj.custom_middleware.py] [Time zone set to default]
[WARNING] [2024-09-23 20:50:39,499] [pharmacy_proj.custom_middleware.py] [Time zone set to default]
[WARNING] [2024-09-23 20:50:39,568] [pharmacy_proj.custom_middleware.py] [Time zone set to default]
[WARNING] [2024-09-23 20:52:37,851] [pharmacy_proj.custom_middleware.py] [Time zone set to default]
[WARNING] [2024-09-23 20:52:37,874] [pharmacy_proj.custom_middleware.py] [Time zone set to default]
[WARNING] [2024-09-23 20:52:37,956] [pharmacy_proj.custom_middleware.py] [Time zone set to default]
[WARNING] [2024-09-23 20:53:12,198] [pharmacy_proj.custom_middleware.py] [Time zone set to default]
[WARNING] [2024-09-23 20:53:12,221] [pharmacy_proj.custom_middleware.py] [Time zone set to default]
[WARNING] [2024-09-23 20:53:12,289] [pharmacy_proj.custom_middleware.py] [Time zone set to default]
[WARNING] [2024-09-23 20:53:14,817] [pharmacy_proj.custom_middleware.py] [Time zone set to default]
[WARNING] [2024-09-23 20:53:14,881] [pharmacy_proj.custom_middleware.py] [Time zone set to default]
[WARNING] [2024-09-23 20:53:33,204] [pharmacy_proj.custom_middleware.py] [Time zone set to default]
[WARNING] [2024-09-23 20:53:33,226] [pharmacy_proj.custom_middleware.py] [Time zone set to default]
[WARNING] [2024-09-23 20:53:33,296] [pharmacy_proj.custom_middleware.py] [Time zone set to default]
[WARNING] [2024-09-23 20:54:23,104] [pharmacy_proj.custom_middleware.py] [Time zone set to default]
[WARNING] [2024-09-23 20:54:23,194] [pharmacy_proj.custom_middleware.py] [Time zone set to default]
[WARNING] [2024-09-23 20:54:24,781] [pharmacy_proj.custom_middleware.py] [Time zone set to default]
[WARNING] [2024-09-23 20:54:24,851] [pharmacy_proj.custom_middleware.py] [Time zone set to default]
[WARNING] [2024-09-23 20:54:45,879] [pharmacy_proj.custom_middleware.py] [Time zone set to default]
[WARNING] [2024-09-23 20:54:45,902] [pharmacy_proj.custom_middleware.py] [Time zone set to default]
[WARNING] [2024-09-23 20:54:45,977] [pharmacy_proj.custom_middleware.py] [Time zone set to default]
[WARNING] [2024-09-23 20:55:06,143] [pharmacy_proj.custom_middleware.py] [Time zone set to default]
[WARNING] [2024-09-23 20:55:06,171] [pharmacy_proj.custom_middleware.py] [Time zone set to default]
[WARNING] [2024-09-23 20:55:06,267] [pharmacy_proj.custom_middleware.py] [Time zone set to default]
[WARNING] [2024-09-23 20:55:12,267] [pharmacy_proj.custom_middleware.py] [Time zone set to default]
[WARNING] [2024-09-23 20:55:12,332] [pharmacy_proj.custom_middleware.py] [Time zone set to default]
[WARNING] [2024-09-23 20:55:13,553] [pharmacy_proj.custom_middleware.py] [Time zone set to default]
[WARNING] [2024-09-23 20:55:13,618] [pharmacy_proj.custom_middleware.py] [Time zone set to default]
[WARNING] [2024-09-23 20:55:14,619] [pharmacy_proj.custom_middleware.py] [Time zone set to default]
[WARNING] [2024-09-23 20:55:14,699] [pharmacy_proj.custom_middleware.py] [Time zone set to default]
[WARNING] [2024-09-23 20:55:19,395] [pharmacy_proj.custom_middleware.py] [Time zone set to default]
[WARNING] [2024-09-23 20:55:19,456] [pharmacy_proj.custom_middleware.py] [Time zone set to default]
[WARNING] [2024-09-23 20:55:21,662] [pharmacy_proj.custom_middleware.py] [Time zone set to default]
[WARNING] [2024-09-23 20:55:21,733] [pharmacy_proj.custom_middleware.py] [Time zone set to default]
[WARNING] [2024-09-23 20:55:23,618] [pharmacy_proj.custom_middleware.py] [Time zone set to default]
[WARNING] [2024-09-23 20:55:23,676] [pharmacy_proj.custom_middleware.py] [Time zone set to default]
[WARNING] [2024-09-23 20:55:28,795] [pharmacy_proj.custom_middleware.py] [Time zone set to default]
[WARNING] [2024-09-23 20:55:28,858] [pharmacy_proj.custom_middleware.py] [Time zone set to default]
[WARNING] [2024-09-23 20:56:15,193] [pharmacy_proj.custom_middleware.py] [Time zone set to default]
[WARNING] [2024-09-23 20:56:15,223] [pharmacy_proj.custom_middleware.py] [Time zone set to default]
[WARNING] [2024-09-23 20:56:15,291] [pharmacy_proj.custom_middleware.py] [Time zone set to default]
[WARNING] [2024-09-23 20:56:56,207] [pharmacy_proj.custom_middleware.py] [Time zone set to default]
[WARNING] [2024-09-23 20:56:56,232] [pharmacy_proj.custom_middleware.py] [Time zone set to default]
[WARNING] [2024-09-23 20:56:56,305] [pharmacy_proj.custom_middleware.py] [Time zone set to default]
[WARNING] [2024-09-23 20:57:00,570] [pharmacy_proj.custom_middleware.py] [Time zone set to default]
[WARNING] [2024-09-23 20:57:00,628] [pharmacy_proj.custom_middleware.py] [Time zone set to default]
[WARNING] [2024-09-23 21:01:28,648] [pharmacy_proj.custom_middleware.py] [Time zone set to default]
[WARNING] [2024-09-23 21:01:28,721] [pharmacy_proj.custom_middleware.py] [Time zone set to default]
[WARNING] [2024-09-23 21:01:35,433] [pharmacy_proj.custom_middleware.py] [Time zone set to default]
[WARNING] [2024-09-23 21:01:35,518] [pharmacy_proj.custom_middleware.py] [Time zone set to default]
[WARNING] [2024-09-23 21:01:51,580] [pharmacy_proj.custom_middleware.py] [Time zone set to default]
[WARNING] [2024-09-23 21:01:51,654] [pharmacy_proj.custom_middleware.py] [Time zone set to default]
[WARNING] [2024-09-23 21:02:12,451] [pharmacy_proj.custom_middleware.py] [Time zone set to default]
[WARNING] [2024-09-23 21:02:12,520] [pharmacy_proj.custom_middleware.py] [Time zone set to default]
[WARNING] [2024-09-23 21:02:20,933] [pharmacy_proj.custom_middleware.py] [Time zone set to default]
[WARNING] [2024-09-23 21:02:21,275] [pharmacy_proj.custom_middleware.py] [Time zone set to default]
[WARNING] [2024-09-23 21:02:21,363] [pharmacy_proj.custom_middleware.py] [Time zone set to default]
[WARNING] [2024-09-23 21:02:44,853] [pharmacy_proj.custom_middleware.py] [Time zone set to default]
[WARNING] [2024-09-23 21:02:44,888] [pharmacy_proj.custom_middleware.py] [Time zone set to default]
[WARNING] [2024-09-23 21:02:44,953] [pharmacy_proj.custom_middleware.py] [Time zone set to default]
[WARNING] [2024-09-23 21:02:47,574] [pharmacy_proj.custom_middleware.py] [Time zone set to default]
[WARNING] [2024-09-23 21:02:47,636] [pharmacy_proj.custom_middleware.py] [Time zone set to default]
[WARNING] [2024-09-23 21:03:04,871] [pharmacy_proj.custom_middleware.py] [Time zone set to default]
[WARNING] [2024-09-23 21:03:05,211] [pharmacy_proj.custom_middleware.py] [Time zone set to default]
[WARNING] [2024-09-23 21:03:05,297] [pharmacy_proj.custom_middleware.py] [Time zone set to default]
[WARNING] [2024-09-23 21:03:28,127] [pharmacy_proj.custom_middleware.py] [Time zone set to default]
[WARNING] [2024-09-23 21:03:28,155] [pharmacy_proj.custom_middleware.py] [Time zone set to default]
[WARNING] [2024-09-23 21:03:28,234] [pharmacy_proj.custom_middleware.py] [Time zone set to default]
[WARNING] [2024-09-23 21:03:29,500] [pharmacy_proj.custom_middleware.py] [Time zone set to default]
[WARNING] [2024-09-23 21:03:29,570] [pharmacy_proj.custom_middleware.py] [Time zone set to default]
[WARNING] [2024-09-23 21:03:31,441] [pharmacy_proj.custom_middleware.py] [Time zone set to default]
[WARNING] [2024-09-23 21:03:31,467] [pharmacy_proj.custom_middleware.py] [Time zone set to default]
[WARNING] [2024-09-23 21:03:31,535] [pharmacy_proj.custom_middleware.py] [Time zone set to default]
[WARNING] [2024-09-23 21:03:34,116] [pharmacy_proj.custom_middleware.py] [Time zone set to default]
[WARNING] [2024-09-23 21:03:34,192] [pharmacy_proj.custom_middleware.py] [Time zone set to default]
[WARNING] [2024-09-23 21:03:48,751] [pharmacy_proj.custom_middleware.py] [Time zone set to default]
[WARNING] [2024-09-23 21:03:49,085] [pharmacy_proj.custom_middleware.py] [Time zone set to default]
[WARNING] [2024-09-23 21:03:49,186] [pharmacy_proj.custom_middleware.py] [Time zone set to default]
[WARNING] [2024-09-23 21:04:09,844] [pharmacy_proj.custom_middleware.py] [Time zone set to default]
[WARNING] [2024-09-23 21:04:09,877] [pharmacy_proj.custom_middleware.py] [Time zone set to default]
[WARNING] [2024-09-23 21:04:09,949] [pharmacy_proj.custom_middleware.py] [Time zone set to default]
[WARNING] [2024-09-23 21:04:12,094] [pharmacy_proj.custom_middleware.py] [Time zone set to default]
[WARNING] [2024-09-23 21:04:12,162] [pharmacy_proj.custom_middleware.py] [Time zone set to default]
[WARNING] [2024-09-23 21:04:13,404] [pharmacy_proj.custom_middleware.py] [Time zone set to default]
[WARNING] [2024-09-23 21:04:13,503] [pharmacy_proj.custom_middleware.py] [Time zone set to default]
[WARNING] [2024-09-23 21:04:48,389] [pharmacy_proj.custom_middleware.py] [Time zone set to default]
[WARNING] [2024-09-23 21:04:48,414] [pharmacy_proj.custom_middleware.py] [Time zone set to default]
[WARNING] [2024-09-23 21:04:48,518] [pharmacy_proj.custom_middleware.py] [Time zone set to default]
[WARNING] [2024-09-23 21:05:10,057] [pharmacy_proj.custom_middleware.py] [Time zone set to default]
[WARNING] [2024-09-23 21:05:10,085] [pharmacy_proj.custom_middleware.py] [Time zone set to default]
[WARNING] [2024-09-23 21:05:10,193] [pharmacy_proj.custom_middleware.py] [Time zone set to default]
[WARNING] [2024-09-23 21:05:32,352] [pharmacy_proj.custom_middleware.py] [Time zone set to default]
[WARNING] [2024-09-23 21:05:32,376] [pharmacy_proj.custom_middleware.py] [Time zone set to default]
[WARNING] [2024-09-23 21:05:32,448] [pharmacy_proj.custom_middleware.py] [Time zone set to default]
[WARNING] [2024-09-23 21:06:02,769] [pharmacy_proj.custom_middleware.py] [Time zone set to default]
[WARNING] [2024-09-23 21:06:02,829] [pharmacy_proj.custom_middleware.py] [Time zone set to default]
[WARNING] [2024-09-23 21:06:17,455] [pharmacy_proj.custom_middleware.py] [Time zone set to default]
[WARNING] [2024-09-23 21:06:17,554] [pharmacy_proj.custom_middleware.py] [Time zone set to default]
[WARNING] [2024-09-23 21:06:21,928] [pharmacy_proj.custom_middleware.py] [Time zone set to default]
[WARNING] [2024-09-23 21:06:21,993] [pharmacy_proj.custom_middleware.py] [Time zone set to default]
[WARNING] [2024-09-23 21:06:24,708] [pharmacy_proj.custom_middleware.py] [Time zone set to default]
[WARNING] [2024-09-23 21:06:24,775] [pharmacy_proj.custom_middleware.py] [Time zone set to default]
[WARNING] [2024-09-23 21:06:50,808] [pharmacy_proj.custom_middleware.py] [Time zone set to default]
[WARNING] [2024-09-23 21:06:51,134] [pharmacy_proj.custom_middleware.py] [Time zone set to default]
[WARNING] [2024-09-23 21:06:51,203] [pharmacy_proj.custom_middleware.py] [Time zone set to default]
[WARNING] [2024-09-23 21:07:17,142] [pharmacy_proj.custom_middleware.py] [Time zone set to default]
[WARNING] [2024-09-23 21:07:17,518] [pharmacy_proj.custom_middleware.py] [Time zone set to default]
[WARNING] [2024-09-23 21:07:17,585] [pharmacy_proj.custom_middleware.py] [Time zone set to default]
[WARNING] [2024-09-23 21:07:42,986] [pharmacy_proj.custom_middleware.py] [Time zone set to default]
[WARNING] [2024-09-23 21:07:43,050] [pharmacy_proj.custom_middleware.py] [Time zone set to default]
[WARNING] [2024-09-23 21:07:57,172] [pharmacy_proj.custom_middleware.py] [Time zone set to default]
[WARNING] [2024-09-23 21:07:57,600] [pharmacy_proj.custom_middleware.py] [Time zone set to default]
[WARNING] [2024-09-23 21:07:57,705] [pharmacy_proj.custom_middleware.py] [Time zone set to default]
[WARNING] [2024-09-23 21:08:02,893] [pharmacy_proj.custom_middleware.py] [Time zone set to default]
[WARNING] [2024-09-23 21:08:02,957] [pharmacy_proj.custom_middleware.py] [Time zone set to default]
[WARNING] [2024-09-23 21:08:04,453] [pharmacy_proj.custom_middleware.py] [Time zone set to default]
[WARNING] [2024-09-23 21:08:04,532] [pharmacy_proj.custom_middleware.py] [Time zone set to default]
[WARNING] [2024-09-23 21:08:30,336] [pharmacy_proj.custom_middleware.py] [Time zone set to default]
[WARNING] [2024-09-23 21:08:30,362] [pharmacy_proj.custom_middleware.py] [Time zone set to default]
[WARNING] [2024-09-23 21:08:30,434] [pharmacy_proj.custom_middleware.py] [Time zone set to default]
[WARNING] [2024-09-23 21:08:31,703] [pharmacy_proj.custom_middleware.py] [Time zone set to default]
[WARNING] [2024-09-23 21:08:31,783] [pharmacy_proj.custom_middleware.py] [Time zone set to default]
[WARNING] [2024-09-23 21:08:55,806] [pharmacy_proj.custom_middleware.py] [Time zone set to default]
[WARNING] [2024-09-23 21:08:55,834] [pharmacy_proj.custom_middleware.py] [Time zone set to default]
[WARNING] [2024-09-23 21:08:55,908] [pharmacy_proj.custom_middleware.py] [Time zone set to default]
[WARNING] [2024-09-23 21:08:57,392] [pharmacy_proj.custom_middleware.py] [Time zone set to default]
[WARNING] [2024-09-23 21:08:57,470] [pharmacy_proj.custom_middleware.py] [Time zone set to default]
[WARNING] [2024-09-23 21:09:14,051] [pharmacy_proj.custom_middleware.py] [Time zone set to default]
[WARNING] [2024-09-23 21:09:14,088] [pharmacy_proj.custom_middleware.py] [Time zone set to default]
[WARNING] [2024-09-23 21:09:14,162] [pharmacy_proj.custom_middleware.py] [Time zone set to default]
[WARNING] [2024-09-23 21:09:17,666] [pharmacy_proj.custom_middleware.py] [Time zone set to default]
[WARNING] [2024-09-23 21:09:17,731] [pharmacy_proj.custom_middleware.py] [Time zone set to default]
[WARNING] [2024-09-23 21:09:18,944] [pharmacy_proj.custom_middleware.py] [Time zone set to default]
[WARNING] [2024-09-23 21:09:19,039] [pharmacy_proj.custom_middleware.py] [Time zone set to default]
[WARNING] [2024-09-23 21:11:18,901] [pharmacy_proj.custom_middleware.py] [Time zone set to default]
[WARNING] [2024-09-23 21:11:18,926] [pharmacy_proj.custom_middleware.py] [Time zone set to default]
[WARNING] [2024-09-23 21:11:19,006] [pharmacy_proj.custom_middleware.py] [Time zone set to default]
[WARNING] [2024-09-23 21:11:43,804] [pharmacy_proj.custom_middleware.py] [Time zone set to default]
[WARNING] [2024-09-23 21:11:43,895] [pharmacy_proj.custom_middleware.py] [Time zone set to default]
[WARNING] [2024-09-23 21:11:53,590] [pharmacy_proj.custom_middleware.py] [Time zone set to default]
[WARNING] [2024-09-23 21:11:53,664] [pharmacy_proj.custom_middleware.py] [Time zone set to default]
[WARNING] [2024-09-23 21:12:01,106] [pharmacy_proj.custom_middleware.py] [Time zone set to default]
[WARNING] [2024-09-23 21:12:01,172] [pharmacy_proj.custom_middleware.py] [Time zone set to default]
[WARNING] [2024-09-23 21:12:04,832] [pharmacy_proj.custom_middleware.py] [Time zone set to default]
[WARNING] [2024-09-23 21:12:04,938] [pharmacy_proj.custom_middleware.py] [Time zone set to default]
[WARNING] [2024-09-23 21:13:58,261] [pharmacy_proj.custom_middleware.py] [Time zone set to default]
[WARNING] [2024-09-23 21:13:58,289] [pharmacy_proj.custom_middleware.py] [Time zone set to default]
[WARNING] [2024-09-23 21:13:58,362] [pharmacy_proj.custom_middleware.py] [Time zone set to default]
[WARNING] [2024-09-23 21:14:04,357] [pharmacy_proj.custom_middleware.py] [Time zone set to default]
[WARNING] [2024-09-23 21:14:04,465] [pharmacy_proj.custom_middleware.py] [Time zone set to default]
[WARNING] [2024-09-23 21:15:31,064] [pharmacy_proj.custom_middleware.py] [Time zone set to default]
[WARNING] [2024-09-23 21:15:31,094] [pharmacy_proj.custom_middleware.py] [Time zone set to default]
[WARNING] [2024-09-23 21:15:31,173] [pharmacy_proj.custom_middleware.py] [Time zone set to default]
[WARNING] [2024-09-23 21:15:42,218] [pharmacy_proj.custom_middleware.py] [Time zone set to default]
[WARNING] [2024-09-23 21:15:42,286] [pharmacy_proj.custom_middleware.py] [Time zone set to default]
[WARNING] [2024-09-23 21:15:43,620] [pharmacy_proj.custom_middleware.py] [Time zone set to default]
[WARNING] [2024-09-23 21:15:43,685] [pharmacy_proj.custom_middleware.py] [Time zone set to default]
[WARNING] [2024-09-23 21:15:47,296] [pharmacy_proj.custom_middleware.py] [Time zone set to default]
[INFO] [2024-09-23 22:10:50,815] [django.utils.autoreload.py] [Watching for file changes with StatReloader]
[WARNING] [2024-09-23 22:10:58,378] [pharmacy_proj.custom_middleware.py] [Time zone set to default]
[INFO] [2024-09-23 22:10:58,380] [pharmacy_app.views.py] [default_view is called]
[WARNING] [2024-09-23 22:10:58,407] [pharmacy_proj.custom_middleware.py] [Time zone set to default]
[INFO] [2024-09-23 22:10:58,407] [pharmacy_app.views.py] [home_view is called]
[WARNING] [2024-09-23 22:10:58,946] [pharmacy_proj.custom_middleware.py] [Time zone set to default]
[INFO] [2024-09-24 01:22:34,929] [django.utils.autoreload.py] [Watching for file changes with StatReloader]
[WARNING] [2024-09-24 01:22:44,283] [pharmacy_proj.custom_middleware.py] [Time zone set to default]
[INFO] [2024-09-24 01:22:44,283] [pharmacy_app.views.py] [default_view is called]
[WARNING] [2024-09-24 01:22:44,355] [pharmacy_proj.custom_middleware.py] [Time zone set to default]
[INFO] [2024-09-24 01:22:44,355] [pharmacy_app.views.py] [home_view is called]
[ERROR] [2024-09-24 01:22:44,895] [django.request.py] [Internal Server Error: /home/]
Traceback (most recent call last):
  File "C:\253501_LYAMTSEV_14\IGI\LR5\.venv\Lib\site-packages\django\db\backends\utils.py", line 105, in _execute
    return self.cursor.execute(sql, params)
           ^^^^^^^^^^^^^^^^^^^^^^^^^^^^^^^^
  File "C:\253501_LYAMTSEV_14\IGI\LR5\.venv\Lib\site-packages\django\db\backends\sqlite3\base.py", line 329, in execute
    return super().execute(query, params)
           ^^^^^^^^^^^^^^^^^^^^^^^^^^^^^^
sqlite3.OperationalError: no such column: pharmacy_app_order.is_paid

The above exception was the direct cause of the following exception:

Traceback (most recent call last):
  File "C:\253501_LYAMTSEV_14\IGI\LR5\.venv\Lib\site-packages\django\core\handlers\exception.py", line 55, in inner
    response = get_response(request)
               ^^^^^^^^^^^^^^^^^^^^^
  File "C:\253501_LYAMTSEV_14\IGI\LR5\.venv\Lib\site-packages\django\core\handlers\base.py", line 197, in _get_response
    response = wrapped_callback(request, *callback_args, **callback_kwargs)
               ^^^^^^^^^^^^^^^^^^^^^^^^^^^^^^^^^^^^^^^^^^^^^^^^^^^^^^^^^^^^
  File "C:\253501_LYAMTSEV_14\STRWEB\LR1\pharmacy_proj\pharmacy_app\views.py", line 508, in home_view
    revenue_list = [medication.get_total_revenue()
                   ^^^^^^^^^^^^^^^^^^^^^^^^^^^^^^^
  File "C:\253501_LYAMTSEV_14\STRWEB\LR1\pharmacy_proj\pharmacy_app\views.py", line 508, in <listcomp>
    revenue_list = [medication.get_total_revenue()
                    ^^^^^^^^^^^^^^^^^^^^^^^^^^^^^^
  File "C:\253501_LYAMTSEV_14\STRWEB\LR1\pharmacy_proj\pharmacy_app\models.py", line 97, in get_total_revenue
    return sum((order.get_total_cost() for order in self.order_set.all() if order.is_paid))
               ^^^^^^^^^^^^^^^^^^^^^^^^^^^^^^^^^^^^^^^^^^^^^^^^^^^^^^^^^^^^^^^^^^^^^^^^^^^
  File "C:\253501_LYAMTSEV_14\IGI\LR5\.venv\Lib\site-packages\django\db\models\query.py", line 400, in __iter__
    self._fetch_all()
  File "C:\253501_LYAMTSEV_14\IGI\LR5\.venv\Lib\site-packages\django\db\models\query.py", line 1928, in _fetch_all
    self._result_cache = list(self._iterable_class(self))
                         ^^^^^^^^^^^^^^^^^^^^^^^^^^^^^^^^
  File "C:\253501_LYAMTSEV_14\IGI\LR5\.venv\Lib\site-packages\django\db\models\query.py", line 91, in __iter__
    results = compiler.execute_sql(
              ^^^^^^^^^^^^^^^^^^^^^
  File "C:\253501_LYAMTSEV_14\IGI\LR5\.venv\Lib\site-packages\django\db\models\sql\compiler.py", line 1562, in execute_sql
    cursor.execute(sql, params)
  File "C:\253501_LYAMTSEV_14\IGI\LR5\.venv\Lib\site-packages\django\db\backends\utils.py", line 122, in execute
    return super().execute(sql, params)
           ^^^^^^^^^^^^^^^^^^^^^^^^^^^^
  File "C:\253501_LYAMTSEV_14\IGI\LR5\.venv\Lib\site-packages\django\db\backends\utils.py", line 79, in execute
    return self._execute_with_wrappers(
           ^^^^^^^^^^^^^^^^^^^^^^^^^^^^
  File "C:\253501_LYAMTSEV_14\IGI\LR5\.venv\Lib\site-packages\django\db\backends\utils.py", line 92, in _execute_with_wrappers
    return executor(sql, params, many, context)
           ^^^^^^^^^^^^^^^^^^^^^^^^^^^^^^^^^^^^
  File "C:\253501_LYAMTSEV_14\IGI\LR5\.venv\Lib\site-packages\django\db\backends\utils.py", line 100, in _execute
    with self.db.wrap_database_errors:
  File "C:\253501_LYAMTSEV_14\IGI\LR5\.venv\Lib\site-packages\django\db\utils.py", line 91, in __exit__
    raise dj_exc_value.with_traceback(traceback) from exc_value
  File "C:\253501_LYAMTSEV_14\IGI\LR5\.venv\Lib\site-packages\django\db\backends\utils.py", line 105, in _execute
    return self.cursor.execute(sql, params)
           ^^^^^^^^^^^^^^^^^^^^^^^^^^^^^^^^
  File "C:\253501_LYAMTSEV_14\IGI\LR5\.venv\Lib\site-packages\django\db\backends\sqlite3\base.py", line 329, in execute
    return super().execute(query, params)
           ^^^^^^^^^^^^^^^^^^^^^^^^^^^^^^
django.db.utils.OperationalError: no such column: pharmacy_app_order.is_paid
[WARNING] [2024-09-24 01:22:45,737] [pharmacy_proj.custom_middleware.py] [Time zone set to default]
[WARNING] [2024-09-24 01:22:45,781] [django.request.py] [Not Found: /favicon.ico]
[INFO] [2024-09-24 01:24:00,271] [django.utils.autoreload.py] [Watching for file changes with StatReloader]
[WARNING] [2024-09-24 01:24:13,347] [pharmacy_proj.custom_middleware.py] [Time zone set to default]
[INFO] [2024-09-24 01:24:13,347] [pharmacy_app.views.py] [default_view is called]
[WARNING] [2024-09-24 01:24:13,418] [pharmacy_proj.custom_middleware.py] [Time zone set to default]
[INFO] [2024-09-24 01:24:13,421] [pharmacy_app.views.py] [home_view is called]
[WARNING] [2024-09-24 01:24:15,708] [pharmacy_proj.custom_middleware.py] [Time zone set to default]
[WARNING] [2024-09-24 01:24:32,087] [pharmacy_proj.custom_middleware.py] [Time zone set to default]
[INFO] [2024-09-24 01:24:32,088] [pharmacy_app.views.py] [policy_view is called]
[INFO] [2024-09-24 10:16:15,736] [django.utils.autoreload.py] [Watching for file changes with StatReloader]
[WARNING] [2024-09-24 10:16:19,401] [pharmacy_proj.custom_middleware.py] [Time zone set to default]
[INFO] [2024-09-24 10:16:19,401] [pharmacy_app.views.py] [default_view is called]
[WARNING] [2024-09-24 10:16:19,443] [pharmacy_proj.custom_middleware.py] [Time zone set to default]
[INFO] [2024-09-24 10:16:19,444] [pharmacy_app.views.py] [home_view is called]
[ERROR] [2024-09-24 10:16:20,728] [django.request.py] [Internal Server Error: /home/]
Traceback (most recent call last):
  File "C:\253501_LYAMTSEV_14\IGI\LR5\.venv\Lib\site-packages\django\template\base.py", line 502, in parse
    compile_func = self.tags[command]
                   ~~~~~~~~~^^^^^^^^^
KeyError: 'static'

During handling of the above exception, another exception occurred:

Traceback (most recent call last):
  File "C:\253501_LYAMTSEV_14\IGI\LR5\.venv\Lib\site-packages\django\core\handlers\exception.py", line 55, in inner
    response = get_response(request)
               ^^^^^^^^^^^^^^^^^^^^^
  File "C:\253501_LYAMTSEV_14\IGI\LR5\.venv\Lib\site-packages\django\core\handlers\base.py", line 197, in _get_response
    response = wrapped_callback(request, *callback_args, **callback_kwargs)
               ^^^^^^^^^^^^^^^^^^^^^^^^^^^^^^^^^^^^^^^^^^^^^^^^^^^^^^^^^^^^
  File "C:\253501_LYAMTSEV_14\STRWEB\LR1\pharmacy_proj\pharmacy_app\views.py", line 538, in home_view
    return render(request, 'home_details.html', context)
           ^^^^^^^^^^^^^^^^^^^^^^^^^^^^^^^^^^^^^^^^^^^^^
  File "C:\253501_LYAMTSEV_14\IGI\LR5\.venv\Lib\site-packages\django\shortcuts.py", line 25, in render
    content = loader.render_to_string(template_name, context, request, using=using)
              ^^^^^^^^^^^^^^^^^^^^^^^^^^^^^^^^^^^^^^^^^^^^^^^^^^^^^^^^^^^^^^^^^^^^^
  File "C:\253501_LYAMTSEV_14\IGI\LR5\.venv\Lib\site-packages\django\template\loader.py", line 62, in render_to_string
    return template.render(context, request)
           ^^^^^^^^^^^^^^^^^^^^^^^^^^^^^^^^^
  File "C:\253501_LYAMTSEV_14\IGI\LR5\.venv\Lib\site-packages\django\template\backends\django.py", line 61, in render
    return self.template.render(context)
           ^^^^^^^^^^^^^^^^^^^^^^^^^^^^^
  File "C:\253501_LYAMTSEV_14\IGI\LR5\.venv\Lib\site-packages\django\template\base.py", line 171, in render
    return self._render(context)
           ^^^^^^^^^^^^^^^^^^^^^
  File "C:\253501_LYAMTSEV_14\IGI\LR5\.venv\Lib\site-packages\django\template\base.py", line 163, in _render
    return self.nodelist.render(context)
           ^^^^^^^^^^^^^^^^^^^^^^^^^^^^^
  File "C:\253501_LYAMTSEV_14\IGI\LR5\.venv\Lib\site-packages\django\template\base.py", line 1000, in render
    return SafeString("".join([node.render_annotated(context) for node in self]))
                              ^^^^^^^^^^^^^^^^^^^^^^^^^^^^^^^^^^^^^^^^^^^^^^^^^
  File "C:\253501_LYAMTSEV_14\IGI\LR5\.venv\Lib\site-packages\django\template\base.py", line 1000, in <listcomp>
    return SafeString("".join([node.render_annotated(context) for node in self]))
                               ^^^^^^^^^^^^^^^^^^^^^^^^^^^^^^
  File "C:\253501_LYAMTSEV_14\IGI\LR5\.venv\Lib\site-packages\django\template\base.py", line 961, in render_annotated
    return self.render(context)
           ^^^^^^^^^^^^^^^^^^^^
  File "C:\253501_LYAMTSEV_14\IGI\LR5\.venv\Lib\site-packages\django\template\loader_tags.py", line 134, in render
    compiled_parent = self.get_parent(context)
                      ^^^^^^^^^^^^^^^^^^^^^^^^
  File "C:\253501_LYAMTSEV_14\IGI\LR5\.venv\Lib\site-packages\django\template\loader_tags.py", line 131, in get_parent
    return self.find_template(parent, context)
           ^^^^^^^^^^^^^^^^^^^^^^^^^^^^^^^^^^^
  File "C:\253501_LYAMTSEV_14\IGI\LR5\.venv\Lib\site-packages\django\template\loader_tags.py", line 109, in find_template
    template, origin = context.template.engine.find_template(
                       ^^^^^^^^^^^^^^^^^^^^^^^^^^^^^^^^^^^^^^
  File "C:\253501_LYAMTSEV_14\IGI\LR5\.venv\Lib\site-packages\django\template\engine.py", line 159, in find_template
    template = loader.get_template(name, skip=skip)
               ^^^^^^^^^^^^^^^^^^^^^^^^^^^^^^^^^^^^
  File "C:\253501_LYAMTSEV_14\IGI\LR5\.venv\Lib\site-packages\django\template\loaders\cached.py", line 57, in get_template
    template = super().get_template(template_name, skip)
               ^^^^^^^^^^^^^^^^^^^^^^^^^^^^^^^^^^^^^^^^^
  File "C:\253501_LYAMTSEV_14\IGI\LR5\.venv\Lib\site-packages\django\template\loaders\base.py", line 28, in get_template
    return Template(
           ^^^^^^^^^
  File "C:\253501_LYAMTSEV_14\IGI\LR5\.venv\Lib\site-packages\django\template\base.py", line 154, in __init__
    self.nodelist = self.compile_nodelist()
                    ^^^^^^^^^^^^^^^^^^^^^^^
  File "C:\253501_LYAMTSEV_14\IGI\LR5\.venv\Lib\site-packages\django\template\base.py", line 196, in compile_nodelist
    return parser.parse()
           ^^^^^^^^^^^^^^
  File "C:\253501_LYAMTSEV_14\IGI\LR5\.venv\Lib\site-packages\django\template\base.py", line 504, in parse
    self.invalid_block_tag(token, command, parse_until)
  File "C:\253501_LYAMTSEV_14\IGI\LR5\.venv\Lib\site-packages\django\template\base.py", line 565, in invalid_block_tag
    raise self.error(
django.template.exceptions.TemplateSyntaxError: Invalid block tag on line 6: 'static'. Did you forget to register or load this tag?
[WARNING] [2024-09-24 10:16:21,158] [pharmacy_proj.custom_middleware.py] [Time zone set to default]
[WARNING] [2024-09-24 10:16:21,179] [django.request.py] [Not Found: /favicon.ico]
[WARNING] [2024-09-24 10:16:45,834] [pharmacy_proj.custom_middleware.py] [Time zone set to default]
[INFO] [2024-09-24 10:16:45,834] [pharmacy_app.views.py] [home_view is called]
[WARNING] [2024-09-24 10:16:46,091] [pharmacy_proj.custom_middleware.py] [Time zone set to default]
[WARNING] [2024-09-24 10:16:54,064] [pharmacy_proj.custom_middleware.py] [Time zone set to default]
[INFO] [2024-09-24 10:16:54,064] [pharmacy_app.views.py] [home_view is called]
[WARNING] [2024-09-24 10:16:54,312] [pharmacy_proj.custom_middleware.py] [Time zone set to default]
[WARNING] [2024-09-24 10:16:55,536] [pharmacy_proj.custom_middleware.py] [Time zone set to default]
[INFO] [2024-09-24 10:16:55,537] [pharmacy_app.views.py] [info_view is called]
[INFO] [2024-09-24 10:16:55,537] [pharmacy_app.views.py] [There is company info in database]
[WARNING] [2024-09-24 10:18:35,948] [pharmacy_proj.custom_middleware.py] [Time zone set to default]
[INFO] [2024-09-24 10:18:35,949] [pharmacy_app.views.py] [info_view is called]
[INFO] [2024-09-24 10:18:35,950] [pharmacy_app.views.py] [There is company info in database]
[INFO] [2024-09-24 10:18:47,407] [django.utils.autoreload.py] [Watching for file changes with StatReloader]
[WARNING] [2024-09-24 10:18:49,429] [pharmacy_proj.custom_middleware.py] [Time zone set to default]
[INFO] [2024-09-24 10:18:49,430] [pharmacy_app.views.py] [default_view is called]
[WARNING] [2024-09-24 10:18:49,468] [pharmacy_proj.custom_middleware.py] [Time zone set to default]
[INFO] [2024-09-24 10:18:49,468] [pharmacy_app.views.py] [home_view is called]
[WARNING] [2024-09-24 10:18:49,915] [pharmacy_proj.custom_middleware.py] [Time zone set to default]
[INFO] [2024-09-24 10:20:55,927] [django.utils.autoreload.py] [C:\253501_LYAMTSEV_14\STRWEB\LR1\pharmacy_proj\pharmacy_proj\settings.py changed, reloading.]
[INFO] [2024-09-24 10:20:57,811] [django.utils.autoreload.py] [Watching for file changes with StatReloader]
[WARNING] [2024-09-24 10:21:00,718] [pharmacy_proj.custom_middleware.py] [Time zone set to default]
[INFO] [2024-09-24 10:21:00,719] [pharmacy_app.views.py] [default_view is called]
[WARNING] [2024-09-24 10:21:00,766] [pharmacy_proj.custom_middleware.py] [Time zone set to default]
[INFO] [2024-09-24 10:21:00,766] [pharmacy_app.views.py] [home_view is called]
[WARNING] [2024-09-24 10:21:01,183] [pharmacy_proj.custom_middleware.py] [Time zone set to default]
[INFO] [2024-09-24 10:23:12,770] [django.utils.autoreload.py] [C:\253501_LYAMTSEV_14\STRWEB\LR1\pharmacy_proj\pharmacy_proj\settings.py changed, reloading.]
[INFO] [2024-09-24 10:23:14,619] [django.utils.autoreload.py] [Watching for file changes with StatReloader]
[WARNING] [2024-09-24 10:23:28,037] [pharmacy_proj.custom_middleware.py] [Time zone set to default]
[INFO] [2024-09-24 10:23:28,037] [pharmacy_app.views.py] [home_view is called]
[WARNING] [2024-09-24 10:23:28,422] [pharmacy_proj.custom_middleware.py] [Time zone set to default]
[WARNING] [2024-09-24 10:23:29,812] [pharmacy_proj.custom_middleware.py] [Time zone set to default]
[INFO] [2024-09-24 10:23:29,812] [pharmacy_app.views.py] [home_view is called]
[WARNING] [2024-09-24 10:23:30,069] [pharmacy_proj.custom_middleware.py] [Time zone set to default]
[INFO] [2024-09-24 10:27:19,991] [django.utils.autoreload.py] [C:\253501_LYAMTSEV_14\STRWEB\LR1\pharmacy_proj\pharmacy_app\models.py changed, reloading.]
[INFO] [2024-09-24 10:27:21,911] [django.utils.autoreload.py] [Watching for file changes with StatReloader]
[INFO] [2024-09-24 10:40:56,884] [django.utils.autoreload.py] [Watching for file changes with StatReloader]
[WARNING] [2024-09-24 10:41:50,977] [pharmacy_proj.custom_middleware.py] [Time zone set to default]
[INFO] [2024-09-24 10:41:50,978] [pharmacy_app.views.py] [default_view is called]
[WARNING] [2024-09-24 10:41:51,017] [pharmacy_proj.custom_middleware.py] [Time zone set to default]
[INFO] [2024-09-24 10:41:51,018] [pharmacy_app.views.py] [home_view is called]
[WARNING] [2024-09-24 10:41:51,549] [pharmacy_proj.custom_middleware.py] [Time zone set to default]
[WARNING] [2024-09-24 10:41:52,860] [pharmacy_proj.custom_middleware.py] [Time zone set to default]
[INFO] [2024-09-24 10:41:52,860] [pharmacy_app.views.py] [user_view is called]
[WARNING] [2024-09-24 10:41:52,923] [pharmacy_proj.custom_middleware.py] [Time zone set to default]
[WARNING] [2024-09-24 10:41:53,171] [pharmacy_proj.custom_middleware.py] [Time zone set to default]
[WARNING] [2024-09-24 10:41:53,187] [django.request.py] [Not Found: /favicon.ico]
[WARNING] [2024-09-24 10:42:12,320] [pharmacy_proj.custom_middleware.py] [Time zone set to default]
[WARNING] [2024-09-24 10:42:12,506] [pharmacy_proj.custom_middleware.py] [Time zone set to default]
[WARNING] [2024-09-24 10:42:14,037] [pharmacy_proj.custom_middleware.py] [Time zone set to default]
[WARNING] [2024-09-24 10:42:14,218] [pharmacy_proj.custom_middleware.py] [Time zone set to default]
[WARNING] [2024-09-24 10:42:53,484] [pharmacy_proj.custom_middleware.py] [Time zone set to default]
[WARNING] [2024-09-24 10:42:53,726] [pharmacy_proj.custom_middleware.py] [Time zone set to default]
[WARNING] [2024-09-24 10:43:17,896] [pharmacy_proj.custom_middleware.py] [Time zone set to default]
[WARNING] [2024-09-24 10:43:17,966] [pharmacy_proj.custom_middleware.py] [Time zone set to default]
[WARNING] [2024-09-24 10:43:50,861] [pharmacy_proj.custom_middleware.py] [Time zone set to default]
[WARNING] [2024-09-24 10:43:50,894] [pharmacy_proj.custom_middleware.py] [Time zone set to default]
[WARNING] [2024-09-24 10:43:51,004] [pharmacy_proj.custom_middleware.py] [Time zone set to default]
[WARNING] [2024-09-24 10:43:55,931] [pharmacy_proj.custom_middleware.py] [Time zone set to default]
[WARNING] [2024-09-24 10:43:55,995] [pharmacy_proj.custom_middleware.py] [Time zone set to default]
[WARNING] [2024-09-24 10:44:20,189] [pharmacy_proj.custom_middleware.py] [Time zone set to default]
[WARNING] [2024-09-24 10:44:20,216] [pharmacy_proj.custom_middleware.py] [Time zone set to default]
[WARNING] [2024-09-24 10:44:20,293] [pharmacy_proj.custom_middleware.py] [Time zone set to default]
[WARNING] [2024-09-24 10:44:31,613] [pharmacy_proj.custom_middleware.py] [Time zone set to default]
[WARNING] [2024-09-24 10:44:31,696] [pharmacy_proj.custom_middleware.py] [Time zone set to default]
[WARNING] [2024-09-24 10:44:34,781] [pharmacy_proj.custom_middleware.py] [Time zone set to default]
[WARNING] [2024-09-24 10:44:34,857] [pharmacy_proj.custom_middleware.py] [Time zone set to default]
[WARNING] [2024-09-24 10:44:38,648] [pharmacy_proj.custom_middleware.py] [Time zone set to default]
[WARNING] [2024-09-24 10:44:38,723] [pharmacy_proj.custom_middleware.py] [Time zone set to default]
[WARNING] [2024-09-24 10:44:41,486] [pharmacy_proj.custom_middleware.py] [Time zone set to default]
[WARNING] [2024-09-24 10:44:41,565] [pharmacy_proj.custom_middleware.py] [Time zone set to default]
[WARNING] [2024-09-24 10:44:47,404] [pharmacy_proj.custom_middleware.py] [Time zone set to default]
[WARNING] [2024-09-24 10:44:47,491] [pharmacy_proj.custom_middleware.py] [Time zone set to default]
[WARNING] [2024-09-24 10:44:48,904] [pharmacy_proj.custom_middleware.py] [Time zone set to default]
[WARNING] [2024-09-24 10:44:49,000] [pharmacy_proj.custom_middleware.py] [Time zone set to default]
[WARNING] [2024-09-24 10:45:19,775] [pharmacy_proj.custom_middleware.py] [Time zone set to default]
[WARNING] [2024-09-24 10:45:19,804] [pharmacy_proj.custom_middleware.py] [Time zone set to default]
[WARNING] [2024-09-24 10:45:19,886] [pharmacy_proj.custom_middleware.py] [Time zone set to default]
[WARNING] [2024-09-24 10:45:46,047] [pharmacy_proj.custom_middleware.py] [Time zone set to default]
[WARNING] [2024-09-24 10:45:46,076] [pharmacy_proj.custom_middleware.py] [Time zone set to default]
[WARNING] [2024-09-24 10:45:46,152] [pharmacy_proj.custom_middleware.py] [Time zone set to default]
[WARNING] [2024-09-24 10:45:48,152] [pharmacy_proj.custom_middleware.py] [Time zone set to default]
[WARNING] [2024-09-24 10:45:48,234] [pharmacy_proj.custom_middleware.py] [Time zone set to default]
[WARNING] [2024-09-24 10:46:04,988] [pharmacy_proj.custom_middleware.py] [Time zone set to default]
[WARNING] [2024-09-24 10:46:05,018] [pharmacy_proj.custom_middleware.py] [Time zone set to default]
[WARNING] [2024-09-24 10:46:05,096] [pharmacy_proj.custom_middleware.py] [Time zone set to default]
[WARNING] [2024-09-24 10:46:07,954] [pharmacy_proj.custom_middleware.py] [Time zone set to default]
[WARNING] [2024-09-24 10:46:08,034] [pharmacy_proj.custom_middleware.py] [Time zone set to default]
[WARNING] [2024-09-24 10:46:09,335] [pharmacy_proj.custom_middleware.py] [Time zone set to default]
[WARNING] [2024-09-24 10:46:09,415] [pharmacy_proj.custom_middleware.py] [Time zone set to default]
[WARNING] [2024-09-24 10:46:09,933] [pharmacy_proj.custom_middleware.py] [Time zone set to default]
[WARNING] [2024-09-24 10:46:10,011] [pharmacy_proj.custom_middleware.py] [Time zone set to default]
[WARNING] [2024-09-24 10:46:12,571] [pharmacy_proj.custom_middleware.py] [Time zone set to default]
[WARNING] [2024-09-24 10:46:12,656] [pharmacy_proj.custom_middleware.py] [Time zone set to default]
[WARNING] [2024-09-24 10:50:05,961] [pharmacy_proj.custom_middleware.py] [Time zone set to default]
[WARNING] [2024-09-24 10:50:06,057] [pharmacy_proj.custom_middleware.py] [Time zone set to default]
[WARNING] [2024-09-24 10:50:23,252] [pharmacy_proj.custom_middleware.py] [Time zone set to default]
[WARNING] [2024-09-24 10:50:23,294] [pharmacy_proj.custom_middleware.py] [Time zone set to default]
[WARNING] [2024-09-24 10:50:23,373] [pharmacy_proj.custom_middleware.py] [Time zone set to default]
[WARNING] [2024-09-24 10:50:25,010] [pharmacy_proj.custom_middleware.py] [Time zone set to default]
[WARNING] [2024-09-24 10:50:25,096] [pharmacy_proj.custom_middleware.py] [Time zone set to default]
[WARNING] [2024-09-24 10:50:39,066] [pharmacy_proj.custom_middleware.py] [Time zone set to default]
[WARNING] [2024-09-24 10:50:41,218] [pharmacy_proj.custom_middleware.py] [Time zone set to default]
[WARNING] [2024-09-24 10:50:44,099] [pharmacy_proj.custom_middleware.py] [Time zone set to default]
[WARNING] [2024-09-24 10:50:44,169] [pharmacy_proj.custom_middleware.py] [Time zone set to default]
[WARNING] [2024-09-24 10:58:20,860] [pharmacy_proj.custom_middleware.py] [Time zone set to default]
[WARNING] [2024-09-24 10:58:20,960] [pharmacy_proj.custom_middleware.py] [Time zone set to default]
[WARNING] [2024-09-24 10:58:38,289] [pharmacy_proj.custom_middleware.py] [Time zone set to default]
[WARNING] [2024-09-24 10:58:38,321] [pharmacy_proj.custom_middleware.py] [Time zone set to default]
[WARNING] [2024-09-24 10:58:38,396] [pharmacy_proj.custom_middleware.py] [Time zone set to default]
[WARNING] [2024-09-24 10:58:39,515] [pharmacy_proj.custom_middleware.py] [Time zone set to default]
[WARNING] [2024-09-24 10:58:39,578] [pharmacy_proj.custom_middleware.py] [Time zone set to default]
[WARNING] [2024-09-24 10:58:52,735] [pharmacy_proj.custom_middleware.py] [Time zone set to default]
[WARNING] [2024-09-24 10:58:52,768] [pharmacy_proj.custom_middleware.py] [Time zone set to default]
[WARNING] [2024-09-24 10:58:52,862] [pharmacy_proj.custom_middleware.py] [Time zone set to default]
[WARNING] [2024-09-24 10:58:57,178] [pharmacy_proj.custom_middleware.py] [Time zone set to default]
[WARNING] [2024-09-24 10:58:57,249] [pharmacy_proj.custom_middleware.py] [Time zone set to default]
[WARNING] [2024-09-24 10:58:58,807] [pharmacy_proj.custom_middleware.py] [Time zone set to default]
[WARNING] [2024-09-24 10:59:20,406] [pharmacy_proj.custom_middleware.py] [Time zone set to default]
[WARNING] [2024-09-24 10:59:20,439] [pharmacy_proj.custom_middleware.py] [Time zone set to default]
[WARNING] [2024-09-24 10:59:20,514] [pharmacy_proj.custom_middleware.py] [Time zone set to default]
[WARNING] [2024-09-24 10:59:22,614] [pharmacy_proj.custom_middleware.py] [Time zone set to default]
[WARNING] [2024-09-24 10:59:22,686] [pharmacy_proj.custom_middleware.py] [Time zone set to default]
[WARNING] [2024-09-24 10:59:23,148] [pharmacy_proj.custom_middleware.py] [Time zone set to default]
[WARNING] [2024-09-24 10:59:23,223] [pharmacy_proj.custom_middleware.py] [Time zone set to default]
[WARNING] [2024-09-24 10:59:24,037] [pharmacy_proj.custom_middleware.py] [Time zone set to default]
[WARNING] [2024-09-24 10:59:24,110] [pharmacy_proj.custom_middleware.py] [Time zone set to default]
[WARNING] [2024-09-24 10:59:24,583] [pharmacy_proj.custom_middleware.py] [Time zone set to default]
[WARNING] [2024-09-24 10:59:24,657] [pharmacy_proj.custom_middleware.py] [Time zone set to default]
[WARNING] [2024-09-24 10:59:25,006] [pharmacy_proj.custom_middleware.py] [Time zone set to default]
[WARNING] [2024-09-24 10:59:25,072] [pharmacy_proj.custom_middleware.py] [Time zone set to default]
[WARNING] [2024-09-24 10:59:25,665] [pharmacy_proj.custom_middleware.py] [Time zone set to default]
[WARNING] [2024-09-24 10:59:25,746] [pharmacy_proj.custom_middleware.py] [Time zone set to default]
[WARNING] [2024-09-24 10:59:26,308] [pharmacy_proj.custom_middleware.py] [Time zone set to default]
[WARNING] [2024-09-24 10:59:26,383] [pharmacy_proj.custom_middleware.py] [Time zone set to default]
[INFO] [2024-09-24 11:07:22,081] [django.utils.autoreload.py] [C:\253501_LYAMTSEV_14\STRWEB\LR1\pharmacy_proj\pharmacy_app\views.py changed, reloading.]
[INFO] [2024-09-24 11:07:23,995] [django.utils.autoreload.py] [Watching for file changes with StatReloader]
[INFO] [2024-09-24 11:14:31,100] [django.utils.autoreload.py] [Watching for file changes with StatReloader]
[WARNING] [2024-09-24 11:14:33,082] [pharmacy_proj.custom_middleware.py] [Time zone set to default]
[INFO] [2024-09-24 11:14:33,083] [pharmacy_app.views.py] [default_view is called]
[WARNING] [2024-09-24 11:14:33,118] [pharmacy_proj.custom_middleware.py] [Time zone set to default]
[INFO] [2024-09-24 11:14:33,124] [pharmacy_app.views.py] [home_view is called]
[WARNING] [2024-09-24 11:14:33,671] [pharmacy_proj.custom_middleware.py] [Time zone set to default]
[WARNING] [2024-09-24 11:14:37,011] [pharmacy_proj.custom_middleware.py] [Time zone set to default]
[INFO] [2024-09-24 11:14:37,011] [pharmacy_app.views.py] [logout_view is called]
[WARNING] [2024-09-24 11:14:37,028] [pharmacy_proj.custom_middleware.py] [Time zone set to default]
[INFO] [2024-09-24 11:14:37,028] [pharmacy_app.views.py] [login_view is called]
[WARNING] [2024-09-24 11:14:38,879] [pharmacy_proj.custom_middleware.py] [Time zone set to default]
[INFO] [2024-09-24 11:14:38,880] [pharmacy_app.views.py] [home_view is called]
[INFO] [2024-09-24 11:14:38,880] [pharmacy_app.views.py] [User is client or not authenticated]
[WARNING] [2024-09-24 11:14:38,975] [pharmacy_proj.custom_middleware.py] [Time zone set to default]
[WARNING] [2024-09-24 11:14:38,977] [pharmacy_proj.custom_middleware.py] [Time zone set to default]
[WARNING] [2024-09-24 11:15:06,287] [pharmacy_proj.custom_middleware.py] [Time zone set to default]
[WARNING] [2024-09-24 11:16:33,172] [pharmacy_proj.custom_middleware.py] [Time zone set to default]
[INFO] [2024-09-24 11:16:33,172] [pharmacy_app.views.py] [home_view is called]
[INFO] [2024-09-24 11:16:33,172] [pharmacy_app.views.py] [User is client or not authenticated]
[WARNING] [2024-09-24 11:16:33,239] [pharmacy_proj.custom_middleware.py] [Time zone set to default]
[WARNING] [2024-09-24 11:16:33,251] [pharmacy_proj.custom_middleware.py] [Time zone set to default]
[WARNING] [2024-09-24 11:18:18,789] [pharmacy_proj.custom_middleware.py] [Time zone set to default]
[INFO] [2024-09-24 11:18:18,789] [pharmacy_app.views.py] [home_view is called]
[INFO] [2024-09-24 11:18:18,791] [pharmacy_app.views.py] [User is client or not authenticated]
[WARNING] [2024-09-24 11:19:22,310] [pharmacy_proj.custom_middleware.py] [Time zone set to default]
[INFO] [2024-09-24 11:19:22,312] [pharmacy_app.views.py] [default_view is called]
[WARNING] [2024-09-24 11:19:22,323] [pharmacy_proj.custom_middleware.py] [Time zone set to default]
[INFO] [2024-09-24 11:19:22,323] [pharmacy_app.views.py] [home_view is called]
[INFO] [2024-09-24 11:19:22,324] [pharmacy_app.views.py] [User is client or not authenticated]
[WARNING] [2024-09-24 11:19:22,410] [pharmacy_proj.custom_middleware.py] [Time zone set to default]
[WARNING] [2024-09-24 11:19:23,696] [pharmacy_proj.custom_middleware.py] [Time zone set to default]
[INFO] [2024-09-24 11:19:23,700] [pharmacy_app.views.py] [login_view is called]
[WARNING] [2024-09-24 11:19:28,231] [pharmacy_proj.custom_middleware.py] [Time zone set to default]
[INFO] [2024-09-24 11:19:28,231] [pharmacy_app.views.py] [login_view is called]
[INFO] [2024-09-24 11:19:28,594] [pharmacy_app.views.py] [Form is valid]
[WARNING] [2024-09-24 11:19:28,962] [pharmacy_proj.custom_middleware.py] [Time zone set to default]
[INFO] [2024-09-24 11:19:28,962] [pharmacy_app.views.py] [home_view is called]
[WARNING] [2024-09-24 11:19:29,237] [pharmacy_proj.custom_middleware.py] [Time zone set to default]
[WARNING] [2024-09-24 11:19:31,155] [pharmacy_proj.custom_middleware.py] [Time zone set to default]
[INFO] [2024-09-24 11:19:31,155] [pharmacy_app.views.py] [user_view is called]
[WARNING] [2024-09-24 11:19:31,173] [pharmacy_proj.custom_middleware.py] [Time zone set to default]
[WARNING] [2024-09-24 11:19:31,204] [pharmacy_proj.custom_middleware.py] [Time zone set to default]
[WARNING] [2024-09-24 11:19:31,381] [pharmacy_proj.custom_middleware.py] [Time zone set to default]
[WARNING] [2024-09-24 11:19:31,391] [django.request.py] [Not Found: /favicon.ico]
[WARNING] [2024-09-24 11:19:33,995] [pharmacy_proj.custom_middleware.py] [Time zone set to default]
[WARNING] [2024-09-24 11:19:34,085] [pharmacy_proj.custom_middleware.py] [Time zone set to default]
[WARNING] [2024-09-24 11:19:36,051] [pharmacy_proj.custom_middleware.py] [Time zone set to default]
[WARNING] [2024-09-24 11:19:36,128] [pharmacy_proj.custom_middleware.py] [Time zone set to default]
[WARNING] [2024-09-24 11:19:44,418] [pharmacy_proj.custom_middleware.py] [Time zone set to default]
[WARNING] [2024-09-24 11:19:44,523] [pharmacy_proj.custom_middleware.py] [Time zone set to default]
[WARNING] [2024-09-24 11:19:44,631] [pharmacy_proj.custom_middleware.py] [Time zone set to default]
[WARNING] [2024-09-24 11:19:46,310] [pharmacy_proj.custom_middleware.py] [Time zone set to default]
[WARNING] [2024-09-24 11:19:46,378] [pharmacy_proj.custom_middleware.py] [Time zone set to default]
[WARNING] [2024-09-24 11:19:51,874] [pharmacy_proj.custom_middleware.py] [Time zone set to default]
[WARNING] [2024-09-24 11:19:51,912] [pharmacy_proj.custom_middleware.py] [Time zone set to default]
[WARNING] [2024-09-24 11:19:51,994] [pharmacy_proj.custom_middleware.py] [Time zone set to default]
[WARNING] [2024-09-24 11:19:54,268] [pharmacy_proj.custom_middleware.py] [Time zone set to default]
[WARNING] [2024-09-24 11:19:54,793] [pharmacy_proj.custom_middleware.py] [Time zone set to default]
[WARNING] [2024-09-24 11:19:55,328] [pharmacy_proj.custom_middleware.py] [Time zone set to default]
[WARNING] [2024-09-24 11:20:02,234] [pharmacy_proj.custom_middleware.py] [Time zone set to default]
[INFO] [2024-09-24 11:20:02,234] [pharmacy_app.views.py] [default_view is called]
[WARNING] [2024-09-24 11:20:02,261] [pharmacy_proj.custom_middleware.py] [Time zone set to default]
[INFO] [2024-09-24 11:20:02,261] [pharmacy_app.views.py] [home_view is called]
[WARNING] [2024-09-24 11:20:02,587] [pharmacy_proj.custom_middleware.py] [Time zone set to default]
[WARNING] [2024-09-24 11:20:04,301] [pharmacy_proj.custom_middleware.py] [Time zone set to default]
[INFO] [2024-09-24 11:20:04,301] [pharmacy_app.views.py] [logout_view is called]
[WARNING] [2024-09-24 11:20:04,315] [pharmacy_proj.custom_middleware.py] [Time zone set to default]
[INFO] [2024-09-24 11:20:04,316] [pharmacy_app.views.py] [login_view is called]
[WARNING] [2024-09-24 11:20:05,635] [pharmacy_proj.custom_middleware.py] [Time zone set to default]
[INFO] [2024-09-24 11:20:05,635] [pharmacy_app.views.py] [home_view is called]
[INFO] [2024-09-24 11:20:05,635] [pharmacy_app.views.py] [User is client or not authenticated]
[WARNING] [2024-09-24 11:20:05,702] [pharmacy_proj.custom_middleware.py] [Time zone set to default]
[WARNING] [2024-09-24 11:20:05,704] [pharmacy_proj.custom_middleware.py] [Time zone set to default]
[WARNING] [2024-09-24 11:20:29,394] [pharmacy_proj.custom_middleware.py] [Time zone set to default]
[INFO] [2024-09-24 11:20:29,394] [pharmacy_app.views.py] [home_view is called]
[INFO] [2024-09-24 11:20:29,394] [pharmacy_app.views.py] [User is client or not authenticated]
[WARNING] [2024-09-24 11:22:13,980] [pharmacy_proj.custom_middleware.py] [Time zone set to default]
[INFO] [2024-09-24 11:22:13,982] [pharmacy_app.views.py] [home_view is called]
[INFO] [2024-09-24 11:22:13,982] [pharmacy_app.views.py] [User is client or not authenticated]
[WARNING] [2024-09-24 11:22:14,046] [pharmacy_proj.custom_middleware.py] [Time zone set to default]
[WARNING] [2024-09-24 11:22:14,059] [pharmacy_proj.custom_middleware.py] [Time zone set to default]
[WARNING] [2024-09-24 11:22:29,627] [pharmacy_proj.custom_middleware.py] [Time zone set to default]
[WARNING] [2024-09-24 11:22:29,855] [pharmacy_proj.custom_middleware.py] [Time zone set to default]
[WARNING] [2024-09-24 11:22:29,862] [django.request.py] [Not Found: /favicon.ico]
[WARNING] [2024-09-24 11:23:17,892] [pharmacy_proj.custom_middleware.py] [Time zone set to default]
[INFO] [2024-09-24 11:23:17,892] [pharmacy_app.views.py] [home_view is called]
[INFO] [2024-09-24 11:23:17,892] [pharmacy_app.views.py] [User is client or not authenticated]
[WARNING] [2024-09-24 11:23:19,119] [pharmacy_proj.custom_middleware.py] [Time zone set to default]
[INFO] [2024-09-24 11:23:19,119] [pharmacy_app.views.py] [home_view is called]
[INFO] [2024-09-24 11:23:19,120] [pharmacy_app.views.py] [User is client or not authenticated]
[WARNING] [2024-09-24 11:23:19,285] [pharmacy_proj.custom_middleware.py] [Time zone set to default]
[INFO] [2024-09-24 11:23:19,285] [pharmacy_app.views.py] [home_view is called]
[INFO] [2024-09-24 11:23:19,285] [pharmacy_app.views.py] [User is client or not authenticated]
[WARNING] [2024-09-24 11:23:19,435] [pharmacy_proj.custom_middleware.py] [Time zone set to default]
[INFO] [2024-09-24 11:23:19,435] [pharmacy_app.views.py] [home_view is called]
[INFO] [2024-09-24 11:23:19,435] [pharmacy_app.views.py] [User is client or not authenticated]
[WARNING] [2024-09-24 11:23:19,579] [pharmacy_proj.custom_middleware.py] [Time zone set to default]
[INFO] [2024-09-24 11:23:19,579] [pharmacy_app.views.py] [home_view is called]
[INFO] [2024-09-24 11:23:19,579] [pharmacy_app.views.py] [User is client or not authenticated]
[WARNING] [2024-09-24 11:23:35,981] [pharmacy_proj.custom_middleware.py] [Time zone set to default]
[INFO] [2024-09-24 11:23:35,981] [pharmacy_app.views.py] [home_view is called]
[INFO] [2024-09-24 11:23:35,981] [pharmacy_app.views.py] [User is client or not authenticated]
[WARNING] [2024-09-24 11:24:03,705] [pharmacy_proj.custom_middleware.py] [Time zone set to default]
[INFO] [2024-09-24 11:24:03,705] [pharmacy_app.views.py] [home_view is called]
[INFO] [2024-09-24 11:24:03,705] [pharmacy_app.views.py] [User is client or not authenticated]
[WARNING] [2024-09-24 11:25:00,694] [pharmacy_proj.custom_middleware.py] [Time zone set to default]
[INFO] [2024-09-24 11:25:00,694] [pharmacy_app.views.py] [home_view is called]
[INFO] [2024-09-24 11:25:00,694] [pharmacy_app.views.py] [User is client or not authenticated]
[WARNING] [2024-09-24 11:25:00,768] [pharmacy_proj.custom_middleware.py] [Time zone set to default]
[WARNING] [2024-09-24 11:25:00,799] [pharmacy_proj.custom_middleware.py] [Time zone set to default]
[WARNING] [2024-09-24 11:25:01,976] [pharmacy_proj.custom_middleware.py] [Time zone set to default]
[INFO] [2024-09-24 11:25:01,976] [pharmacy_app.views.py] [home_view is called]
[INFO] [2024-09-24 11:25:01,976] [pharmacy_app.views.py] [User is client or not authenticated]
[WARNING] [2024-09-24 11:25:02,046] [pharmacy_proj.custom_middleware.py] [Time zone set to default]
[WARNING] [2024-09-24 11:25:02,095] [pharmacy_proj.custom_middleware.py] [Time zone set to default]
[WARNING] [2024-09-24 11:25:20,651] [pharmacy_proj.custom_middleware.py] [Time zone set to default]
[WARNING] [2024-09-24 11:25:20,857] [pharmacy_proj.custom_middleware.py] [Time zone set to default]
[WARNING] [2024-09-24 11:25:20,864] [django.request.py] [Not Found: /favicon.ico]
[INFO] [2024-09-24 11:32:38,258] [django.utils.autoreload.py] [Watching for file changes with StatReloader]
[WARNING] [2024-09-24 11:32:44,281] [pharmacy_proj.custom_middleware.py] [Time zone set to default]
[INFO] [2024-09-24 11:32:44,282] [pharmacy_app.views.py] [default_view is called]
[WARNING] [2024-09-24 11:32:44,334] [pharmacy_proj.custom_middleware.py] [Time zone set to default]
[INFO] [2024-09-24 11:32:44,334] [pharmacy_app.views.py] [home_view is called]
[INFO] [2024-09-24 11:32:44,335] [pharmacy_app.views.py] [User is client or not authenticated]
[WARNING] [2024-09-24 11:32:44,661] [pharmacy_proj.custom_middleware.py] [Time zone set to default]
[WARNING] [2024-09-24 11:32:59,636] [pharmacy_proj.custom_middleware.py] [Time zone set to default]
[INFO] [2024-09-24 11:32:59,636] [pharmacy_app.views.py] [login_view is called]
[WARNING] [2024-09-24 11:33:03,560] [pharmacy_proj.custom_middleware.py] [Time zone set to default]
[INFO] [2024-09-24 11:33:03,561] [pharmacy_app.views.py] [login_view is called]
[INFO] [2024-09-24 11:33:03,889] [pharmacy_app.views.py] [Form is valid]
[WARNING] [2024-09-24 11:33:04,237] [pharmacy_proj.custom_middleware.py] [Time zone set to default]
[INFO] [2024-09-24 11:33:04,237] [pharmacy_app.views.py] [home_view is called]
[WARNING] [2024-09-24 11:33:05,111] [pharmacy_proj.custom_middleware.py] [Time zone set to default]
[WARNING] [2024-09-24 11:33:07,275] [pharmacy_proj.custom_middleware.py] [Time zone set to default]
[INFO] [2024-09-24 11:33:07,275] [pharmacy_app.views.py] [user_view is called]
[WARNING] [2024-09-24 11:33:07,297] [pharmacy_proj.custom_middleware.py] [Time zone set to default]
[WARNING] [2024-09-24 11:33:07,448] [pharmacy_proj.custom_middleware.py] [Time zone set to default]
[WARNING] [2024-09-24 11:33:07,676] [pharmacy_proj.custom_middleware.py] [Time zone set to default]
[WARNING] [2024-09-24 11:33:07,676] [django.request.py] [Not Found: /favicon.ico]
[WARNING] [2024-09-24 11:33:12,005] [pharmacy_proj.custom_middleware.py] [Time zone set to default]
[WARNING] [2024-09-24 11:33:12,155] [pharmacy_proj.custom_middleware.py] [Time zone set to default]
[WARNING] [2024-09-24 11:33:14,373] [pharmacy_proj.custom_middleware.py] [Time zone set to default]
[WARNING] [2024-09-24 11:33:14,496] [pharmacy_proj.custom_middleware.py] [Time zone set to default]
[WARNING] [2024-09-24 11:33:26,519] [pharmacy_proj.custom_middleware.py] [Time zone set to default]
[WARNING] [2024-09-24 11:33:26,617] [pharmacy_proj.custom_middleware.py] [Time zone set to default]
[WARNING] [2024-09-24 11:33:26,693] [pharmacy_proj.custom_middleware.py] [Time zone set to default]
[WARNING] [2024-09-24 11:33:33,379] [pharmacy_proj.custom_middleware.py] [Time zone set to default]
[INFO] [2024-09-24 11:33:33,382] [pharmacy_app.views.py] [default_view is called]
[WARNING] [2024-09-24 11:33:33,402] [pharmacy_proj.custom_middleware.py] [Time zone set to default]
[INFO] [2024-09-24 11:33:33,403] [pharmacy_app.views.py] [home_view is called]
[WARNING] [2024-09-24 11:33:33,723] [pharmacy_proj.custom_middleware.py] [Time zone set to default]
[WARNING] [2024-09-24 11:33:35,654] [pharmacy_proj.custom_middleware.py] [Time zone set to default]
[INFO] [2024-09-24 11:33:35,655] [pharmacy_app.views.py] [logout_view is called]
[WARNING] [2024-09-24 11:33:35,667] [pharmacy_proj.custom_middleware.py] [Time zone set to default]
[INFO] [2024-09-24 11:33:35,668] [pharmacy_app.views.py] [login_view is called]
[WARNING] [2024-09-24 11:33:37,166] [pharmacy_proj.custom_middleware.py] [Time zone set to default]
[INFO] [2024-09-24 11:33:37,167] [pharmacy_app.views.py] [home_view is called]
[INFO] [2024-09-24 11:33:37,167] [pharmacy_app.views.py] [User is client or not authenticated]
[WARNING] [2024-09-24 11:33:37,221] [pharmacy_proj.custom_middleware.py] [Time zone set to default]
[WARNING] [2024-09-24 11:33:37,222] [pharmacy_proj.custom_middleware.py] [Time zone set to default]
[INFO] [2024-09-24 11:34:51,652] [django.utils.autoreload.py] [Watching for file changes with StatReloader]
[WARNING] [2024-09-24 11:34:54,554] [pharmacy_proj.custom_middleware.py] [Time zone set to default]
[INFO] [2024-09-24 11:34:54,554] [pharmacy_app.views.py] [default_view is called]
[WARNING] [2024-09-24 11:34:54,570] [pharmacy_proj.custom_middleware.py] [Time zone set to default]
[INFO] [2024-09-24 11:34:54,570] [pharmacy_app.views.py] [home_view is called]
[INFO] [2024-09-24 11:34:54,570] [pharmacy_app.views.py] [User is client or not authenticated]
[INFO] [2024-09-24 11:35:24,809] [django.utils.autoreload.py] [C:\253501_LYAMTSEV_14\STRWEB\LR1\pharmacy_proj\pharmacy_app\models.py changed, reloading.]
[INFO] [2024-09-24 11:35:25,531] [django.utils.autoreload.py] [Watching for file changes with StatReloader]
[INFO] [2024-09-24 11:35:40,367] [django.utils.autoreload.py] [Watching for file changes with StatReloader]
[WARNING] [2024-09-24 11:35:42,356] [pharmacy_proj.custom_middleware.py] [Time zone set to default]
[INFO] [2024-09-24 11:35:42,356] [pharmacy_app.views.py] [default_view is called]
[WARNING] [2024-09-24 11:35:42,375] [pharmacy_proj.custom_middleware.py] [Time zone set to default]
[INFO] [2024-09-24 11:35:42,376] [pharmacy_app.views.py] [home_view is called]
[INFO] [2024-09-24 11:35:42,376] [pharmacy_app.views.py] [User is client or not authenticated]
[WARNING] [2024-09-24 11:35:44,712] [pharmacy_proj.custom_middleware.py] [Time zone set to default]
[INFO] [2024-09-24 11:35:44,713] [pharmacy_app.views.py] [login_view is called]
[WARNING] [2024-09-24 11:35:48,023] [pharmacy_proj.custom_middleware.py] [Time zone set to default]
[INFO] [2024-09-24 11:35:48,024] [pharmacy_app.views.py] [login_view is called]
[INFO] [2024-09-24 11:35:48,350] [pharmacy_app.views.py] [Form is valid]
[WARNING] [2024-09-24 11:35:48,701] [pharmacy_proj.custom_middleware.py] [Time zone set to default]
[INFO] [2024-09-24 11:35:48,701] [pharmacy_app.views.py] [home_view is called]
[WARNING] [2024-09-24 11:35:49,082] [pharmacy_proj.custom_middleware.py] [Time zone set to default]
[WARNING] [2024-09-24 11:35:51,122] [pharmacy_proj.custom_middleware.py] [Time zone set to default]
[INFO] [2024-09-24 11:35:51,123] [pharmacy_app.views.py] [user_view is called]
[WARNING] [2024-09-24 11:35:51,142] [pharmacy_proj.custom_middleware.py] [Time zone set to default]
[WARNING] [2024-09-24 11:35:51,171] [pharmacy_proj.custom_middleware.py] [Time zone set to default]
[WARNING] [2024-09-24 11:35:56,250] [pharmacy_proj.custom_middleware.py] [Time zone set to default]
[WARNING] [2024-09-24 11:35:56,329] [pharmacy_proj.custom_middleware.py] [Time zone set to default]
[WARNING] [2024-09-24 11:35:58,213] [pharmacy_proj.custom_middleware.py] [Time zone set to default]
[WARNING] [2024-09-24 11:35:58,294] [pharmacy_proj.custom_middleware.py] [Time zone set to default]
[WARNING] [2024-09-24 11:36:04,693] [pharmacy_proj.custom_middleware.py] [Time zone set to default]
[WARNING] [2024-09-24 11:36:04,769] [pharmacy_proj.custom_middleware.py] [Time zone set to default]
[WARNING] [2024-09-24 11:36:04,836] [pharmacy_proj.custom_middleware.py] [Time zone set to default]
[WARNING] [2024-09-24 11:36:09,611] [pharmacy_proj.custom_middleware.py] [Time zone set to default]
[WARNING] [2024-09-24 11:36:09,673] [pharmacy_proj.custom_middleware.py] [Time zone set to default]
[WARNING] [2024-09-24 11:36:13,475] [pharmacy_proj.custom_middleware.py] [Time zone set to default]
[WARNING] [2024-09-24 11:36:13,511] [pharmacy_proj.custom_middleware.py] [Time zone set to default]
[WARNING] [2024-09-24 11:36:13,593] [pharmacy_proj.custom_middleware.py] [Time zone set to default]
[WARNING] [2024-09-24 11:36:19,978] [pharmacy_proj.custom_middleware.py] [Time zone set to default]
[INFO] [2024-09-24 11:36:19,979] [pharmacy_app.views.py] [default_view is called]
[WARNING] [2024-09-24 11:36:19,994] [pharmacy_proj.custom_middleware.py] [Time zone set to default]
[INFO] [2024-09-24 11:36:19,995] [pharmacy_app.views.py] [home_view is called]
[WARNING] [2024-09-24 11:36:20,284] [pharmacy_proj.custom_middleware.py] [Time zone set to default]
[WARNING] [2024-09-24 11:36:22,495] [pharmacy_proj.custom_middleware.py] [Time zone set to default]
[INFO] [2024-09-24 11:36:22,496] [pharmacy_app.views.py] [logout_view is called]
[WARNING] [2024-09-24 11:36:22,510] [pharmacy_proj.custom_middleware.py] [Time zone set to default]
[INFO] [2024-09-24 11:36:22,510] [pharmacy_app.views.py] [login_view is called]
[WARNING] [2024-09-24 11:36:23,456] [pharmacy_proj.custom_middleware.py] [Time zone set to default]
[INFO] [2024-09-24 11:36:23,457] [pharmacy_app.views.py] [home_view is called]
[INFO] [2024-09-24 11:36:23,457] [pharmacy_app.views.py] [User is client or not authenticated]
[WARNING] [2024-09-24 11:36:23,546] [pharmacy_proj.custom_middleware.py] [Time zone set to default]
[WARNING] [2024-09-24 11:36:23,548] [pharmacy_proj.custom_middleware.py] [Time zone set to default]
[WARNING] [2024-09-24 11:36:45,976] [pharmacy_proj.custom_middleware.py] [Time zone set to default]
[INFO] [2024-09-24 11:36:45,976] [pharmacy_app.views.py] [contacts_view is called]
[WARNING] [2024-09-24 11:36:46,042] [pharmacy_proj.custom_middleware.py] [Time zone set to default]
[WARNING] [2024-09-24 11:36:46,044] [pharmacy_proj.custom_middleware.py] [Time zone set to default]
[WARNING] [2024-09-24 11:36:46,046] [pharmacy_proj.custom_middleware.py] [Time zone set to default]
[WARNING] [2024-09-24 11:36:50,567] [pharmacy_proj.custom_middleware.py] [Time zone set to default]
[INFO] [2024-09-24 11:36:50,568] [pharmacy_app.views.py] [home_view is called]
[INFO] [2024-09-24 11:36:50,568] [pharmacy_app.views.py] [User is client or not authenticated]
[WARNING] [2024-09-24 11:37:14,654] [pharmacy_proj.custom_middleware.py] [Time zone set to default]
[WARNING] [2024-09-24 11:37:21,317] [pharmacy_proj.custom_middleware.py] [Time zone set to default]
[INFO] [2024-09-24 11:37:21,317] [pharmacy_app.views.py] [home_view is called]
[INFO] [2024-09-24 11:37:21,317] [pharmacy_app.views.py] [User is client or not authenticated]
[WARNING] [2024-09-24 11:37:21,379] [pharmacy_proj.custom_middleware.py] [Time zone set to default]
[WARNING] [2024-09-24 11:37:21,415] [pharmacy_proj.custom_middleware.py] [Time zone set to default]
[WARNING] [2024-09-24 11:37:21,971] [pharmacy_proj.custom_middleware.py] [Time zone set to default]
[INFO] [2024-09-24 11:37:21,973] [pharmacy_app.views.py] [home_view is called]
[INFO] [2024-09-24 11:37:21,973] [pharmacy_app.views.py] [User is client or not authenticated]
[WARNING] [2024-09-24 11:37:22,023] [pharmacy_proj.custom_middleware.py] [Time zone set to default]
[WARNING] [2024-09-24 11:37:22,062] [pharmacy_proj.custom_middleware.py] [Time zone set to default]
[WARNING] [2024-09-24 11:37:22,183] [pharmacy_proj.custom_middleware.py] [Time zone set to default]
[INFO] [2024-09-24 11:37:22,184] [pharmacy_app.views.py] [home_view is called]
[INFO] [2024-09-24 11:37:22,184] [pharmacy_app.views.py] [User is client or not authenticated]
[WARNING] [2024-09-24 11:37:22,233] [pharmacy_proj.custom_middleware.py] [Time zone set to default]
[WARNING] [2024-09-24 11:37:22,266] [pharmacy_proj.custom_middleware.py] [Time zone set to default]
[WARNING] [2024-09-24 11:37:22,365] [pharmacy_proj.custom_middleware.py] [Time zone set to default]
[INFO] [2024-09-24 11:37:22,365] [pharmacy_app.views.py] [home_view is called]
[INFO] [2024-09-24 11:37:22,366] [pharmacy_app.views.py] [User is client or not authenticated]
[WARNING] [2024-09-24 11:37:22,431] [pharmacy_proj.custom_middleware.py] [Time zone set to default]
[WARNING] [2024-09-24 11:37:22,480] [pharmacy_proj.custom_middleware.py] [Time zone set to default]
[WARNING] [2024-09-24 11:37:22,571] [pharmacy_proj.custom_middleware.py] [Time zone set to default]
[INFO] [2024-09-24 11:37:22,572] [pharmacy_app.views.py] [home_view is called]
[INFO] [2024-09-24 11:37:22,572] [pharmacy_app.views.py] [User is client or not authenticated]
[WARNING] [2024-09-24 11:37:22,642] [pharmacy_proj.custom_middleware.py] [Time zone set to default]
[WARNING] [2024-09-24 11:37:22,691] [pharmacy_proj.custom_middleware.py] [Time zone set to default]
[WARNING] [2024-09-24 11:38:35,140] [pharmacy_proj.custom_middleware.py] [Time zone set to default]
[INFO] [2024-09-24 11:38:35,141] [pharmacy_app.views.py] [default_view is called]
[WARNING] [2024-09-24 11:38:35,147] [pharmacy_proj.custom_middleware.py] [Time zone set to default]
[INFO] [2024-09-24 11:38:35,149] [pharmacy_app.views.py] [home_view is called]
[INFO] [2024-09-24 11:38:35,149] [pharmacy_app.views.py] [User is client or not authenticated]
[WARNING] [2024-09-24 11:38:35,227] [pharmacy_proj.custom_middleware.py] [Time zone set to default]
[WARNING] [2024-09-24 11:38:35,244] [pharmacy_proj.custom_middleware.py] [Time zone set to default]
[WARNING] [2024-09-24 11:38:58,361] [pharmacy_proj.custom_middleware.py] [Time zone set to default]
[INFO] [2024-09-24 11:38:58,361] [pharmacy_app.views.py] [home_view is called]
[INFO] [2024-09-24 11:38:58,362] [pharmacy_app.views.py] [User is client or not authenticated]
[WARNING] [2024-09-24 11:39:22,256] [pharmacy_proj.custom_middleware.py] [Time zone set to default]
[WARNING] [2024-09-24 11:39:22,487] [pharmacy_proj.custom_middleware.py] [Time zone set to default]
[WARNING] [2024-09-24 11:39:22,510] [django.request.py] [Not Found: /favicon.ico]
[WARNING] [2024-09-24 11:42:41,141] [pharmacy_proj.custom_middleware.py] [Time zone set to default]
[INFO] [2024-09-24 11:42:41,141] [pharmacy_app.views.py] [home_view is called]
[INFO] [2024-09-24 11:42:41,141] [pharmacy_app.views.py] [User is client or not authenticated]
[INFO] [2024-09-24 11:43:34,480] [django.utils.autoreload.py] [C:\253501_LYAMTSEV_14\STRWEB\LR1\pharmacy_proj\pharmacy_app\models.py changed, reloading.]
[INFO] [2024-09-24 11:43:36,465] [django.utils.autoreload.py] [Watching for file changes with StatReloader]
[INFO] [2024-09-24 11:43:56,479] [django.utils.autoreload.py] [C:\253501_LYAMTSEV_14\STRWEB\LR1\pharmacy_proj\pharmacy_app\models.py changed, reloading.]
[INFO] [2024-09-24 11:43:57,198] [django.utils.autoreload.py] [Watching for file changes with StatReloader]
[INFO] [2024-09-24 11:44:25,642] [django.utils.autoreload.py] [Watching for file changes with StatReloader]
[WARNING] [2024-09-24 11:44:29,539] [pharmacy_proj.custom_middleware.py] [Time zone set to default]
[INFO] [2024-09-24 11:44:29,541] [pharmacy_app.views.py] [default_view is called]
[WARNING] [2024-09-24 11:44:29,559] [pharmacy_proj.custom_middleware.py] [Time zone set to default]
[INFO] [2024-09-24 11:44:29,559] [pharmacy_app.views.py] [home_view is called]
[INFO] [2024-09-24 11:44:29,560] [pharmacy_app.views.py] [User is client or not authenticated]
[WARNING] [2024-09-24 11:44:29,653] [pharmacy_proj.custom_middleware.py] [Time zone set to default]
[WARNING] [2024-09-24 11:44:35,011] [pharmacy_proj.custom_middleware.py] [Time zone set to default]
[INFO] [2024-09-24 11:44:35,011] [pharmacy_app.views.py] [login_view is called]
[WARNING] [2024-09-24 11:44:38,816] [pharmacy_proj.custom_middleware.py] [Time zone set to default]
[INFO] [2024-09-24 11:44:38,816] [pharmacy_app.views.py] [login_view is called]
[INFO] [2024-09-24 11:44:39,139] [pharmacy_app.views.py] [Form is valid]
[WARNING] [2024-09-24 11:44:39,461] [pharmacy_proj.custom_middleware.py] [Time zone set to default]
[INFO] [2024-09-24 11:44:39,461] [pharmacy_app.views.py] [home_view is called]
[WARNING] [2024-09-24 11:44:40,267] [pharmacy_proj.custom_middleware.py] [Time zone set to default]
[WARNING] [2024-09-24 11:44:41,887] [pharmacy_proj.custom_middleware.py] [Time zone set to default]
[INFO] [2024-09-24 11:44:41,887] [pharmacy_app.views.py] [user_view is called]
[WARNING] [2024-09-24 11:44:41,904] [pharmacy_proj.custom_middleware.py] [Time zone set to default]
[WARNING] [2024-09-24 11:44:42,033] [pharmacy_proj.custom_middleware.py] [Time zone set to default]
[WARNING] [2024-09-24 11:44:44,614] [pharmacy_proj.custom_middleware.py] [Time zone set to default]
[WARNING] [2024-09-24 11:44:44,747] [pharmacy_proj.custom_middleware.py] [Time zone set to default]
[WARNING] [2024-09-24 11:44:46,727] [pharmacy_proj.custom_middleware.py] [Time zone set to default]
[WARNING] [2024-09-24 11:44:46,839] [pharmacy_proj.custom_middleware.py] [Time zone set to default]
[WARNING] [2024-09-24 11:44:57,911] [pharmacy_proj.custom_middleware.py] [Time zone set to default]
[WARNING] [2024-09-24 11:44:58,031] [pharmacy_proj.custom_middleware.py] [Time zone set to default]
[WARNING] [2024-09-24 11:44:58,108] [pharmacy_proj.custom_middleware.py] [Time zone set to default]
[WARNING] [2024-09-24 11:44:59,355] [pharmacy_proj.custom_middleware.py] [Time zone set to default]
[WARNING] [2024-09-24 11:44:59,422] [pharmacy_proj.custom_middleware.py] [Time zone set to default]
[WARNING] [2024-09-24 11:45:02,616] [pharmacy_proj.custom_middleware.py] [Time zone set to default]
[WARNING] [2024-09-24 11:45:02,641] [pharmacy_proj.custom_middleware.py] [Time zone set to default]
[WARNING] [2024-09-24 11:45:02,730] [pharmacy_proj.custom_middleware.py] [Time zone set to default]
[WARNING] [2024-09-24 11:45:07,888] [pharmacy_proj.custom_middleware.py] [Time zone set to default]
[INFO] [2024-09-24 11:45:07,889] [pharmacy_app.views.py] [default_view is called]
[WARNING] [2024-09-24 11:45:07,908] [pharmacy_proj.custom_middleware.py] [Time zone set to default]
[INFO] [2024-09-24 11:45:07,908] [pharmacy_app.views.py] [home_view is called]
[WARNING] [2024-09-24 11:45:08,260] [pharmacy_proj.custom_middleware.py] [Time zone set to default]
[WARNING] [2024-09-24 11:45:10,198] [pharmacy_proj.custom_middleware.py] [Time zone set to default]
[INFO] [2024-09-24 11:45:10,198] [pharmacy_app.views.py] [logout_view is called]
[WARNING] [2024-09-24 11:45:10,212] [pharmacy_proj.custom_middleware.py] [Time zone set to default]
[INFO] [2024-09-24 11:45:10,213] [pharmacy_app.views.py] [login_view is called]
[WARNING] [2024-09-24 11:45:11,080] [pharmacy_proj.custom_middleware.py] [Time zone set to default]
[INFO] [2024-09-24 11:45:11,081] [pharmacy_app.views.py] [home_view is called]
[INFO] [2024-09-24 11:45:11,081] [pharmacy_app.views.py] [User is client or not authenticated]
[WARNING] [2024-09-24 11:45:11,136] [pharmacy_proj.custom_middleware.py] [Time zone set to default]
[WARNING] [2024-09-24 11:45:11,137] [pharmacy_proj.custom_middleware.py] [Time zone set to default]
[WARNING] [2024-09-24 11:45:20,538] [pharmacy_proj.custom_middleware.py] [Time zone set to default]
[INFO] [2024-09-24 11:45:20,538] [pharmacy_app.views.py] [home_view is called]
[INFO] [2024-09-24 11:45:20,538] [pharmacy_app.views.py] [User is client or not authenticated]
[WARNING] [2024-09-24 11:45:45,624] [pharmacy_proj.custom_middleware.py] [Time zone set to default]
[INFO] [2024-09-24 11:45:45,624] [pharmacy_app.views.py] [home_view is called]
[INFO] [2024-09-24 11:45:45,626] [pharmacy_app.views.py] [User is client or not authenticated]
[WARNING] [2024-09-24 11:45:45,687] [pharmacy_proj.custom_middleware.py] [Time zone set to default]
[WARNING] [2024-09-24 11:45:45,688] [pharmacy_proj.custom_middleware.py] [Time zone set to default]
[WARNING] [2024-09-24 11:46:01,143] [pharmacy_proj.custom_middleware.py] [Time zone set to default]
[INFO] [2024-09-24 11:46:01,143] [pharmacy_app.views.py] [home_view is called]
[INFO] [2024-09-24 11:46:01,143] [pharmacy_app.views.py] [User is client or not authenticated]
[WARNING] [2024-09-24 11:46:01,207] [pharmacy_proj.custom_middleware.py] [Time zone set to default]
[WARNING] [2024-09-24 11:46:01,213] [pharmacy_proj.custom_middleware.py] [Time zone set to default]
[WARNING] [2024-09-24 11:46:14,400] [pharmacy_proj.custom_middleware.py] [Time zone set to default]
[INFO] [2024-09-24 11:46:14,400] [pharmacy_app.views.py] [home_view is called]
[INFO] [2024-09-24 11:46:14,404] [pharmacy_app.views.py] [User is client or not authenticated]
[WARNING] [2024-09-24 11:46:14,459] [pharmacy_proj.custom_middleware.py] [Time zone set to default]
[WARNING] [2024-09-24 11:46:14,460] [pharmacy_proj.custom_middleware.py] [Time zone set to default]
[INFO] [2024-09-24 12:18:47,555] [django.utils.autoreload.py] [C:\253501_LYAMTSEV_14\STRWEB\LR1\pharmacy_proj\pharmacy_app\views.py changed, reloading.]
[INFO] [2024-09-24 12:18:49,446] [django.utils.autoreload.py] [Watching for file changes with StatReloader]
[INFO] [2024-09-24 12:19:40,247] [django.utils.autoreload.py] [Watching for file changes with StatReloader]
[WARNING] [2024-09-24 12:19:42,464] [pharmacy_proj.custom_middleware.py] [Time zone set to default]
[INFO] [2024-09-24 12:19:42,465] [pharmacy_app.views.py] [default_view is called]
[WARNING] [2024-09-24 12:19:42,497] [pharmacy_proj.custom_middleware.py] [Time zone set to default]
[INFO] [2024-09-24 12:19:42,498] [pharmacy_app.views.py] [home_view is called]
[INFO] [2024-09-24 12:19:42,498] [pharmacy_app.views.py] [User is client or not authenticated]
[WARNING] [2024-09-24 12:19:42,610] [pharmacy_proj.custom_middleware.py] [Time zone set to default]
[WARNING] [2024-09-24 12:19:42,611] [pharmacy_proj.custom_middleware.py] [Time zone set to default]
[WARNING] [2024-09-24 12:19:42,623] [pharmacy_proj.custom_middleware.py] [Time zone set to default]
[WARNING] [2024-09-24 12:19:58,839] [pharmacy_proj.custom_middleware.py] [Time zone set to default]
[INFO] [2024-09-24 12:19:58,839] [pharmacy_app.views.py] [home_view is called]
[INFO] [2024-09-24 12:19:58,839] [pharmacy_app.views.py] [User is client or not authenticated]
[WARNING] [2024-09-24 12:19:59,849] [pharmacy_proj.custom_middleware.py] [Time zone set to default]
[WARNING] [2024-09-24 12:19:59,915] [pharmacy_proj.custom_middleware.py] [Time zone set to default]
[WARNING] [2024-09-24 12:19:59,915] [pharmacy_proj.custom_middleware.py] [Time zone set to default]
[WARNING] [2024-09-24 12:19:59,920] [pharmacy_proj.custom_middleware.py] [Time zone set to default]
[WARNING] [2024-09-24 12:21:27,821] [pharmacy_proj.custom_middleware.py] [Time zone set to default]
[WARNING] [2024-09-24 12:21:56,922] [pharmacy_proj.custom_middleware.py] [Time zone set to default]
[INFO] [2024-09-24 12:21:56,922] [pharmacy_app.views.py] [login_view is called]
[WARNING] [2024-09-24 12:22:00,071] [pharmacy_proj.custom_middleware.py] [Time zone set to default]
[INFO] [2024-09-24 12:22:00,073] [pharmacy_app.views.py] [login_view is called]
[INFO] [2024-09-24 12:22:00,409] [pharmacy_app.views.py] [Form is valid]
[WARNING] [2024-09-24 12:22:00,735] [pharmacy_proj.custom_middleware.py] [Time zone set to default]
[INFO] [2024-09-24 12:22:00,735] [pharmacy_app.views.py] [home_view is called]
[WARNING] [2024-09-24 12:22:01,127] [pharmacy_proj.custom_middleware.py] [Time zone set to default]
[WARNING] [2024-09-24 12:22:03,693] [pharmacy_proj.custom_middleware.py] [Time zone set to default]
[INFO] [2024-09-24 12:22:03,693] [pharmacy_app.views.py] [user_view is called]
[WARNING] [2024-09-24 12:22:03,717] [pharmacy_proj.custom_middleware.py] [Time zone set to default]
[WARNING] [2024-09-24 12:22:03,748] [pharmacy_proj.custom_middleware.py] [Time zone set to default]
[WARNING] [2024-09-24 12:22:06,285] [pharmacy_proj.custom_middleware.py] [Time zone set to default]
[WARNING] [2024-09-24 12:22:06,379] [pharmacy_proj.custom_middleware.py] [Time zone set to default]
[WARNING] [2024-09-24 12:22:07,892] [pharmacy_proj.custom_middleware.py] [Time zone set to default]
[WARNING] [2024-09-24 12:22:07,967] [pharmacy_proj.custom_middleware.py] [Time zone set to default]
[WARNING] [2024-09-24 12:22:21,170] [pharmacy_proj.custom_middleware.py] [Time zone set to default]
[WARNING] [2024-09-24 12:22:21,199] [pharmacy_proj.custom_middleware.py] [Time zone set to default]
[WARNING] [2024-09-24 12:22:21,265] [pharmacy_proj.custom_middleware.py] [Time zone set to default]
[WARNING] [2024-09-24 12:22:29,975] [pharmacy_proj.custom_middleware.py] [Time zone set to default]
[INFO] [2024-09-24 12:22:29,975] [pharmacy_app.views.py] [default_view is called]
[WARNING] [2024-09-24 12:22:29,999] [pharmacy_proj.custom_middleware.py] [Time zone set to default]
[INFO] [2024-09-24 12:22:30,000] [pharmacy_app.views.py] [home_view is called]
[WARNING] [2024-09-24 12:22:30,306] [pharmacy_proj.custom_middleware.py] [Time zone set to default]
[WARNING] [2024-09-24 12:22:32,841] [pharmacy_proj.custom_middleware.py] [Time zone set to default]
[WARNING] [2024-09-24 12:22:32,917] [pharmacy_proj.custom_middleware.py] [Time zone set to default]
[WARNING] [2024-09-24 12:22:32,917] [pharmacy_proj.custom_middleware.py] [Time zone set to default]
[WARNING] [2024-09-24 12:22:32,951] [pharmacy_proj.custom_middleware.py] [Time zone set to default]
[WARNING] [2024-09-24 12:22:32,966] [pharmacy_proj.custom_middleware.py] [Time zone set to default]
[WARNING] [2024-09-24 12:23:55,030] [pharmacy_proj.custom_middleware.py] [Time zone set to default]
[WARNING] [2024-09-24 12:24:03,715] [pharmacy_proj.custom_middleware.py] [Time zone set to default]
[INFO] [2024-09-24 12:24:03,716] [pharmacy_app.views.py] [user_view is called]
[WARNING] [2024-09-24 12:24:03,756] [pharmacy_proj.custom_middleware.py] [Time zone set to default]
[WARNING] [2024-09-24 12:24:08,394] [pharmacy_proj.custom_middleware.py] [Time zone set to default]
[WARNING] [2024-09-24 12:24:08,475] [pharmacy_proj.custom_middleware.py] [Time zone set to default]
[WARNING] [2024-09-24 12:24:09,565] [pharmacy_proj.custom_middleware.py] [Time zone set to default]
[WARNING] [2024-09-24 12:24:09,643] [pharmacy_proj.custom_middleware.py] [Time zone set to default]
[WARNING] [2024-09-24 12:24:45,917] [pharmacy_proj.custom_middleware.py] [Time zone set to default]
[WARNING] [2024-09-24 12:24:45,947] [pharmacy_proj.custom_middleware.py] [Time zone set to default]
[WARNING] [2024-09-24 12:24:46,042] [pharmacy_proj.custom_middleware.py] [Time zone set to default]
[WARNING] [2024-09-24 12:24:50,460] [pharmacy_proj.custom_middleware.py] [Time zone set to default]
[INFO] [2024-09-24 12:24:50,460] [pharmacy_app.views.py] [default_view is called]
[WARNING] [2024-09-24 12:24:50,492] [pharmacy_proj.custom_middleware.py] [Time zone set to default]
[INFO] [2024-09-24 12:24:50,492] [pharmacy_app.views.py] [home_view is called]
[WARNING] [2024-09-24 12:24:50,808] [pharmacy_proj.custom_middleware.py] [Time zone set to default]
[WARNING] [2024-09-24 12:24:53,837] [pharmacy_proj.custom_middleware.py] [Time zone set to default]
[WARNING] [2024-09-24 12:25:08,035] [pharmacy_proj.custom_middleware.py] [Time zone set to default]
[INFO] [2024-09-24 12:25:08,035] [pharmacy_app.views.py] [user_view is called]
[WARNING] [2024-09-24 12:25:08,086] [pharmacy_proj.custom_middleware.py] [Time zone set to default]
[WARNING] [2024-09-24 12:25:10,101] [pharmacy_proj.custom_middleware.py] [Time zone set to default]
[WARNING] [2024-09-24 12:25:10,188] [pharmacy_proj.custom_middleware.py] [Time zone set to default]
[WARNING] [2024-09-24 12:25:12,098] [pharmacy_proj.custom_middleware.py] [Time zone set to default]
[WARNING] [2024-09-24 12:25:12,175] [pharmacy_proj.custom_middleware.py] [Time zone set to default]
[WARNING] [2024-09-24 12:25:21,478] [pharmacy_proj.custom_middleware.py] [Time zone set to default]
[WARNING] [2024-09-24 12:25:21,507] [pharmacy_proj.custom_middleware.py] [Time zone set to default]
[WARNING] [2024-09-24 12:25:21,581] [pharmacy_proj.custom_middleware.py] [Time zone set to default]
[WARNING] [2024-09-24 12:25:25,247] [pharmacy_proj.custom_middleware.py] [Time zone set to default]
[INFO] [2024-09-24 12:25:25,247] [pharmacy_app.views.py] [default_view is called]
[WARNING] [2024-09-24 12:25:25,272] [pharmacy_proj.custom_middleware.py] [Time zone set to default]
[INFO] [2024-09-24 12:25:25,272] [pharmacy_app.views.py] [home_view is called]
[WARNING] [2024-09-24 12:25:25,557] [pharmacy_proj.custom_middleware.py] [Time zone set to default]
[WARNING] [2024-09-24 12:25:29,266] [pharmacy_proj.custom_middleware.py] [Time zone set to default]
[INFO] [2024-09-24 17:05:27,957] [django.utils.autoreload.py] [Watching for file changes with StatReloader]
[WARNING] [2024-09-24 17:05:31,328] [pharmacy_proj.custom_middleware.py] [Time zone set to default]
[INFO] [2024-09-24 17:05:31,328] [pharmacy_app.views.py] [default_view is called]
[WARNING] [2024-09-24 17:05:31,367] [pharmacy_proj.custom_middleware.py] [Time zone set to default]
[INFO] [2024-09-24 17:05:31,368] [pharmacy_app.views.py] [home_view is called]
[WARNING] [2024-09-24 17:05:32,462] [pharmacy_proj.custom_middleware.py] [Time zone set to default]
[WARNING] [2024-09-24 17:05:36,023] [pharmacy_proj.custom_middleware.py] [Time zone set to default]
[ERROR] [2024-09-24 17:05:36,257] [django.request.py] [Internal Server Error: /html/]
Traceback (most recent call last):
  File "C:\253501_LYAMTSEV_14\IGI\LR5\.venv\Lib\site-packages\django\template\base.py", line 502, in parse
    compile_func = self.tags[command]
                   ~~~~~~~~~^^^^^^^^^
KeyError: 'static'

During handling of the above exception, another exception occurred:

Traceback (most recent call last):
  File "C:\253501_LYAMTSEV_14\IGI\LR5\.venv\Lib\site-packages\django\core\handlers\exception.py", line 55, in inner
    response = get_response(request)
               ^^^^^^^^^^^^^^^^^^^^^
  File "C:\253501_LYAMTSEV_14\IGI\LR5\.venv\Lib\site-packages\django\core\handlers\base.py", line 197, in _get_response
    response = wrapped_callback(request, *callback_args, **callback_kwargs)
               ^^^^^^^^^^^^^^^^^^^^^^^^^^^^^^^^^^^^^^^^^^^^^^^^^^^^^^^^^^^^
  File "C:\253501_LYAMTSEV_14\STRWEB\LR1\pharmacy_proj\pharmacy_app\views.py", line 874, in html_stuff_view
    return render(request, 'html_stuff.html')
           ^^^^^^^^^^^^^^^^^^^^^^^^^^^^^^^^^^
  File "C:\253501_LYAMTSEV_14\IGI\LR5\.venv\Lib\site-packages\django\shortcuts.py", line 25, in render
    content = loader.render_to_string(template_name, context, request, using=using)
              ^^^^^^^^^^^^^^^^^^^^^^^^^^^^^^^^^^^^^^^^^^^^^^^^^^^^^^^^^^^^^^^^^^^^^
  File "C:\253501_LYAMTSEV_14\IGI\LR5\.venv\Lib\site-packages\django\template\loader.py", line 61, in render_to_string
    template = get_template(template_name, using=using)
               ^^^^^^^^^^^^^^^^^^^^^^^^^^^^^^^^^^^^^^^^
  File "C:\253501_LYAMTSEV_14\IGI\LR5\.venv\Lib\site-packages\django\template\loader.py", line 15, in get_template
    return engine.get_template(template_name)
           ^^^^^^^^^^^^^^^^^^^^^^^^^^^^^^^^^^
  File "C:\253501_LYAMTSEV_14\IGI\LR5\.venv\Lib\site-packages\django\template\backends\django.py", line 33, in get_template
    return Template(self.engine.get_template(template_name), self)
                    ^^^^^^^^^^^^^^^^^^^^^^^^^^^^^^^^^^^^^^^
  File "C:\253501_LYAMTSEV_14\IGI\LR5\.venv\Lib\site-packages\django\template\engine.py", line 177, in get_template
    template, origin = self.find_template(template_name)
                       ^^^^^^^^^^^^^^^^^^^^^^^^^^^^^^^^^
  File "C:\253501_LYAMTSEV_14\IGI\LR5\.venv\Lib\site-packages\django\template\engine.py", line 159, in find_template
    template = loader.get_template(name, skip=skip)
               ^^^^^^^^^^^^^^^^^^^^^^^^^^^^^^^^^^^^
  File "C:\253501_LYAMTSEV_14\IGI\LR5\.venv\Lib\site-packages\django\template\loaders\cached.py", line 57, in get_template
    template = super().get_template(template_name, skip)
               ^^^^^^^^^^^^^^^^^^^^^^^^^^^^^^^^^^^^^^^^^
  File "C:\253501_LYAMTSEV_14\IGI\LR5\.venv\Lib\site-packages\django\template\loaders\base.py", line 28, in get_template
    return Template(
           ^^^^^^^^^
  File "C:\253501_LYAMTSEV_14\IGI\LR5\.venv\Lib\site-packages\django\template\base.py", line 154, in __init__
    self.nodelist = self.compile_nodelist()
                    ^^^^^^^^^^^^^^^^^^^^^^^
  File "C:\253501_LYAMTSEV_14\IGI\LR5\.venv\Lib\site-packages\django\template\base.py", line 196, in compile_nodelist
    return parser.parse()
           ^^^^^^^^^^^^^^
  File "C:\253501_LYAMTSEV_14\IGI\LR5\.venv\Lib\site-packages\django\template\base.py", line 510, in parse
    raise self.error(token, e)
  File "C:\253501_LYAMTSEV_14\IGI\LR5\.venv\Lib\site-packages\django\template\base.py", line 508, in parse
    compiled_result = compile_func(self, token)
                      ^^^^^^^^^^^^^^^^^^^^^^^^^
  File "C:\253501_LYAMTSEV_14\IGI\LR5\.venv\Lib\site-packages\django\template\loader_tags.py", line 295, in do_extends
    nodelist = parser.parse()
               ^^^^^^^^^^^^^^
  File "C:\253501_LYAMTSEV_14\IGI\LR5\.venv\Lib\site-packages\django\template\base.py", line 510, in parse
    raise self.error(token, e)
  File "C:\253501_LYAMTSEV_14\IGI\LR5\.venv\Lib\site-packages\django\template\base.py", line 508, in parse
    compiled_result = compile_func(self, token)
                      ^^^^^^^^^^^^^^^^^^^^^^^^^
  File "C:\253501_LYAMTSEV_14\IGI\LR5\.venv\Lib\site-packages\django\template\loader_tags.py", line 234, in do_block
    nodelist = parser.parse(("endblock",))
               ^^^^^^^^^^^^^^^^^^^^^^^^^^^
  File "C:\253501_LYAMTSEV_14\IGI\LR5\.venv\Lib\site-packages\django\template\base.py", line 504, in parse
    self.invalid_block_tag(token, command, parse_until)
  File "C:\253501_LYAMTSEV_14\IGI\LR5\.venv\Lib\site-packages\django\template\base.py", line 555, in invalid_block_tag
    raise self.error(
django.template.exceptions.TemplateSyntaxError: Invalid block tag on line 154: 'static', expected 'endblock'. Did you forget to register or load this tag?
[WARNING] [2024-09-24 17:05:36,456] [pharmacy_proj.custom_middleware.py] [Time zone set to default]
[WARNING] [2024-09-24 17:05:36,478] [django.request.py] [Not Found: /favicon.ico]
[INFO] [2024-09-24 17:06:40,159] [django.utils.autoreload.py] [Watching for file changes with StatReloader]
[WARNING] [2024-09-24 17:06:42,228] [pharmacy_proj.custom_middleware.py] [Time zone set to default]
[INFO] [2024-09-24 17:06:42,228] [pharmacy_app.views.py] [default_view is called]
[WARNING] [2024-09-24 17:06:42,271] [pharmacy_proj.custom_middleware.py] [Time zone set to default]
[INFO] [2024-09-24 17:06:42,271] [pharmacy_app.views.py] [home_view is called]
[WARNING] [2024-09-24 17:06:42,755] [pharmacy_proj.custom_middleware.py] [Time zone set to default]
[WARNING] [2024-09-24 17:06:43,701] [pharmacy_proj.custom_middleware.py] [Time zone set to default]
[ERROR] [2024-09-24 17:06:43,743] [django.request.py] [Internal Server Error: /html/]
Traceback (most recent call last):
  File "C:\253501_LYAMTSEV_14\IGI\LR5\.venv\Lib\site-packages\django\core\handlers\exception.py", line 55, in inner
    response = get_response(request)
               ^^^^^^^^^^^^^^^^^^^^^
  File "C:\253501_LYAMTSEV_14\IGI\LR5\.venv\Lib\site-packages\django\core\handlers\base.py", line 197, in _get_response
    response = wrapped_callback(request, *callback_args, **callback_kwargs)
               ^^^^^^^^^^^^^^^^^^^^^^^^^^^^^^^^^^^^^^^^^^^^^^^^^^^^^^^^^^^^
  File "C:\253501_LYAMTSEV_14\STRWEB\LR1\pharmacy_proj\pharmacy_app\views.py", line 874, in html_stuff_view
    return render(request, 'html_stuff.html')
           ^^^^^^^^^^^^^^^^^^^^^^^^^^^^^^^^^^
  File "C:\253501_LYAMTSEV_14\IGI\LR5\.venv\Lib\site-packages\django\shortcuts.py", line 25, in render
    content = loader.render_to_string(template_name, context, request, using=using)
              ^^^^^^^^^^^^^^^^^^^^^^^^^^^^^^^^^^^^^^^^^^^^^^^^^^^^^^^^^^^^^^^^^^^^^
  File "C:\253501_LYAMTSEV_14\IGI\LR5\.venv\Lib\site-packages\django\template\loader.py", line 61, in render_to_string
    template = get_template(template_name, using=using)
               ^^^^^^^^^^^^^^^^^^^^^^^^^^^^^^^^^^^^^^^^
  File "C:\253501_LYAMTSEV_14\IGI\LR5\.venv\Lib\site-packages\django\template\loader.py", line 15, in get_template
    return engine.get_template(template_name)
           ^^^^^^^^^^^^^^^^^^^^^^^^^^^^^^^^^^
  File "C:\253501_LYAMTSEV_14\IGI\LR5\.venv\Lib\site-packages\django\template\backends\django.py", line 33, in get_template
    return Template(self.engine.get_template(template_name), self)
                    ^^^^^^^^^^^^^^^^^^^^^^^^^^^^^^^^^^^^^^^
  File "C:\253501_LYAMTSEV_14\IGI\LR5\.venv\Lib\site-packages\django\template\engine.py", line 177, in get_template
    template, origin = self.find_template(template_name)
                       ^^^^^^^^^^^^^^^^^^^^^^^^^^^^^^^^^
  File "C:\253501_LYAMTSEV_14\IGI\LR5\.venv\Lib\site-packages\django\template\engine.py", line 159, in find_template
    template = loader.get_template(name, skip=skip)
               ^^^^^^^^^^^^^^^^^^^^^^^^^^^^^^^^^^^^
  File "C:\253501_LYAMTSEV_14\IGI\LR5\.venv\Lib\site-packages\django\template\loaders\cached.py", line 57, in get_template
    template = super().get_template(template_name, skip)
               ^^^^^^^^^^^^^^^^^^^^^^^^^^^^^^^^^^^^^^^^^
  File "C:\253501_LYAMTSEV_14\IGI\LR5\.venv\Lib\site-packages\django\template\loaders\base.py", line 28, in get_template
    return Template(
           ^^^^^^^^^
  File "C:\253501_LYAMTSEV_14\IGI\LR5\.venv\Lib\site-packages\django\template\base.py", line 154, in __init__
    self.nodelist = self.compile_nodelist()
                    ^^^^^^^^^^^^^^^^^^^^^^^
  File "C:\253501_LYAMTSEV_14\IGI\LR5\.venv\Lib\site-packages\django\template\base.py", line 196, in compile_nodelist
    return parser.parse()
           ^^^^^^^^^^^^^^
  File "C:\253501_LYAMTSEV_14\IGI\LR5\.venv\Lib\site-packages\django\template\base.py", line 511, in parse
    self.extend_nodelist(nodelist, compiled_result, token)
  File "C:\253501_LYAMTSEV_14\IGI\LR5\.venv\Lib\site-packages\django\template\base.py", line 528, in extend_nodelist
    raise self.error(
django.template.exceptions.TemplateSyntaxError: <ExtendsNode: extends "base.html"> must be the first tag in the template.
[WARNING] [2024-09-24 17:06:56,284] [pharmacy_proj.custom_middleware.py] [Time zone set to default]
[WARNING] [2024-09-24 17:07:48,033] [pharmacy_proj.custom_middleware.py] [Time zone set to default]
[WARNING] [2024-09-24 17:09:43,791] [pharmacy_proj.custom_middleware.py] [Time zone set to default]
[INFO] [2024-09-24 17:32:19,075] [django.utils.autoreload.py] [Watching for file changes with StatReloader]
[WARNING] [2024-09-24 17:32:23,254] [pharmacy_proj.custom_middleware.py] [Time zone set to default]
[INFO] [2024-09-24 17:32:23,254] [pharmacy_app.views.py] [default_view is called]
[WARNING] [2024-09-24 17:32:23,337] [pharmacy_proj.custom_middleware.py] [Time zone set to default]
[INFO] [2024-09-24 17:32:23,337] [pharmacy_app.views.py] [home_view is called]
[WARNING] [2024-09-24 17:32:24,846] [pharmacy_proj.custom_middleware.py] [Time zone set to default]
[WARNING] [2024-09-24 17:32:34,032] [pharmacy_proj.custom_middleware.py] [Time zone set to default]
[INFO] [2024-09-24 17:32:34,032] [pharmacy_app.views.py] [questions_view is called]
[WARNING] [2024-09-24 17:32:43,280] [pharmacy_proj.custom_middleware.py] [Time zone set to default]
[WARNING] [2024-09-24 17:35:46,166] [pharmacy_proj.custom_middleware.py] [Time zone set to default]
[WARNING] [2024-09-24 17:36:25,276] [pharmacy_proj.custom_middleware.py] [Time zone set to default]
[WARNING] [2024-09-24 17:38:20,235] [pharmacy_proj.custom_middleware.py] [Time zone set to default]
[WARNING] [2024-09-24 17:43:58,302] [pharmacy_proj.custom_middleware.py] [Time zone set to default]
[WARNING] [2024-09-24 17:44:26,377] [pharmacy_proj.custom_middleware.py] [Time zone set to default]
[INFO] [2024-09-24 17:44:26,377] [pharmacy_app.views.py] [reviews_view is called]
[WARNING] [2024-09-24 17:44:29,777] [pharmacy_proj.custom_middleware.py] [Time zone set to default]
[INFO] [2024-09-24 17:44:29,778] [pharmacy_app.views.py] [user_view is called]
[WARNING] [2024-09-24 17:44:29,842] [pharmacy_proj.custom_middleware.py] [Time zone set to default]
[WARNING] [2024-09-24 17:44:30,319] [pharmacy_proj.custom_middleware.py] [Time zone set to default]
[WARNING] [2024-09-24 17:44:30,366] [django.request.py] [Not Found: /favicon.ico]
[WARNING] [2024-09-24 17:44:36,119] [pharmacy_proj.custom_middleware.py] [Time zone set to default]
[WARNING] [2024-09-24 17:44:36,638] [pharmacy_proj.custom_middleware.py] [Time zone set to default]
[WARNING] [2024-09-24 17:44:38,667] [pharmacy_proj.custom_middleware.py] [Time zone set to default]
[WARNING] [2024-09-24 17:44:38,974] [pharmacy_proj.custom_middleware.py] [Time zone set to default]
[WARNING] [2024-09-24 17:44:59,827] [pharmacy_proj.custom_middleware.py] [Time zone set to default]
[WARNING] [2024-09-24 17:45:00,329] [pharmacy_proj.custom_middleware.py] [Time zone set to default]
[WARNING] [2024-09-24 17:45:17,247] [pharmacy_proj.custom_middleware.py] [Time zone set to default]
[WARNING] [2024-09-24 17:45:17,658] [pharmacy_proj.custom_middleware.py] [Time zone set to default]
[WARNING] [2024-09-24 17:45:18,408] [pharmacy_proj.custom_middleware.py] [Time zone set to default]
[WARNING] [2024-09-24 17:45:18,778] [pharmacy_proj.custom_middleware.py] [Time zone set to default]
[WARNING] [2024-09-24 17:45:28,948] [pharmacy_proj.custom_middleware.py] [Time zone set to default]
[WARNING] [2024-09-24 17:45:29,216] [pharmacy_proj.custom_middleware.py] [Time zone set to default]
[WARNING] [2024-09-24 17:45:30,371] [pharmacy_proj.custom_middleware.py] [Time zone set to default]
[WARNING] [2024-09-24 17:45:30,605] [pharmacy_proj.custom_middleware.py] [Time zone set to default]
[WARNING] [2024-09-24 17:45:39,653] [pharmacy_proj.custom_middleware.py] [Time zone set to default]
[INFO] [2024-09-24 17:45:39,653] [pharmacy_app.views.py] [logout_view is called]
[WARNING] [2024-09-24 17:45:39,678] [pharmacy_proj.custom_middleware.py] [Time zone set to default]
[INFO] [2024-09-24 17:45:39,678] [pharmacy_app.views.py] [login_view is called]
[WARNING] [2024-09-24 17:45:54,416] [pharmacy_proj.custom_middleware.py] [Time zone set to default]
[INFO] [2024-09-24 17:45:54,416] [pharmacy_app.views.py] [login_view is called]
[INFO] [2024-09-24 17:45:55,233] [pharmacy_app.views.py] [Form is valid]
[WARNING] [2024-09-24 17:45:55,998] [pharmacy_proj.custom_middleware.py] [Canada/Newfoundland time zone is activated]
[INFO] [2024-09-24 17:45:56,013] [pharmacy_app.views.py] [home_view is called]
[INFO] [2024-09-24 17:45:56,028] [pharmacy_app.views.py] [User is client or not authenticated]
[WARNING] [2024-09-24 17:45:56,276] [pharmacy_proj.custom_middleware.py] [Canada/Newfoundland time zone is activated]
[WARNING] [2024-09-24 17:45:56,281] [pharmacy_proj.custom_middleware.py] [Canada/Newfoundland time zone is activated]
[WARNING] [2024-09-24 17:45:56,285] [pharmacy_proj.custom_middleware.py] [Canada/Newfoundland time zone is activated]
[WARNING] [2024-09-24 17:45:56,286] [pharmacy_proj.custom_middleware.py] [Canada/Newfoundland time zone is activated]
[WARNING] [2024-09-24 17:45:59,499] [pharmacy_proj.custom_middleware.py] [Canada/Newfoundland time zone is activated]
[INFO] [2024-09-24 17:45:59,500] [pharmacy_app.views.py] [shop_view is called]
[INFO] [2024-09-24 17:45:59,500] [pharmacy_app.views.py] [Form is valid]
[WARNING] [2024-09-24 17:45:59,699] [pharmacy_proj.custom_middleware.py] [Canada/Newfoundland time zone is activated]
[WARNING] [2024-09-24 17:45:59,718] [pharmacy_proj.custom_middleware.py] [Canada/Newfoundland time zone is activated]
[WARNING] [2024-09-24 17:45:59,733] [pharmacy_proj.custom_middleware.py] [Canada/Newfoundland time zone is activated]
[WARNING] [2024-09-24 17:45:59,756] [pharmacy_proj.custom_middleware.py] [Canada/Newfoundland time zone is activated]
[WARNING] [2024-09-24 17:45:59,770] [pharmacy_proj.custom_middleware.py] [Canada/Newfoundland time zone is activated]
[WARNING] [2024-09-24 17:46:02,184] [pharmacy_proj.custom_middleware.py] [Canada/Newfoundland time zone is activated]
[INFO] [2024-09-24 17:46:02,186] [pharmacy_app.views.py] [shop_order_view is called]
[WARNING] [2024-09-24 17:46:08,914] [pharmacy_proj.custom_middleware.py] [Canada/Newfoundland time zone is activated]
[INFO] [2024-09-24 17:46:08,914] [pharmacy_app.views.py] [shop_order_view is called]
[INFO] [2024-09-24 17:46:08,921] [pharmacy_app.views.py] [Form is valid]
[WARNING] [2024-09-24 17:46:08,976] [pharmacy_proj.custom_middleware.py] [Canada/Newfoundland time zone is activated]
[INFO] [2024-09-24 17:46:08,976] [pharmacy_app.views.py] [user_view is called]
[INFO] [2024-09-24 17:46:08,976] [pharmacy_app.views.py] [User is client]
[WARNING] [2024-09-24 17:46:12,116] [pharmacy_proj.custom_middleware.py] [Canada/Newfoundland time zone is activated]
[ERROR] [2024-09-24 17:46:12,209] [django.request.py] [Internal Server Error: /order/pay/1]
Traceback (most recent call last):
  File "C:\253501_LYAMTSEV_14\IGI\LR5\.venv\Lib\site-packages\django\core\handlers\exception.py", line 55, in inner
    response = get_response(request)
               ^^^^^^^^^^^^^^^^^^^^^
  File "C:\253501_LYAMTSEV_14\IGI\LR5\.venv\Lib\site-packages\django\core\handlers\base.py", line 197, in _get_response
    response = wrapped_callback(request, *callback_args, **callback_kwargs)
               ^^^^^^^^^^^^^^^^^^^^^^^^^^^^^^^^^^^^^^^^^^^^^^^^^^^^^^^^^^^^
  File "C:\253501_LYAMTSEV_14\IGI\LR5\.venv\Lib\site-packages\django\contrib\auth\decorators.py", line 23, in _wrapper_view
    return view_func(request, *args, **kwargs)
           ^^^^^^^^^^^^^^^^^^^^^^^^^^^^^^^^^^^
  File "C:\253501_LYAMTSEV_14\STRWEB\LR1\pharmacy_proj\pharmacy_app\views.py", line 865, in order_pay_view
    return redirect('user')
           ^^^^^^^^^^^^^^^^
  File "C:\253501_LYAMTSEV_14\IGI\LR5\.venv\Lib\site-packages\django\shortcuts.py", line 49, in redirect
    return redirect_class(resolve_url(to, *args, **kwargs))
                          ^^^^^^^^^^^^^^^^^^^^^^^^^^^^^^^^
  File "C:\253501_LYAMTSEV_14\IGI\LR5\.venv\Lib\site-packages\django\shortcuts.py", line 180, in resolve_url
    return reverse(to, args=args, kwargs=kwargs)
           ^^^^^^^^^^^^^^^^^^^^^^^^^^^^^^^^^^^^^
  File "C:\253501_LYAMTSEV_14\IGI\LR5\.venv\Lib\site-packages\django\urls\base.py", line 88, in reverse
    return resolver._reverse_with_prefix(view, prefix, *args, **kwargs)
           ^^^^^^^^^^^^^^^^^^^^^^^^^^^^^^^^^^^^^^^^^^^^^^^^^^^^^^^^^^^^
  File "C:\253501_LYAMTSEV_14\IGI\LR5\.venv\Lib\site-packages\django\urls\resolvers.py", line 851, in _reverse_with_prefix
    raise NoReverseMatch(msg)
django.urls.exceptions.NoReverseMatch: Reverse for 'user' not found. 'user' is not a valid view function or pattern name.
[INFO] [2024-09-24 17:46:41,353] [django.utils.autoreload.py] [C:\253501_LYAMTSEV_14\STRWEB\LR1\pharmacy_proj\pharmacy_app\views.py changed, reloading.]
[INFO] [2024-09-24 17:46:44,279] [django.utils.autoreload.py] [Watching for file changes with StatReloader]
[WARNING] [2024-09-24 17:46:46,804] [pharmacy_proj.custom_middleware.py] [Canada/Newfoundland time zone is activated]
[INFO] [2024-09-24 17:46:46,812] [pharmacy_app.views.py] [user_view is called]
[INFO] [2024-09-24 17:46:46,815] [pharmacy_app.views.py] [User is client]
[WARNING] [2024-09-24 17:46:57,181] [pharmacy_proj.custom_middleware.py] [Canada/Newfoundland time zone is activated]
[INFO] [2024-09-24 17:46:57,184] [pharmacy_app.views.py] [shop_view is called]
[INFO] [2024-09-24 17:46:57,184] [pharmacy_app.views.py] [Form is valid]
[WARNING] [2024-09-24 17:46:58,729] [pharmacy_proj.custom_middleware.py] [Canada/Newfoundland time zone is activated]
[INFO] [2024-09-24 17:46:58,733] [pharmacy_app.views.py] [shop_order_view is called]
[WARNING] [2024-09-24 17:47:03,336] [pharmacy_proj.custom_middleware.py] [Canada/Newfoundland time zone is activated]
[INFO] [2024-09-24 17:47:03,342] [pharmacy_app.views.py] [shop_order_view is called]
[INFO] [2024-09-24 17:47:03,344] [pharmacy_app.views.py] [Form is valid]
[WARNING] [2024-09-24 17:47:03,394] [pharmacy_proj.custom_middleware.py] [Canada/Newfoundland time zone is activated]
[INFO] [2024-09-24 17:47:03,394] [pharmacy_app.views.py] [user_view is called]
[INFO] [2024-09-24 17:47:03,399] [pharmacy_app.views.py] [User is client]
[WARNING] [2024-09-24 17:47:08,246] [pharmacy_proj.custom_middleware.py] [Canada/Newfoundland time zone is activated]
[INFO] [2024-09-24 17:47:08,248] [pharmacy_app.views.py] [shop_view is called]
[INFO] [2024-09-24 17:47:08,249] [pharmacy_app.views.py] [Form is valid]
[WARNING] [2024-09-24 17:47:10,070] [pharmacy_proj.custom_middleware.py] [Canada/Newfoundland time zone is activated]
[INFO] [2024-09-24 17:47:10,074] [pharmacy_app.views.py] [shop_order_view is called]
[WARNING] [2024-09-24 17:47:14,210] [pharmacy_proj.custom_middleware.py] [Canada/Newfoundland time zone is activated]
[INFO] [2024-09-24 17:47:14,212] [pharmacy_app.views.py] [shop_order_view is called]
[INFO] [2024-09-24 17:47:14,216] [pharmacy_app.views.py] [Form is valid]
[WARNING] [2024-09-24 17:47:14,257] [pharmacy_proj.custom_middleware.py] [Canada/Newfoundland time zone is activated]
[INFO] [2024-09-24 17:47:14,257] [pharmacy_app.views.py] [user_view is called]
[INFO] [2024-09-24 17:47:14,257] [pharmacy_app.views.py] [User is client]
[WARNING] [2024-09-24 17:47:15,742] [pharmacy_proj.custom_middleware.py] [Canada/Newfoundland time zone is activated]
[WARNING] [2024-09-24 17:47:15,781] [pharmacy_proj.custom_middleware.py] [Canada/Newfoundland time zone is activated]
[INFO] [2024-09-24 17:47:15,787] [pharmacy_app.views.py] [user_view is called]
[INFO] [2024-09-24 17:47:15,789] [pharmacy_app.views.py] [User is client]
[WARNING] [2024-09-24 17:47:27,266] [pharmacy_proj.custom_middleware.py] [Canada/Newfoundland time zone is activated]
[INFO] [2024-09-24 17:47:27,266] [pharmacy_app.views.py] [logout_view is called]
[WARNING] [2024-09-24 17:47:27,301] [pharmacy_proj.custom_middleware.py] [Time zone set to default]
[INFO] [2024-09-24 17:47:27,308] [pharmacy_app.views.py] [login_view is called]
[WARNING] [2024-09-24 17:47:36,668] [pharmacy_proj.custom_middleware.py] [Time zone set to default]
[INFO] [2024-09-24 17:47:36,668] [pharmacy_app.views.py] [login_view is called]
[INFO] [2024-09-24 17:47:37,363] [pharmacy_app.views.py] [Form is valid]
[WARNING] [2024-09-24 17:47:38,127] [pharmacy_proj.custom_middleware.py] [Time zone set to default]
[INFO] [2024-09-24 17:47:38,127] [pharmacy_app.views.py] [home_view is called]
[WARNING] [2024-09-24 17:47:39,273] [pharmacy_proj.custom_middleware.py] [Time zone set to default]
[WARNING] [2024-09-24 17:48:00,295] [pharmacy_proj.custom_middleware.py] [Time zone set to default]
[INFO] [2024-09-24 17:48:00,295] [pharmacy_app.views.py] [logout_view is called]
[WARNING] [2024-09-24 17:48:00,319] [pharmacy_proj.custom_middleware.py] [Time zone set to default]
[INFO] [2024-09-24 17:48:00,321] [pharmacy_app.views.py] [login_view is called]
[WARNING] [2024-09-24 17:48:14,484] [pharmacy_proj.custom_middleware.py] [Time zone set to default]
[INFO] [2024-09-24 17:48:14,484] [pharmacy_app.views.py] [login_view is called]
[INFO] [2024-09-24 17:48:15,266] [pharmacy_app.views.py] [Form is valid]
[WARNING] [2024-09-24 17:48:16,194] [pharmacy_proj.custom_middleware.py] [Europe/Istanbul time zone is activated]
[INFO] [2024-09-24 17:48:16,214] [pharmacy_app.views.py] [home_view is called]
[INFO] [2024-09-24 17:48:16,214] [pharmacy_app.views.py] [User is client or not authenticated]
[WARNING] [2024-09-24 17:48:16,435] [pharmacy_proj.custom_middleware.py] [Europe/Istanbul time zone is activated]
[WARNING] [2024-09-24 17:48:16,441] [pharmacy_proj.custom_middleware.py] [Europe/Istanbul time zone is activated]
[WARNING] [2024-09-24 17:48:16,441] [pharmacy_proj.custom_middleware.py] [Europe/Istanbul time zone is activated]
[WARNING] [2024-09-24 17:48:16,441] [pharmacy_proj.custom_middleware.py] [Europe/Istanbul time zone is activated]
[WARNING] [2024-09-24 17:48:19,084] [pharmacy_proj.custom_middleware.py] [Europe/Istanbul time zone is activated]
[INFO] [2024-09-24 17:48:19,084] [pharmacy_app.views.py] [shop_view is called]
[INFO] [2024-09-24 17:48:19,092] [pharmacy_app.views.py] [Form is valid]
[WARNING] [2024-09-24 17:48:21,511] [pharmacy_proj.custom_middleware.py] [Europe/Istanbul time zone is activated]
[INFO] [2024-09-24 17:48:21,517] [pharmacy_app.views.py] [shop_order_view is called]
[WARNING] [2024-09-24 17:48:25,219] [pharmacy_proj.custom_middleware.py] [Europe/Istanbul time zone is activated]
[INFO] [2024-09-24 17:48:25,219] [pharmacy_app.views.py] [shop_order_view is called]
[INFO] [2024-09-24 17:48:25,226] [pharmacy_app.views.py] [Form is valid]
[WARNING] [2024-09-24 17:48:25,283] [pharmacy_proj.custom_middleware.py] [Europe/Istanbul time zone is activated]
[INFO] [2024-09-24 17:48:25,283] [pharmacy_app.views.py] [user_view is called]
[INFO] [2024-09-24 17:48:25,283] [pharmacy_app.views.py] [User is client]
[WARNING] [2024-09-24 17:48:26,702] [pharmacy_proj.custom_middleware.py] [Europe/Istanbul time zone is activated]
[INFO] [2024-09-24 17:48:26,702] [pharmacy_app.views.py] [promo_view is called]
[WARNING] [2024-09-24 17:48:30,828] [pharmacy_proj.custom_middleware.py] [Europe/Istanbul time zone is activated]
[INFO] [2024-09-24 17:48:30,828] [pharmacy_app.views.py] [shop_view is called]
[INFO] [2024-09-24 17:48:30,831] [pharmacy_app.views.py] [Form is valid]
[WARNING] [2024-09-24 17:48:33,194] [pharmacy_proj.custom_middleware.py] [Europe/Istanbul time zone is activated]
[INFO] [2024-09-24 17:48:33,199] [pharmacy_app.views.py] [shop_order_view is called]
[WARNING] [2024-09-24 17:48:45,570] [pharmacy_proj.custom_middleware.py] [Europe/Istanbul time zone is activated]
[INFO] [2024-09-24 17:48:45,572] [pharmacy_app.views.py] [shop_order_view is called]
[INFO] [2024-09-24 17:48:45,576] [pharmacy_app.views.py] [Form is valid]
[WARNING] [2024-09-24 17:48:45,631] [pharmacy_proj.custom_middleware.py] [Europe/Istanbul time zone is activated]
[INFO] [2024-09-24 17:48:45,631] [pharmacy_app.views.py] [user_view is called]
[INFO] [2024-09-24 17:48:45,631] [pharmacy_app.views.py] [User is client]
[WARNING] [2024-09-24 17:48:48,008] [pharmacy_proj.custom_middleware.py] [Europe/Istanbul time zone is activated]
[WARNING] [2024-09-24 17:48:48,059] [pharmacy_proj.custom_middleware.py] [Europe/Istanbul time zone is activated]
[INFO] [2024-09-24 17:48:48,059] [pharmacy_app.views.py] [user_view is called]
[INFO] [2024-09-24 17:48:48,063] [pharmacy_app.views.py] [User is client]
[WARNING] [2024-09-24 17:48:49,490] [pharmacy_proj.custom_middleware.py] [Europe/Istanbul time zone is activated]
[WARNING] [2024-09-24 17:48:49,531] [pharmacy_proj.custom_middleware.py] [Europe/Istanbul time zone is activated]
[INFO] [2024-09-24 17:48:49,531] [pharmacy_app.views.py] [user_view is called]
[INFO] [2024-09-24 17:48:49,535] [pharmacy_app.views.py] [User is client]
[WARNING] [2024-09-24 17:48:57,892] [pharmacy_proj.custom_middleware.py] [Europe/Istanbul time zone is activated]
[INFO] [2024-09-24 17:48:57,894] [pharmacy_app.views.py] [shop_view is called]
[INFO] [2024-09-24 17:48:57,895] [pharmacy_app.views.py] [Form is valid]
[WARNING] [2024-09-24 17:49:00,065] [pharmacy_proj.custom_middleware.py] [Europe/Istanbul time zone is activated]
[INFO] [2024-09-24 17:49:00,069] [pharmacy_app.views.py] [shop_order_view is called]
[WARNING] [2024-09-24 17:49:03,955] [pharmacy_proj.custom_middleware.py] [Europe/Istanbul time zone is activated]
[INFO] [2024-09-24 17:49:03,957] [pharmacy_app.views.py] [shop_order_view is called]
[INFO] [2024-09-24 17:49:03,957] [pharmacy_app.views.py] [Form is valid]
[WARNING] [2024-09-24 17:49:04,007] [pharmacy_proj.custom_middleware.py] [Europe/Istanbul time zone is activated]
[INFO] [2024-09-24 17:49:04,007] [pharmacy_app.views.py] [user_view is called]
[INFO] [2024-09-24 17:49:04,007] [pharmacy_app.views.py] [User is client]
[WARNING] [2024-09-24 17:49:05,914] [pharmacy_proj.custom_middleware.py] [Europe/Istanbul time zone is activated]
[INFO] [2024-09-24 17:49:05,914] [pharmacy_app.views.py] [logout_view is called]
[WARNING] [2024-09-24 17:49:05,936] [pharmacy_proj.custom_middleware.py] [Time zone set to default]
[INFO] [2024-09-24 17:49:05,938] [pharmacy_app.views.py] [login_view is called]
[WARNING] [2024-09-24 17:49:20,227] [pharmacy_proj.custom_middleware.py] [Time zone set to default]
[INFO] [2024-09-24 17:49:20,227] [pharmacy_app.views.py] [login_view is called]
[INFO] [2024-09-24 17:49:20,956] [pharmacy_app.views.py] [Form is valid]
[WARNING] [2024-09-24 17:49:21,850] [pharmacy_proj.custom_middleware.py] [Asia/Chongqing time zone is activated]
[INFO] [2024-09-24 17:49:21,875] [pharmacy_app.views.py] [home_view is called]
[INFO] [2024-09-24 17:49:21,878] [pharmacy_app.views.py] [User is client or not authenticated]
[WARNING] [2024-09-24 17:49:22,153] [pharmacy_proj.custom_middleware.py] [Asia/Chongqing time zone is activated]
[WARNING] [2024-09-24 17:49:22,162] [pharmacy_proj.custom_middleware.py] [Asia/Chongqing time zone is activated]
[WARNING] [2024-09-24 17:49:22,175] [pharmacy_proj.custom_middleware.py] [Asia/Chongqing time zone is activated]
[WARNING] [2024-09-24 17:49:22,180] [pharmacy_proj.custom_middleware.py] [Asia/Chongqing time zone is activated]
[WARNING] [2024-09-24 17:49:24,156] [pharmacy_proj.custom_middleware.py] [Asia/Chongqing time zone is activated]
[INFO] [2024-09-24 17:49:24,160] [pharmacy_app.views.py] [shop_view is called]
[INFO] [2024-09-24 17:49:24,160] [pharmacy_app.views.py] [Form is valid]
[WARNING] [2024-09-24 17:49:26,621] [pharmacy_proj.custom_middleware.py] [Asia/Chongqing time zone is activated]
[INFO] [2024-09-24 17:49:26,628] [pharmacy_app.views.py] [shop_order_view is called]
[WARNING] [2024-09-24 17:49:32,810] [pharmacy_proj.custom_middleware.py] [Asia/Chongqing time zone is activated]
[INFO] [2024-09-24 17:49:32,812] [pharmacy_app.views.py] [shop_order_view is called]
[INFO] [2024-09-24 17:49:32,815] [pharmacy_app.views.py] [Form is valid]
[WARNING] [2024-09-24 17:49:32,870] [pharmacy_proj.custom_middleware.py] [Asia/Chongqing time zone is activated]
[INFO] [2024-09-24 17:49:32,870] [pharmacy_app.views.py] [user_view is called]
[INFO] [2024-09-24 17:49:32,872] [pharmacy_app.views.py] [User is client]
[WARNING] [2024-09-24 17:49:34,402] [pharmacy_proj.custom_middleware.py] [Asia/Chongqing time zone is activated]
[WARNING] [2024-09-24 17:49:34,477] [pharmacy_proj.custom_middleware.py] [Asia/Chongqing time zone is activated]
[INFO] [2024-09-24 17:49:34,477] [pharmacy_app.views.py] [user_view is called]
[INFO] [2024-09-24 17:49:34,484] [pharmacy_app.views.py] [User is client]
[WARNING] [2024-09-24 17:49:35,462] [pharmacy_proj.custom_middleware.py] [Asia/Chongqing time zone is activated]
[INFO] [2024-09-24 17:49:35,462] [pharmacy_app.views.py] [shop_view is called]
[INFO] [2024-09-24 17:49:35,462] [pharmacy_app.views.py] [Form is valid]
[WARNING] [2024-09-24 17:49:39,587] [pharmacy_proj.custom_middleware.py] [Asia/Chongqing time zone is activated]
[INFO] [2024-09-24 17:49:39,587] [pharmacy_app.views.py] [shop_order_view is called]
[WARNING] [2024-09-24 17:49:42,350] [pharmacy_proj.custom_middleware.py] [Asia/Chongqing time zone is activated]
[INFO] [2024-09-24 17:49:42,351] [pharmacy_app.views.py] [shop_order_view is called]
[INFO] [2024-09-24 17:49:42,356] [pharmacy_app.views.py] [Form is valid]
[WARNING] [2024-09-24 17:49:42,408] [pharmacy_proj.custom_middleware.py] [Asia/Chongqing time zone is activated]
[INFO] [2024-09-24 17:49:42,411] [pharmacy_app.views.py] [user_view is called]
[INFO] [2024-09-24 17:49:42,414] [pharmacy_app.views.py] [User is client]
[WARNING] [2024-09-24 17:49:43,748] [pharmacy_proj.custom_middleware.py] [Asia/Chongqing time zone is activated]
[WARNING] [2024-09-24 17:49:43,793] [pharmacy_proj.custom_middleware.py] [Asia/Chongqing time zone is activated]
[INFO] [2024-09-24 17:49:43,793] [pharmacy_app.views.py] [user_view is called]
[INFO] [2024-09-24 17:49:43,793] [pharmacy_app.views.py] [User is client]
[WARNING] [2024-09-24 17:49:52,437] [pharmacy_proj.custom_middleware.py] [Asia/Chongqing time zone is activated]
[INFO] [2024-09-24 17:49:52,437] [pharmacy_app.views.py] [reviews_view is called]
[WARNING] [2024-09-24 17:49:53,769] [pharmacy_proj.custom_middleware.py] [Asia/Chongqing time zone is activated]
[INFO] [2024-09-24 17:49:53,770] [pharmacy_app.views.py] [review_create_view is called]
[WARNING] [2024-09-24 17:50:05,422] [pharmacy_proj.custom_middleware.py] [Asia/Chongqing time zone is activated]
[INFO] [2024-09-24 17:50:05,424] [pharmacy_app.views.py] [review_create_view is called]
[INFO] [2024-09-24 17:50:05,426] [pharmacy_app.views.py] [Form is valid]
[WARNING] [2024-09-24 17:50:05,479] [pharmacy_proj.custom_middleware.py] [Asia/Chongqing time zone is activated]
[INFO] [2024-09-24 17:50:05,479] [pharmacy_app.views.py] [reviews_view is called]
[WARNING] [2024-09-24 17:50:17,282] [pharmacy_proj.custom_middleware.py] [Asia/Chongqing time zone is activated]
[INFO] [2024-09-24 17:50:17,282] [pharmacy_app.views.py] [logout_view is called]
[WARNING] [2024-09-24 17:50:17,310] [pharmacy_proj.custom_middleware.py] [Time zone set to default]
[INFO] [2024-09-24 17:50:17,310] [pharmacy_app.views.py] [login_view is called]
[WARNING] [2024-09-24 17:50:26,468] [pharmacy_proj.custom_middleware.py] [Time zone set to default]
[INFO] [2024-09-24 17:50:26,470] [pharmacy_app.views.py] [login_view is called]
[WARNING] [2024-09-24 17:50:27,203] [pharmacy_app.views.py] [Form has invalid data]
[WARNING] [2024-09-24 17:50:35,355] [pharmacy_proj.custom_middleware.py] [Time zone set to default]
[INFO] [2024-09-24 17:50:35,355] [pharmacy_app.views.py] [login_view is called]
[WARNING] [2024-09-24 17:50:36,272] [pharmacy_app.views.py] [Form has invalid data]
[WARNING] [2024-09-24 17:50:43,452] [pharmacy_proj.custom_middleware.py] [Time zone set to default]
[INFO] [2024-09-24 17:50:43,459] [pharmacy_app.views.py] [login_view is called]
[INFO] [2024-09-24 17:50:44,289] [pharmacy_app.views.py] [Form is valid]
[WARNING] [2024-09-24 17:50:45,094] [pharmacy_proj.custom_middleware.py] [Canada/Newfoundland time zone is activated]
[INFO] [2024-09-24 17:50:45,095] [pharmacy_app.views.py] [home_view is called]
[INFO] [2024-09-24 17:50:45,098] [pharmacy_app.views.py] [User is client or not authenticated]
[WARNING] [2024-09-24 17:50:45,354] [pharmacy_proj.custom_middleware.py] [Canada/Newfoundland time zone is activated]
[WARNING] [2024-09-24 17:50:45,354] [pharmacy_proj.custom_middleware.py] [Canada/Newfoundland time zone is activated]
[WARNING] [2024-09-24 17:50:45,354] [pharmacy_proj.custom_middleware.py] [Canada/Newfoundland time zone is activated]
[WARNING] [2024-09-24 17:50:45,366] [pharmacy_proj.custom_middleware.py] [Canada/Newfoundland time zone is activated]
[WARNING] [2024-09-24 17:50:47,823] [pharmacy_proj.custom_middleware.py] [Canada/Newfoundland time zone is activated]
[INFO] [2024-09-24 17:50:47,823] [pharmacy_app.views.py] [shop_view is called]
[INFO] [2024-09-24 17:50:47,826] [pharmacy_app.views.py] [Form is valid]
[WARNING] [2024-09-24 17:50:50,409] [pharmacy_proj.custom_middleware.py] [Canada/Newfoundland time zone is activated]
[INFO] [2024-09-24 17:50:50,411] [pharmacy_app.views.py] [reviews_view is called]
[WARNING] [2024-09-24 17:50:51,652] [pharmacy_proj.custom_middleware.py] [Canada/Newfoundland time zone is activated]
[INFO] [2024-09-24 17:50:51,655] [pharmacy_app.views.py] [review_create_view is called]
[WARNING] [2024-09-24 17:51:01,953] [pharmacy_proj.custom_middleware.py] [Canada/Newfoundland time zone is activated]
[INFO] [2024-09-24 17:51:01,953] [pharmacy_app.views.py] [review_create_view is called]
[INFO] [2024-09-24 17:51:01,953] [pharmacy_app.views.py] [Form is valid]
[WARNING] [2024-09-24 17:51:02,008] [pharmacy_proj.custom_middleware.py] [Canada/Newfoundland time zone is activated]
[INFO] [2024-09-24 17:51:02,011] [pharmacy_app.views.py] [reviews_view is called]
[INFO] [2024-09-24 17:53:57,586] [django.utils.autoreload.py] [Watching for file changes with StatReloader]
[WARNING] [2024-09-24 17:54:01,551] [pharmacy_proj.custom_middleware.py] [Canada/Newfoundland time zone is activated]
[INFO] [2024-09-24 17:54:01,558] [pharmacy_app.views.py] [default_view is called]
[WARNING] [2024-09-24 17:54:01,624] [pharmacy_proj.custom_middleware.py] [Canada/Newfoundland time zone is activated]
[INFO] [2024-09-24 17:54:01,626] [pharmacy_app.views.py] [home_view is called]
[INFO] [2024-09-24 17:54:01,628] [pharmacy_app.views.py] [User is client or not authenticated]
[WARNING] [2024-09-24 17:54:12,307] [pharmacy_proj.custom_middleware.py] [Canada/Newfoundland time zone is activated]
[INFO] [2024-09-24 17:54:12,307] [pharmacy_app.views.py] [home_view is called]
[INFO] [2024-09-24 17:54:12,322] [pharmacy_app.views.py] [User is client or not authenticated]
[WARNING] [2024-09-24 17:54:22,557] [pharmacy_proj.custom_middleware.py] [Canada/Newfoundland time zone is activated]
[INFO] [2024-09-24 17:54:22,558] [pharmacy_app.views.py] [home_view is called]
[INFO] [2024-09-24 17:54:22,560] [pharmacy_app.views.py] [User is client or not authenticated]
[WARNING] [2024-09-24 17:54:32,822] [pharmacy_proj.custom_middleware.py] [Canada/Newfoundland time zone is activated]
[INFO] [2024-09-24 17:54:32,822] [pharmacy_app.views.py] [home_view is called]
[INFO] [2024-09-24 17:54:32,822] [pharmacy_app.views.py] [User is client or not authenticated]
[INFO] [2024-09-24 17:56:39,546] [django.utils.autoreload.py] [Watching for file changes with StatReloader]
[WARNING] [2024-09-24 17:56:41,827] [pharmacy_proj.custom_middleware.py] [Canada/Newfoundland time zone is activated]
[INFO] [2024-09-24 17:56:41,832] [pharmacy_app.views.py] [home_view is called]
[INFO] [2024-09-24 17:56:41,838] [pharmacy_app.views.py] [User is client or not authenticated]
[WARNING] [2024-09-24 17:56:46,320] [pharmacy_proj.custom_middleware.py] [Canada/Newfoundland time zone is activated]
[INFO] [2024-09-24 17:56:46,323] [pharmacy_app.views.py] [news_view is called]
[WARNING] [2024-09-24 17:56:46,495] [pharmacy_proj.custom_middleware.py] [Canada/Newfoundland time zone is activated]
[WARNING] [2024-09-24 17:56:56,773] [pharmacy_proj.custom_middleware.py] [Canada/Newfoundland time zone is activated]
[INFO] [2024-09-24 17:56:56,774] [pharmacy_app.views.py] [news_view is called]
[WARNING] [2024-09-24 17:57:04,656] [pharmacy_proj.custom_middleware.py] [Canada/Newfoundland time zone is activated]
[INFO] [2024-09-24 17:57:04,656] [pharmacy_app.views.py] [news_view is called]
[WARNING] [2024-09-24 17:57:08,558] [pharmacy_proj.custom_middleware.py] [Canada/Newfoundland time zone is activated]
[WARNING] [2024-09-24 17:57:10,857] [pharmacy_proj.custom_middleware.py] [Canada/Newfoundland time zone is activated]
[INFO] [2024-09-24 17:57:10,861] [pharmacy_app.views.py] [news_view is called]
[WARNING] [2024-09-24 17:57:12,307] [pharmacy_proj.custom_middleware.py] [Canada/Newfoundland time zone is activated]
[WARNING] [2024-09-24 17:57:16,938] [pharmacy_proj.custom_middleware.py] [Canada/Newfoundland time zone is activated]
[INFO] [2024-09-24 17:57:16,940] [pharmacy_app.views.py] [news_view is called]
[WARNING] [2024-09-24 17:57:19,354] [pharmacy_proj.custom_middleware.py] [Canada/Newfoundland time zone is activated]
[WARNING] [2024-09-24 17:57:22,103] [pharmacy_proj.custom_middleware.py] [Canada/Newfoundland time zone is activated]
[INFO] [2024-09-24 17:57:22,104] [pharmacy_app.views.py] [logout_view is called]
[WARNING] [2024-09-24 17:57:22,132] [pharmacy_proj.custom_middleware.py] [Time zone set to default]
[INFO] [2024-09-24 17:57:22,132] [pharmacy_app.views.py] [login_view is called]
[WARNING] [2024-09-24 17:57:25,910] [pharmacy_proj.custom_middleware.py] [Time zone set to default]
[INFO] [2024-09-24 17:57:25,910] [pharmacy_app.views.py] [login_view is called]
[INFO] [2024-09-24 17:57:26,750] [pharmacy_app.views.py] [Form is valid]
[WARNING] [2024-09-24 17:57:27,552] [pharmacy_proj.custom_middleware.py] [Time zone set to default]
[INFO] [2024-09-24 17:57:27,554] [pharmacy_app.views.py] [home_view is called]
[WARNING] [2024-09-24 17:57:28,674] [pharmacy_proj.custom_middleware.py] [Time zone set to default]
[WARNING] [2024-09-24 17:57:31,540] [pharmacy_proj.custom_middleware.py] [Time zone set to default]
[INFO] [2024-09-24 17:57:31,540] [pharmacy_app.views.py] [user_view is called]
[WARNING] [2024-09-24 17:57:31,582] [pharmacy_proj.custom_middleware.py] [Time zone set to default]
[WARNING] [2024-09-24 17:57:31,707] [pharmacy_proj.custom_middleware.py] [Time zone set to default]
[WARNING] [2024-09-24 17:57:34,131] [pharmacy_proj.custom_middleware.py] [Time zone set to default]
[WARNING] [2024-09-24 17:57:34,338] [pharmacy_proj.custom_middleware.py] [Time zone set to default]
[WARNING] [2024-09-24 17:57:35,750] [pharmacy_proj.custom_middleware.py] [Time zone set to default]
[WARNING] [2024-09-24 17:57:35,969] [pharmacy_proj.custom_middleware.py] [Time zone set to default]
[WARNING] [2024-09-24 17:57:38,869] [pharmacy_proj.custom_middleware.py] [Time zone set to default]
[WARNING] [2024-09-24 17:57:38,910] [pharmacy_proj.custom_middleware.py] [Time zone set to default]
[WARNING] [2024-09-24 17:57:39,125] [pharmacy_proj.custom_middleware.py] [Time zone set to default]
[INFO] [2024-09-24 18:02:28,923] [django.utils.autoreload.py] [Watching for file changes with StatReloader]
[WARNING] [2024-09-24 18:02:33,255] [pharmacy_proj.custom_middleware.py] [Time zone set to default]
[INFO] [2024-09-24 18:02:33,255] [pharmacy_app.views.py] [default_view is called]
[WARNING] [2024-09-24 18:02:33,349] [pharmacy_proj.custom_middleware.py] [Time zone set to default]
[INFO] [2024-09-24 18:02:33,349] [pharmacy_app.views.py] [home_view is called]
[WARNING] [2024-09-24 18:02:34,479] [pharmacy_proj.custom_middleware.py] [Time zone set to default]
[WARNING] [2024-09-24 18:02:36,734] [pharmacy_proj.custom_middleware.py] [Time zone set to default]
[WARNING] [2024-09-24 18:02:39,239] [pharmacy_proj.custom_middleware.py] [Time zone set to default]
[INFO] [2024-09-24 18:09:08,065] [django.utils.autoreload.py] [Watching for file changes with StatReloader]
[WARNING] [2024-09-24 18:09:11,810] [pharmacy_proj.custom_middleware.py] [Time zone set to default]
[INFO] [2024-09-24 18:09:11,810] [pharmacy_app.views.py] [default_view is called]
[WARNING] [2024-09-24 18:09:11,897] [pharmacy_proj.custom_middleware.py] [Time zone set to default]
[INFO] [2024-09-24 18:09:11,897] [pharmacy_app.views.py] [home_view is called]
[WARNING] [2024-09-24 18:09:13,014] [pharmacy_proj.custom_middleware.py] [Time zone set to default]
[WARNING] [2024-09-24 18:09:15,176] [pharmacy_proj.custom_middleware.py] [Time zone set to default]
[WARNING] [2024-09-24 18:09:26,895] [pharmacy_proj.custom_middleware.py] [Time zone set to default]
[WARNING] [2024-09-24 18:09:32,953] [pharmacy_proj.custom_middleware.py] [Time zone set to default]
[WARNING] [2024-09-24 18:09:32,976] [django.security.csrf.py] [Forbidden (CSRF token missing.): /html/]
[WARNING] [2024-09-24 18:09:47,157] [pharmacy_proj.custom_middleware.py] [Time zone set to default]
[INFO] [2024-09-24 19:00:10,238] [django.utils.autoreload.py] [Watching for file changes with StatReloader]
[WARNING] [2024-09-24 19:05:37,336] [pharmacy_proj.custom_middleware.py] [Time zone set to default]
[INFO] [2024-09-24 19:05:37,336] [pharmacy_app.views.py] [default_view is called]
[WARNING] [2024-09-24 19:05:37,401] [pharmacy_proj.custom_middleware.py] [Time zone set to default]
[INFO] [2024-09-24 19:05:37,401] [pharmacy_app.views.py] [home_view is called]
[WARNING] [2024-09-24 19:05:38,731] [pharmacy_proj.custom_middleware.py] [Time zone set to default]
[WARNING] [2024-09-24 19:05:46,029] [pharmacy_proj.custom_middleware.py] [Time zone set to default]
[INFO] [2024-09-24 19:05:46,035] [pharmacy_app.views.py] [user_view is called]
[WARNING] [2024-09-24 19:05:46,179] [pharmacy_proj.custom_middleware.py] [Time zone set to default]
[WARNING] [2024-09-24 19:05:46,668] [pharmacy_proj.custom_middleware.py] [Time zone set to default]
[WARNING] [2024-09-24 19:05:46,716] [django.request.py] [Not Found: /favicon.ico]
[WARNING] [2024-09-24 19:05:48,902] [pharmacy_proj.custom_middleware.py] [Time zone set to default]
[WARNING] [2024-09-24 19:05:49,134] [pharmacy_proj.custom_middleware.py] [Time zone set to default]
[WARNING] [2024-09-24 19:05:50,564] [pharmacy_proj.custom_middleware.py] [Time zone set to default]
[WARNING] [2024-09-24 19:05:50,799] [pharmacy_proj.custom_middleware.py] [Time zone set to default]
[WARNING] [2024-09-24 19:06:57,089] [pharmacy_proj.custom_middleware.py] [Time zone set to default]
[WARNING] [2024-09-24 19:06:57,132] [pharmacy_proj.custom_middleware.py] [Time zone set to default]
[WARNING] [2024-09-24 19:06:57,333] [pharmacy_proj.custom_middleware.py] [Time zone set to default]
[WARNING] [2024-09-24 19:06:58,623] [pharmacy_proj.custom_middleware.py] [Time zone set to default]
[WARNING] [2024-09-24 19:06:58,816] [pharmacy_proj.custom_middleware.py] [Time zone set to default]
[WARNING] [2024-09-24 19:07:23,363] [pharmacy_proj.custom_middleware.py] [Time zone set to default]
[WARNING] [2024-09-24 19:07:23,415] [pharmacy_proj.custom_middleware.py] [Time zone set to default]
[WARNING] [2024-09-24 19:07:23,626] [pharmacy_proj.custom_middleware.py] [Time zone set to default]
[WARNING] [2024-09-24 19:14:16,210] [pharmacy_proj.custom_middleware.py] [Time zone set to default]
[INFO] [2024-09-24 19:14:16,210] [pharmacy_app.views.py] [default_view is called]
[WARNING] [2024-09-24 19:14:16,248] [pharmacy_proj.custom_middleware.py] [Time zone set to default]
[INFO] [2024-09-24 19:14:16,248] [pharmacy_app.views.py] [home_view is called]
[WARNING] [2024-09-24 19:14:17,084] [pharmacy_proj.custom_middleware.py] [Time zone set to default]
[WARNING] [2024-09-24 19:14:20,419] [pharmacy_proj.custom_middleware.py] [Time zone set to default]
[WARNING] [2024-09-24 19:27:20,281] [pharmacy_proj.custom_middleware.py] [Time zone set to default]
[WARNING] [2024-09-24 19:31:40,385] [pharmacy_proj.custom_middleware.py] [Time zone set to default]
[WARNING] [2024-09-24 19:41:21,869] [pharmacy_proj.custom_middleware.py] [Time zone set to default]
[INFO] [2024-09-24 19:41:21,871] [pharmacy_app.views.py] [home_view is called]
[WARNING] [2024-09-24 19:41:22,600] [pharmacy_proj.custom_middleware.py] [Time zone set to default]
[WARNING] [2024-09-24 19:41:24,737] [pharmacy_proj.custom_middleware.py] [Time zone set to default]
[INFO] [2024-09-24 19:41:24,737] [pharmacy_app.views.py] [logout_view is called]
[WARNING] [2024-09-24 19:41:24,769] [pharmacy_proj.custom_middleware.py] [Time zone set to default]
[INFO] [2024-09-24 19:41:24,769] [pharmacy_app.views.py] [login_view is called]
[WARNING] [2024-09-24 19:41:27,033] [pharmacy_proj.custom_middleware.py] [Time zone set to default]
[INFO] [2024-09-24 19:41:27,033] [pharmacy_app.views.py] [home_view is called]
[INFO] [2024-09-24 19:41:27,033] [pharmacy_app.views.py] [User is client or not authenticated]
[WARNING] [2024-09-24 19:41:27,220] [pharmacy_proj.custom_middleware.py] [Time zone set to default]
[WARNING] [2024-09-24 19:41:27,233] [pharmacy_proj.custom_middleware.py] [Time zone set to default]
[WARNING] [2024-09-24 19:41:27,244] [pharmacy_proj.custom_middleware.py] [Time zone set to default]
[WARNING] [2024-09-24 19:41:27,251] [pharmacy_proj.custom_middleware.py] [Time zone set to default]
[WARNING] [2024-09-24 19:41:31,511] [pharmacy_proj.custom_middleware.py] [Time zone set to default]
[WARNING] [2024-09-24 19:41:31,742] [pharmacy_proj.custom_middleware.py] [Time zone set to default]
[WARNING] [2024-09-24 19:41:31,743] [pharmacy_proj.custom_middleware.py] [Time zone set to default]
[WARNING] [2024-09-24 19:41:31,749] [pharmacy_proj.custom_middleware.py] [Time zone set to default]
[WARNING] [2024-09-24 19:50:03,064] [pharmacy_proj.custom_middleware.py] [Time zone set to default]
[WARNING] [2024-09-24 19:51:01,514] [pharmacy_proj.custom_middleware.py] [Time zone set to default]
[INFO] [2024-09-25 11:15:57,823] [django.utils.autoreload.py] [Watching for file changes with StatReloader]
[WARNING] [2024-09-25 11:16:01,162] [pharmacy_proj.custom_middleware.py] [Time zone set to default]
[INFO] [2024-09-25 11:16:01,162] [pharmacy_app.views.py] [default_view is called]
[WARNING] [2024-09-25 11:16:01,174] [pharmacy_proj.custom_middleware.py] [Time zone set to default]
[INFO] [2024-09-25 11:16:01,174] [pharmacy_app.views.py] [home_view is called]
[INFO] [2024-09-25 11:16:01,174] [pharmacy_app.views.py] [User is client or not authenticated]
[WARNING] [2024-09-25 11:16:01,292] [pharmacy_proj.custom_middleware.py] [Time zone set to default]
[WARNING] [2024-09-25 11:16:01,294] [pharmacy_proj.custom_middleware.py] [Time zone set to default]
[WARNING] [2024-09-25 11:16:01,298] [pharmacy_proj.custom_middleware.py] [Time zone set to default]
[WARNING] [2024-09-25 11:16:01,298] [pharmacy_proj.custom_middleware.py] [Time zone set to default]
[WARNING] [2024-09-25 11:16:04,949] [pharmacy_proj.custom_middleware.py] [Time zone set to default]
[WARNING] [2024-09-25 11:16:32,561] [pharmacy_proj.custom_middleware.py] [Time zone set to default]
[WARNING] [2024-09-25 11:17:04,022] [pharmacy_proj.custom_middleware.py] [Time zone set to default]
[WARNING] [2024-09-25 11:17:21,356] [pharmacy_proj.custom_middleware.py] [Time zone set to default]
[WARNING] [2024-09-25 11:17:37,264] [pharmacy_proj.custom_middleware.py] [Time zone set to default]
[WARNING] [2024-09-25 11:19:56,419] [pharmacy_proj.custom_middleware.py] [Time zone set to default]
[WARNING] [2024-09-25 11:36:45,390] [pharmacy_proj.custom_middleware.py] [Time zone set to default]
[WARNING] [2024-09-25 11:37:47,623] [pharmacy_proj.custom_middleware.py] [Time zone set to default]
[WARNING] [2024-09-25 11:38:19,111] [pharmacy_proj.custom_middleware.py] [Time zone set to default]
[INFO] [2024-09-25 12:26:10,583] [django.utils.autoreload.py] [Watching for file changes with StatReloader]
[WARNING] [2024-09-25 12:26:54,835] [pharmacy_proj.custom_middleware.py] [Time zone set to default]
[INFO] [2024-09-25 12:26:54,835] [pharmacy_app.views.py] [default_view is called]
[WARNING] [2024-09-25 12:26:54,868] [pharmacy_proj.custom_middleware.py] [Time zone set to default]
[INFO] [2024-09-25 12:26:54,868] [pharmacy_app.views.py] [home_view is called]
[INFO] [2024-09-25 12:26:54,868] [pharmacy_app.views.py] [User is client or not authenticated]
[INFO] [2024-09-25 12:45:36,204] [django.utils.autoreload.py] [Watching for file changes with StatReloader]
[WARNING] [2024-09-25 12:45:44,080] [pharmacy_proj.custom_middleware.py] [Time zone set to default]
[INFO] [2024-09-25 12:45:44,081] [pharmacy_app.views.py] [default_view is called]
[WARNING] [2024-09-25 12:45:44,142] [pharmacy_proj.custom_middleware.py] [Time zone set to default]
[INFO] [2024-09-25 12:45:44,142] [pharmacy_app.views.py] [home_view is called]
[INFO] [2024-09-25 12:45:44,144] [pharmacy_app.views.py] [User is client or not authenticated]
[WARNING] [2024-09-25 12:46:33,915] [pharmacy_proj.custom_middleware.py] [Time zone set to default]
[INFO] [2024-09-25 12:46:33,916] [pharmacy_app.views.py] [news_view is called]
[WARNING] [2024-09-25 12:46:34,098] [pharmacy_proj.custom_middleware.py] [Time zone set to default]
[WARNING] [2024-09-25 12:46:40,912] [pharmacy_proj.custom_middleware.py] [Time zone set to default]
[WARNING] [2024-09-25 12:47:01,149] [pharmacy_proj.custom_middleware.py] [Time zone set to default]
[INFO] [2024-09-25 12:47:01,150] [pharmacy_app.views.py] [questions_view is called]
[WARNING] [2024-09-25 12:47:10,938] [pharmacy_proj.custom_middleware.py] [Time zone set to default]
[WARNING] [2024-09-25 12:47:10,962] [pharmacy_proj.custom_middleware.py] [Time zone set to default]
[INFO] [2024-09-25 12:47:10,964] [pharmacy_app.views.py] [login_view is called]
[WARNING] [2024-09-25 12:47:15,491] [pharmacy_proj.custom_middleware.py] [Time zone set to default]
[INFO] [2024-09-25 12:47:15,491] [pharmacy_app.views.py] [news_view is called]
[WARNING] [2024-09-25 12:47:17,129] [pharmacy_proj.custom_middleware.py] [Time zone set to default]
[INFO] [2024-09-25 12:47:17,129] [pharmacy_app.views.py] [home_view is called]
[INFO] [2024-09-25 12:47:17,129] [pharmacy_app.views.py] [User is client or not authenticated]
[WARNING] [2024-09-25 12:47:19,668] [pharmacy_proj.custom_middleware.py] [Time zone set to default]
[WARNING] [2024-09-25 12:47:19,684] [pharmacy_proj.custom_middleware.py] [Time zone set to default]
[INFO] [2024-09-25 12:47:19,684] [pharmacy_app.views.py] [login_view is called]
[WARNING] [2024-09-25 12:47:27,169] [pharmacy_proj.custom_middleware.py] [Time zone set to default]
[INFO] [2024-09-25 12:47:27,169] [pharmacy_app.views.py] [login_view is called]
[INFO] [2024-09-25 12:47:27,866] [pharmacy_app.views.py] [Form is valid]
[WARNING] [2024-09-25 12:47:30,678] [pharmacy_proj.custom_middleware.py] [Asia/Chongqing time zone is activated]
[INFO] [2024-09-25 12:47:30,700] [pharmacy_app.views.py] [home_view is called]
[INFO] [2024-09-25 12:47:30,700] [pharmacy_app.views.py] [User is client or not authenticated]
[WARNING] [2024-09-25 12:47:33,059] [pharmacy_proj.custom_middleware.py] [Asia/Chongqing time zone is activated]
[INFO] [2024-09-25 12:47:33,059] [pharmacy_app.views.py] [shop_view is called]
[INFO] [2024-09-25 12:47:33,059] [pharmacy_app.views.py] [Form is valid]
[WARNING] [2024-09-25 12:47:33,286] [pharmacy_proj.custom_middleware.py] [Asia/Chongqing time zone is activated]
[WARNING] [2024-09-25 12:47:33,300] [pharmacy_proj.custom_middleware.py] [Asia/Chongqing time zone is activated]
[WARNING] [2024-09-25 12:47:33,325] [pharmacy_proj.custom_middleware.py] [Asia/Chongqing time zone is activated]
[WARNING] [2024-09-25 12:47:33,383] [pharmacy_proj.custom_middleware.py] [Asia/Chongqing time zone is activated]
[WARNING] [2024-09-25 12:47:33,383] [pharmacy_proj.custom_middleware.py] [Asia/Chongqing time zone is activated]
[WARNING] [2024-09-25 12:47:43,519] [pharmacy_proj.custom_middleware.py] [Asia/Chongqing time zone is activated]
[INFO] [2024-09-25 12:47:43,519] [pharmacy_app.views.py] [shop_view is called]
[INFO] [2024-09-25 12:47:43,519] [pharmacy_app.views.py] [Form is valid]
[WARNING] [2024-09-25 12:47:49,757] [pharmacy_proj.custom_middleware.py] [Asia/Chongqing time zone is activated]
[INFO] [2024-09-25 12:47:49,757] [pharmacy_app.views.py] [shop_order_view is called]
[WARNING] [2024-09-25 12:51:32,354] [pharmacy_proj.custom_middleware.py] [Asia/Chongqing time zone is activated]
[WARNING] [2024-09-25 12:54:36,419] [pharmacy_proj.custom_middleware.py] [Asia/Chongqing time zone is activated]
[WARNING] [2024-09-25 12:54:36,681] [pharmacy_proj.custom_middleware.py] [Asia/Chongqing time zone is activated]
[WARNING] [2024-09-25 12:54:36,686] [pharmacy_proj.custom_middleware.py] [Asia/Chongqing time zone is activated]
[WARNING] [2024-09-25 12:54:36,691] [pharmacy_proj.custom_middleware.py] [Asia/Chongqing time zone is activated]
[WARNING] [2024-09-25 12:54:36,725] [pharmacy_proj.custom_middleware.py] [Asia/Chongqing time zone is activated]
